Date,ProductID,WarehouseID,OnHand,UnitCost
2017-01-31,P001,6,568,2867.51
2017-02-28,P001,6,369,2867.51
2017-03-31,P001,6,165,2867.51
2017-04-30,P001,6,216,2867.51
2017-05-31,P001,6,69,2867.51
2017-06-30,P001,6,76,2867.51
2017-07-31,P001,6,244,2867.51
2017-08-31,P001,6,62,2867.51
2017-09-30,P001,6,44,2867.51
2017-10-31,P001,6,233,2867.51
2017-11-30,P001,6,220,2867.51
2017-12-31,P001,6,37,2867.51
2017-01-31,P001,8,28,2867.51
2017-02-28,P001,8,60,2867.51
2017-03-31,P001,8,66,2867.51
2017-04-30,P001,8,66,2867.51
2017-05-31,P001,8,49,2867.51
2017-06-30,P001,8,65,2867.51
2017-07-31,P001,8,59,2867.51
2017-08-31,P001,8,71,2867.51
2017-09-30,P001,8,74,2867.51
2017-10-31,P001,8,89,2867.51
2017-11-30,P001,8,90,2867.51
2017-12-31,P001,8,73,2867.51
2017-01-31,P001,9,113,2867.51
2017-02-28,P001,9,32,2867.51
2017-03-31,P001,9,46,2867.51
2017-04-30,P001,9,51,2867.51
2017-05-31,P001,9,47,2867.51
2017-06-30,P001,9,54,2867.51
2017-07-31,P001,9,51,2867.51
2017-08-31,P001,9,75,2867.51
2017-09-30,P001,9,105,2867.51
2017-10-31,P001,9,116,2867.51
2017-11-30,P001,9,107,2867.51
2017-12-31,P001,9,102,2867.51
2017-01-31,P002,3,0,2326.27
2017-02-28,P002,3,0,2326.27
2017-03-31,P002,3,0,2326.27
2017-04-30,P002,3,0,2326.27
2017-05-31,P002,3,0,2326.27
2017-06-30,P002,3,0,2326.27
2017-07-31,P002,3,0,2326.27
2017-08-31,P002,3,0,2326.27
2017-09-30,P002,3,0,2326.27
2017-10-31,P002,3,0,2326.27
2017-11-30,P002,3,0,2326.27
2017-12-31,P002,3,0,2326.27
2017-01-31,P002,7,122,2326.27
2017-02-28,P002,7,117,2326.27
2017-03-31,P002,7,120,2326.27
2017-04-30,P002,7,138,2326.27
2017-05-31,P002,7,144,2326.27
2017-06-30,P002,7,145,2326.27
2017-07-31,P002,7,133,2326.27
2017-08-31,P002,7,152,2326.27
2017-09-30,P002,7,146,2326.27
2017-10-31,P002,7,156,2326.27
2017-11-30,P002,7,48,2326.27
2017-12-31,P002,7,44,2326.27
2017-01-31,P002,8,53,2326.27
2017-02-28,P002,8,19,2326.27
2017-03-31,P002,8,9,2326.27
2017-04-30,P002,8,9,2326.27
2017-05-31,P002,8,6,2326.27
2017-06-30,P002,8,17,2326.27
2017-07-31,P002,8,30,2326.27
2017-08-31,P002,8,36,2326.27
2017-09-30,P002,8,19,2326.27
2017-10-31,P002,8,24,2326.27
2017-11-30,P002,8,12,2326.27
2017-12-31,P002,8,23,2326.27
2017-01-31,P003,2,28,2035.18
2017-02-28,P003,2,30,2035.18
2017-03-31,P003,2,24,2035.18
2017-04-30,P003,2,32,2035.18
2017-05-31,P003,2,33,2035.18
2017-06-30,P003,2,12,2035.18
2017-07-31,P003,2,16,2035.18
2017-08-31,P003,2,14,2035.18
2017-09-30,P003,2,16,2035.18
2017-10-31,P003,2,5,2035.18
2017-11-30,P003,2,14,2035.18
2017-12-31,P003,2,17,2035.18
2017-01-31,P003,5,109,2035.18
2017-02-28,P003,5,128,2035.18
2017-03-31,P003,5,146,2035.18
2017-04-30,P003,5,140,2035.18
2017-05-31,P003,5,152,2035.18
2017-06-30,P003,5,35,2035.18
2017-07-31,P003,5,163,2035.18
2017-08-31,P003,5,150,2035.18
2017-09-30,P003,5,42,2035.18
2017-10-31,P003,5,45,2035.18
2017-11-30,P003,5,53,2035.18
2017-12-31,P003,5,61,2035.18
2017-01-31,P003,6,511,2035.18
2017-02-28,P003,6,361,2035.18
2017-03-31,P003,6,166,2035.18
2017-04-30,P003,6,209,2035.18
2017-05-31,P003,6,230,2035.18
2017-06-30,P003,6,81,2035.18
2017-07-31,P003,6,85,2035.18
2017-08-31,P003,6,96,2035.18
2017-09-30,P003,6,142,2035.18
2017-10-31,P003,6,155,2035.18
2017-11-30,P003,6,137,2035.18
2017-12-31,P003,6,155,2035.18
2017-01-31,P004,3,24,2144.4
2017-02-28,P004,3,22,2144.4
2017-03-31,P004,3,25,2144.4
2017-04-30,P004,3,23,2144.4
2017-05-31,P004,3,29,2144.4
2017-06-30,P004,3,0,2144.4
2017-07-31,P004,3,3,2144.4
2017-08-31,P004,3,6,2144.4
2017-09-30,P004,3,3,2144.4
2017-10-31,P004,3,32,2144.4
2017-11-30,P004,3,1,2144.4
2017-12-31,P004,3,0,2144.4
2017-01-31,P004,4,0,2144.4
2017-02-28,P004,4,0,2144.4
2017-03-31,P004,4,0,2144.4
2017-04-30,P004,4,0,2144.4
2017-05-31,P004,4,0,2144.4
2017-06-30,P004,4,0,2144.4
2017-07-31,P004,4,0,2144.4
2017-08-31,P004,4,0,2144.4
2017-09-30,P004,4,0,2144.4
2017-10-31,P004,4,0,2144.4
2017-11-30,P004,4,0,2144.4
2017-12-31,P004,4,0,2144.4
2017-01-31,P004,6,47,2144.4
2017-02-28,P004,6,58,2144.4
2017-03-31,P004,6,68,2144.4
2017-04-30,P004,6,67,2144.4
2017-05-31,P004,6,79,2144.4
2017-06-30,P004,6,72,2144.4
2017-07-31,P004,6,67,2144.4
2017-08-31,P004,6,79,2144.4
2017-09-30,P004,6,104,2144.4
2017-10-31,P004,6,102,2144.4
2017-11-30,P004,6,100,2144.4
2017-12-31,P004,6,93,2144.4
2017-01-31,P005,3,0,2012.11
2017-02-28,P005,3,0,2012.11
2017-03-31,P005,3,0,2012.11
2017-04-30,P005,3,0,2012.11
2017-05-31,P005,3,0,2012.11
2017-06-30,P005,3,0,2012.11
2017-07-31,P005,3,0,2012.11
2017-08-31,P005,3,0,2012.11
2017-09-30,P005,3,0,2012.11
2017-10-31,P005,3,0,2012.11
2017-11-30,P005,3,0,2012.11
2017-12-31,P005,3,0,2012.11
2017-01-31,P005,7,115,2012.11
2017-02-28,P005,7,132,2012.11
2017-03-31,P005,7,113,2012.11
2017-04-30,P005,7,163,2012.11
2017-05-31,P005,7,199,2012.11
2017-06-30,P005,7,54,2012.11
2017-07-31,P005,7,73,2012.11
2017-08-31,P005,7,72,2012.11
2017-09-30,P005,7,49,2012.11
2017-10-31,P005,7,67,2012.11
2017-11-30,P005,7,75,2012.11
2017-12-31,P005,7,79,2012.11
2017-01-31,P005,8,226,2012.11
2017-02-28,P005,8,56,2012.11
2017-03-31,P005,8,76,2012.11
2017-04-30,P005,8,98,2012.11
2017-05-31,P005,8,78,2012.11
2017-06-30,P005,8,86,2012.11
2017-07-31,P005,8,106,2012.11
2017-08-31,P005,8,121,2012.11
2017-09-30,P005,8,136,2012.11
2017-10-31,P005,8,128,2012.11
2017-11-30,P005,8,160,2012.11
2017-12-31,P005,8,106,2012.11
2017-01-31,P006,2,413,1925.13
2017-02-28,P006,2,250,1925.13
2017-03-31,P006,2,57,1925.13
2017-04-30,P006,2,38,1925.13
2017-05-31,P006,2,36,1925.13
2017-06-30,P006,2,31,1925.13
2017-07-31,P006,2,192,1925.13
2017-08-31,P006,2,28,1925.13
2017-09-30,P006,2,37,1925.13
2017-10-31,P006,2,92,1925.13
2017-11-30,P006,2,125,1925.13
2017-12-31,P006,2,140,1925.13
2017-01-31,P006,6,106,1925.13
2017-02-28,P006,6,106,1925.13
2017-03-31,P006,6,106,1925.13
2017-04-30,P006,6,106,1925.13
2017-05-31,P006,6,106,1925.13
2017-06-30,P006,6,106,1925.13
2017-07-31,P006,6,106,1925.13
2017-08-31,P006,6,106,1925.13
2017-09-30,P006,6,106,1925.13
2017-10-31,P006,6,106,1925.13
2017-11-30,P006,6,106,1925.13
2017-12-31,P006,6,106,1925.13
2017-01-31,P006,8,56,1925.13
2017-02-28,P006,8,83,1925.13
2017-03-31,P006,8,90,1925.13
2017-04-30,P006,8,105,1925.13
2017-05-31,P006,8,80,1925.13
2017-06-30,P006,8,110,1925.13
2017-07-31,P006,8,128,1925.13
2017-08-31,P006,8,109,1925.13
2017-09-30,P006,8,98,1925.13
2017-10-31,P006,8,126,1925.13
2017-11-30,P006,8,17,1925.13
2017-12-31,P006,8,28,1925.13
2017-01-31,P007,3,31,2101.59
2017-02-28,P007,3,33,2101.59
2017-03-31,P007,3,34,2101.59
2017-04-30,P007,3,1,2101.59
2017-05-31,P007,3,32,2101.59
2017-06-30,P007,3,29,2101.59
2017-07-31,P007,3,28,2101.59
2017-08-31,P007,3,27,2101.59
2017-09-30,P007,3,29,2101.59
2017-10-31,P007,3,29,2101.59
2017-11-30,P007,3,28,2101.59
2017-12-31,P007,3,26,2101.59
2017-01-31,P007,8,93,2101.59
2017-02-28,P007,8,108,2101.59
2017-03-31,P007,8,104,2101.59
2017-04-30,P007,8,95,2101.59
2017-05-31,P007,8,114,2101.59
2017-06-30,P007,8,28,2101.59
2017-07-31,P007,8,38,2101.59
2017-08-31,P007,8,35,2101.59
2017-09-30,P007,8,47,2101.59
2017-10-31,P007,8,63,2101.59
2017-11-30,P007,8,43,2101.59
2017-12-31,P007,8,29,2101.59
2017-01-31,P007,9,100,2101.59
2017-02-28,P007,9,119,2101.59
2017-03-31,P007,9,129,2101.59
2017-04-30,P007,9,142,2101.59
2017-05-31,P007,9,150,2101.59
2017-06-30,P007,9,39,2101.59
2017-07-31,P007,9,45,2101.59
2017-08-31,P007,9,51,2101.59
2017-09-30,P007,9,46,2101.59
2017-10-31,P007,9,66,2101.59
2017-11-30,P007,9,52,2101.59
2017-12-31,P007,9,35,2101.59
2017-01-31,P008,1,0,1780.35
2017-02-28,P008,1,0,1780.35
2017-03-31,P008,1,0,1780.35
2017-04-30,P008,1,0,1780.35
2017-05-31,P008,1,0,1780.35
2017-06-30,P008,1,0,1780.35
2017-07-31,P008,1,0,1780.35
2017-08-31,P008,1,0,1780.35
2017-09-30,P008,1,0,1780.35
2017-10-31,P008,1,0,1780.35
2017-11-30,P008,1,0,1780.35
2017-12-31,P008,1,0,1780.35
2017-01-31,P008,4,154,1780.35
2017-02-28,P008,4,154,1780.35
2017-03-31,P008,4,154,1780.35
2017-04-30,P008,4,154,1780.35
2017-05-31,P008,4,154,1780.35
2017-06-30,P008,4,154,1780.35
2017-07-31,P008,4,154,1780.35
2017-08-31,P008,4,154,1780.35
2017-09-30,P008,4,154,1780.35
2017-10-31,P008,4,154,1780.35
2017-11-30,P008,4,154,1780.35
2017-12-31,P008,4,154,1780.35
2017-01-31,P008,7,128,1780.35
2017-02-28,P008,7,120,1780.35
2017-03-31,P008,7,109,1780.35
2017-04-30,P008,7,98,1780.35
2017-05-31,P008,7,107,1780.35
2017-06-30,P008,7,128,1780.35
2017-07-31,P008,7,109,1780.35
2017-08-31,P008,7,118,1780.35
2017-09-30,P008,7,150,1780.35
2017-10-31,P008,7,159,1780.35
2017-11-30,P008,7,42,1780.35
2017-12-31,P008,7,50,1780.35
2017-01-31,P009,1,49,1793.53
2017-02-28,P009,1,67,1793.53
2017-03-31,P009,1,69,1793.53
2017-04-30,P009,1,16,1793.53
2017-05-31,P009,1,62,1793.53
2017-06-30,P009,1,63,1793.53
2017-07-31,P009,1,74,1793.53
2017-08-31,P009,1,17,1793.53
2017-09-30,P009,1,24,1793.53
2017-10-31,P009,1,22,1793.53
2017-11-30,P009,1,30,1793.53
2017-12-31,P009,1,32,1793.53
2017-01-31,P009,3,95,1793.53
2017-02-28,P009,3,116,1793.53
2017-03-31,P009,3,32,1793.53
2017-04-30,P009,3,26,1793.53
2017-05-31,P009,3,41,1793.53
2017-06-30,P009,3,51,1793.53
2017-07-31,P009,3,46,1793.53
2017-08-31,P009,3,40,1793.53
2017-09-30,P009,3,41,1793.53
2017-10-31,P009,3,47,1793.53
2017-11-30,P009,3,59,1793.53
2017-12-31,P009,3,68,1793.53
2017-01-31,P009,8,464,1793.53
2017-02-28,P009,8,333,1793.53
2017-03-31,P009,8,207,1793.53
2017-04-30,P009,8,94,1793.53
2017-05-31,P009,8,68,1793.53
2017-06-30,P009,8,90,1793.53
2017-07-31,P009,8,104,1793.53
2017-08-31,P009,8,77,1793.53
2017-09-30,P009,8,102,1793.53
2017-10-31,P009,8,103,1793.53
2017-11-30,P009,8,133,1793.53
2017-12-31,P009,8,173,1793.53
2017-01-31,P010,4,160,1940.18
2017-02-28,P010,4,177,1940.18
2017-03-31,P010,4,34,1940.18
2017-04-30,P010,4,53,1940.18
2017-05-31,P010,4,49,1940.18
2017-06-30,P010,4,96,1940.18
2017-07-31,P010,4,86,1940.18
2017-08-31,P010,4,85,1940.18
2017-09-30,P010,4,92,1940.18
2017-10-31,P010,4,122,1940.18
2017-11-30,P010,4,140,1940.18
2017-12-31,P010,4,160,1940.18
2017-01-31,P010,6,72,1940.18
2017-02-28,P010,6,62,1940.18
2017-03-31,P010,6,60,1940.18
2017-04-30,P010,6,68,1940.18
2017-05-31,P010,6,58,1940.18
2017-06-30,P010,6,62,1940.18
2017-07-31,P010,6,67,1940.18
2017-08-31,P010,6,117,1940.18
2017-09-30,P010,6,16,1940.18
2017-10-31,P010,6,17,1940.18
2017-11-30,P010,6,59,1940.18
2017-12-31,P010,6,22,1940.18
2017-01-31,P010,9,28,1940.18
2017-02-28,P010,9,26,1940.18
2017-03-31,P010,9,25,1940.18
2017-04-30,P010,9,31,1940.18
2017-05-31,P010,9,34,1940.18
2017-06-30,P010,9,43,1940.18
2017-07-31,P010,9,48,1940.18
2017-08-31,P010,9,39,1940.18
2017-09-30,P010,9,39,1940.18
2017-10-31,P010,9,51,1940.18
2017-11-30,P010,9,54,1940.18
2017-12-31,P010,9,41,1940.18
2017-01-31,P011,5,42,1888.33
2017-02-28,P011,5,45,1888.33
2017-03-31,P011,5,38,1888.33
2017-04-30,P011,5,45,1888.33
2017-05-31,P011,5,64,1888.33
2017-06-30,P011,5,60,1888.33
2017-07-31,P011,5,76,1888.33
2017-08-31,P011,5,15,1888.33
2017-09-30,P011,5,27,1888.33
2017-10-31,P011,5,25,1888.33
2017-11-30,P011,5,31,1888.33
2017-12-31,P011,5,37,1888.33
2017-01-31,P011,8,34,1888.33
2017-02-28,P011,8,12,1888.33
2017-03-31,P011,8,7,1888.33
2017-04-30,P011,8,20,1888.33
2017-05-31,P011,8,24,1888.33
2017-06-30,P011,8,34,1888.33
2017-07-31,P011,8,36,1888.33
2017-08-31,P011,8,37,1888.33
2017-09-30,P011,8,10,1888.33
2017-10-31,P011,8,12,1888.33
2017-11-30,P011,8,20,1888.33
2017-12-31,P011,8,19,1888.33
2017-01-31,P011,9,69,1888.33
2017-02-28,P011,9,80,1888.33
2017-03-31,P011,9,18,1888.33
2017-04-30,P011,9,32,1888.33
2017-05-31,P011,9,40,1888.33
2017-06-30,P011,9,54,1888.33
2017-07-31,P011,9,57,1888.33
2017-08-31,P011,9,66,1888.33
2017-09-30,P011,9,63,1888.33
2017-10-31,P011,9,63,1888.33
2017-11-30,P011,9,66,1888.33
2017-12-31,P011,9,70,1888.33
2017-01-31,P012,1,156,1781.47
2017-02-28,P012,1,99,1781.47
2017-03-31,P012,1,40,1781.47
2017-04-30,P012,1,53,1781.47
2017-05-31,P012,1,54,1781.47
2017-06-30,P012,1,50,1781.47
2017-07-31,P012,1,63,1781.47
2017-08-31,P012,1,51,1781.47
2017-09-30,P012,1,53,1781.47
2017-10-31,P012,1,43,1781.47
2017-11-30,P012,1,36,1781.47
2017-12-31,P012,1,36,1781.47
2017-01-31,P012,4,58,1781.47
2017-02-28,P012,4,64,1781.47
2017-03-31,P012,4,52,1781.47
2017-04-30,P012,4,62,1781.47
2017-05-31,P012,4,49,1781.47
2017-06-30,P012,4,57,1781.47
2017-07-31,P012,4,63,1781.47
2017-08-31,P012,4,67,1781.47
2017-09-30,P012,4,23,1781.47
2017-10-31,P012,4,25,1781.47
2017-11-30,P012,4,15,1781.47
2017-12-31,P012,4,15,1781.47
2017-01-31,P012,5,121,1781.47
2017-02-28,P012,5,131,1781.47
2017-03-31,P012,5,125,1781.47
2017-04-30,P012,5,151,1781.47
2017-05-31,P012,5,142,1781.47
2017-06-30,P012,5,183,1781.47
2017-07-31,P012,5,187,1781.47
2017-08-31,P012,5,165,1781.47
2017-09-30,P012,5,193,1781.47
2017-10-31,P012,5,187,1781.47
2017-11-30,P012,5,216,1781.47
2017-12-31,P012,5,194,1781.47
2017-01-31,P013,1,101,1723.83
2017-02-28,P013,1,105,1723.83
2017-03-31,P013,1,116,1723.83
2017-04-30,P013,1,111,1723.83
2017-05-31,P013,1,101,1723.83
2017-06-30,P013,1,109,1723.83
2017-07-31,P013,1,92,1723.83
2017-08-31,P013,1,93,1723.83
2017-09-30,P013,1,95,1723.83
2017-10-31,P013,1,110,1723.83
2017-11-30,P013,1,115,1723.83
2017-12-31,P013,1,117,1723.83
2017-01-31,P013,6,369,1723.83
2017-02-28,P013,6,245,1723.83
2017-03-31,P013,6,119,1723.83
2017-04-30,P013,6,132,1723.83
2017-05-31,P013,6,127,1723.83
2017-06-30,P013,6,109,1723.83
2017-07-31,P013,6,108,1723.83
2017-08-31,P013,6,117,1723.83
2017-09-30,P013,6,107,1723.83
2017-10-31,P013,6,118,1723.83
2017-11-30,P013,6,141,1723.83
2017-12-31,P013,6,130,1723.83
2017-01-31,P013,7,0,1723.83
2017-02-28,P013,7,0,1723.83
2017-03-31,P013,7,0,1723.83
2017-04-30,P013,7,0,1723.83
2017-05-31,P013,7,0,1723.83
2017-06-30,P013,7,0,1723.83
2017-07-31,P013,7,0,1723.83
2017-08-31,P013,7,0,1723.83
2017-09-30,P013,7,0,1723.83
2017-10-31,P013,7,0,1723.83
2017-11-30,P013,7,0,1723.83
2017-12-31,P013,7,0,1723.83
2017-01-31,P014,1,89,1504.08
2017-02-28,P014,1,89,1504.08
2017-03-31,P014,1,89,1504.08
2017-04-30,P014,1,89,1504.08
2017-05-31,P014,1,89,1504.08
2017-06-30,P014,1,89,1504.08
2017-07-31,P014,1,89,1504.08
2017-08-31,P014,1,89,1504.08
2017-09-30,P014,1,89,1504.08
2017-10-31,P014,1,89,1504.08
2017-11-30,P014,1,89,1504.08
2017-12-31,P014,1,89,1504.08
2017-01-31,P014,5,22,1504.08
2017-02-28,P014,5,82,1504.08
2017-03-31,P014,5,80,1504.08
2017-04-30,P014,5,67,1504.08
2017-05-31,P014,5,41,1504.08
2017-06-30,P014,5,27,1504.08
2017-07-31,P014,5,77,1504.08
2017-08-31,P014,5,65,1504.08
2017-09-30,P014,5,64,1504.08
2017-10-31,P014,5,68,1504.08
2017-11-30,P014,5,61,1504.08
2017-12-31,P014,5,76,1504.08
2017-01-31,P014,6,19,1504.08
2017-02-28,P014,6,28,1504.08
2017-03-31,P014,6,30,1504.08
2017-04-30,P014,6,0,1504.08
2017-05-31,P014,6,30,1504.08
2017-06-30,P014,6,24,1504.08
2017-07-31,P014,6,16,1504.08
2017-08-31,P014,6,11,1504.08
2017-09-30,P014,6,21,1504.08
2017-10-31,P014,6,32,1504.08
2017-11-30,P014,6,32,1504.08
2017-12-31,P014,6,28,1504.08
2017-01-31,P015,2,39,1499.26
2017-02-28,P015,2,49,1499.26
2017-03-31,P015,2,48,1499.26
2017-04-30,P015,2,48,1499.26
2017-05-31,P015,2,54,1499.26
2017-06-30,P015,2,49,1499.26
2017-07-31,P015,2,42,1499.26
2017-08-31,P015,2,27,1499.26
2017-09-30,P015,2,41,1499.26
2017-10-31,P015,2,40,1499.26
2017-11-30,P015,2,38,1499.26
2017-12-31,P015,2,34,1499.26
2017-01-31,P015,5,55,1499.26
2017-02-28,P015,5,59,1499.26
2017-03-31,P015,5,56,1499.26
2017-04-30,P015,5,57,1499.26
2017-05-31,P015,5,53,1499.26
2017-06-30,P015,5,52,1499.26
2017-07-31,P015,5,53,1499.26
2017-08-31,P015,5,48,1499.26
2017-09-30,P015,5,54,1499.26
2017-10-31,P015,5,73,1499.26
2017-11-30,P015,5,66,1499.26
2017-12-31,P015,5,8,1499.26
2017-01-31,P015,6,362,1499.26
2017-02-28,P015,6,232,1499.26
2017-03-31,P015,6,48,1499.26
2017-04-30,P015,6,63,1499.26
2017-05-31,P015,6,96,1499.26
2017-06-30,P015,6,113,1499.26
2017-07-31,P015,6,120,1499.26
2017-08-31,P015,6,137,1499.26
2017-09-30,P015,6,145,1499.26
2017-10-31,P015,6,133,1499.26
2017-11-30,P015,6,102,1499.26
2017-12-31,P015,6,106,1499.26
2017-01-31,P016,1,17,1540.35
2017-02-28,P016,1,17,1540.35
2017-03-31,P016,1,17,1540.35
2017-04-30,P016,1,17,1540.35
2017-05-31,P016,1,17,1540.35
2017-06-30,P016,1,17,1540.35
2017-07-31,P016,1,17,1540.35
2017-08-31,P016,1,17,1540.35
2017-09-30,P016,1,17,1540.35
2017-10-31,P016,1,17,1540.35
2017-11-30,P016,1,17,1540.35
2017-12-31,P016,1,17,1540.35
2017-01-31,P016,4,49,1540.35
2017-02-28,P016,4,51,1540.35
2017-03-31,P016,4,44,1540.35
2017-04-30,P016,4,38,1540.35
2017-05-31,P016,4,43,1540.35
2017-06-30,P016,4,44,1540.35
2017-07-31,P016,4,43,1540.35
2017-08-31,P016,4,22,1540.35
2017-09-30,P016,4,28,1540.35
2017-10-31,P016,4,29,1540.35
2017-11-30,P016,4,29,1540.35
2017-12-31,P016,4,21,1540.35
2017-01-31,P016,5,56,1540.35
2017-02-28,P016,5,58,1540.35
2017-03-31,P016,5,69,1540.35
2017-04-30,P016,5,60,1540.35
2017-05-31,P016,5,52,1540.35
2017-06-30,P016,5,62,1540.35
2017-07-31,P016,5,72,1540.35
2017-08-31,P016,5,67,1540.35
2017-09-30,P016,5,23,1540.35
2017-10-31,P016,5,19,1540.35
2017-11-30,P016,5,28,1540.35
2017-12-31,P016,5,32,1540.35
2017-01-31,P017,1,0,1671.95
2017-02-28,P017,1,0,1671.95
2017-03-31,P017,1,0,1671.95
2017-04-30,P017,1,0,1671.95
2017-05-31,P017,1,0,1671.95
2017-06-30,P017,1,0,1671.95
2017-07-31,P017,1,0,1671.95
2017-08-31,P017,1,0,1671.95
2017-09-30,P017,1,0,1671.95
2017-10-31,P017,1,0,1671.95
2017-11-30,P017,1,0,1671.95
2017-12-31,P017,1,0,1671.95
2017-01-31,P017,2,0,1671.95
2017-02-28,P017,2,0,1671.95
2017-03-31,P017,2,0,1671.95
2017-04-30,P017,2,0,1671.95
2017-05-31,P017,2,0,1671.95
2017-06-30,P017,2,0,1671.95
2017-07-31,P017,2,0,1671.95
2017-08-31,P017,2,0,1671.95
2017-09-30,P017,2,0,1671.95
2017-10-31,P017,2,0,1671.95
2017-11-30,P017,2,0,1671.95
2017-12-31,P017,2,0,1671.95
2017-01-31,P017,3,37,1671.95
2017-02-28,P017,3,12,1671.95
2017-03-31,P017,3,10,1671.95
2017-04-30,P017,3,7,1671.95
2017-05-31,P017,3,9,1671.95
2017-06-30,P017,3,13,1671.95
2017-07-31,P017,3,21,1671.95
2017-08-31,P017,3,24,1671.95
2017-09-30,P017,3,26,1671.95
2017-10-31,P017,3,26,1671.95
2017-11-30,P017,3,25,1671.95
2017-12-31,P017,3,25,1671.95
2017-01-31,P018,2,86,1706.95
2017-02-28,P018,2,92,1706.95
2017-03-31,P018,2,96,1706.95
2017-04-30,P018,2,92,1706.95
2017-05-31,P018,2,88,1706.95
2017-06-30,P018,2,82,1706.95
2017-07-31,P018,2,78,1706.95
2017-08-31,P018,2,81,1706.95
2017-09-30,P018,2,101,1706.95
2017-10-31,P018,2,116,1706.95
2017-11-30,P018,2,31,1706.95
2017-12-31,P018,2,50,1706.95
2017-01-31,P018,4,35,1706.95
2017-02-28,P018,4,44,1706.95
2017-03-31,P018,4,32,1706.95
2017-04-30,P018,4,38,1706.95
2017-05-31,P018,4,21,1706.95
2017-06-30,P018,4,26,1706.95
2017-07-31,P018,4,28,1706.95
2017-08-31,P018,4,39,1706.95
2017-09-30,P018,4,34,1706.95
2017-10-31,P018,4,39,1706.95
2017-11-30,P018,4,37,1706.95
2017-12-31,P018,4,48,1706.95
2017-01-31,P018,6,117,1706.95
2017-02-28,P018,6,117,1706.95
2017-03-31,P018,6,117,1706.95
2017-04-30,P018,6,117,1706.95
2017-05-31,P018,6,117,1706.95
2017-06-30,P018,6,117,1706.95
2017-07-31,P018,6,117,1706.95
2017-08-31,P018,6,117,1706.95
2017-09-30,P018,6,117,1706.95
2017-10-31,P018,6,117,1706.95
2017-11-30,P018,6,117,1706.95
2017-12-31,P018,6,117,1706.95
2017-01-31,P019,3,103,1323.12
2017-02-28,P019,3,113,1323.12
2017-03-31,P019,3,120,1323.12
2017-04-30,P019,3,135,1323.12
2017-05-31,P019,3,153,1323.12
2017-06-30,P019,3,130,1323.12
2017-07-31,P019,3,156,1323.12
2017-08-31,P019,3,152,1323.12
2017-09-30,P019,3,136,1323.12
2017-10-31,P019,3,129,1323.12
2017-11-30,P019,3,152,1323.12
2017-12-31,P019,3,134,1323.12
2017-01-31,P019,5,64,1323.12
2017-02-28,P019,5,90,1323.12
2017-03-31,P019,5,112,1323.12
2017-04-30,P019,5,81,1323.12
2017-05-31,P019,5,85,1323.12
2017-06-30,P019,5,85,1323.12
2017-07-31,P019,5,94,1323.12
2017-08-31,P019,5,88,1323.12
2017-09-30,P019,5,107,1323.12
2017-10-31,P019,5,126,1323.12
2017-11-30,P019,5,134,1323.12
2017-12-31,P019,5,0,1323.12
2017-01-31,P019,9,0,1323.12
2017-02-28,P019,9,0,1323.12
2017-03-31,P019,9,0,1323.12
2017-04-30,P019,9,0,1323.12
2017-05-31,P019,9,0,1323.12
2017-06-30,P019,9,0,1323.12
2017-07-31,P019,9,0,1323.12
2017-08-31,P019,9,0,1323.12
2017-09-30,P019,9,0,1323.12
2017-10-31,P019,9,0,1323.12
2017-11-30,P019,9,0,1323.12
2017-12-31,P019,9,0,1323.12
2017-01-31,P020,3,27,1369.83
2017-02-28,P020,3,45,1369.83
2017-03-31,P020,3,43,1369.83
2017-04-30,P020,3,34,1369.83
2017-05-31,P020,3,39,1369.83
2017-06-30,P020,3,44,1369.83
2017-07-31,P020,3,56,1369.83
2017-08-31,P020,3,49,1369.83
2017-09-30,P020,3,48,1369.83
2017-10-31,P020,3,50,1369.83
2017-11-30,P020,3,46,1369.83
2017-12-31,P020,3,38,1369.83
2017-01-31,P020,5,121,1369.83
2017-02-28,P020,5,121,1369.83
2017-03-31,P020,5,37,1369.83
2017-04-30,P020,5,31,1369.83
2017-05-31,P020,5,115,1369.83
2017-06-30,P020,5,29,1369.83
2017-07-31,P020,5,121,1369.83
2017-08-31,P020,5,114,1369.83
2017-09-30,P020,5,111,1369.83
2017-10-31,P020,5,121,1369.83
2017-11-30,P020,5,42,1369.83
2017-12-31,P020,5,33,1369.83
2017-01-31,P020,8,149,1369.83
2017-02-28,P020,8,154,1369.83
2017-03-31,P020,8,176,1369.83
2017-04-30,P020,8,0,1369.83
2017-05-31,P020,8,188,1369.83
2017-06-30,P020,8,11,1369.83
2017-07-31,P020,8,198,1369.83
2017-08-31,P020,8,180,1369.83
2017-09-30,P020,8,162,1369.83
2017-10-31,P020,8,136,1369.83
2017-11-30,P020,8,127,1369.83
2017-12-31,P020,8,100,1369.83
2017-01-31,P021,1,11,1496.43
2017-02-28,P021,1,38,1496.43
2017-03-31,P021,1,47,1496.43
2017-04-30,P021,1,48,1496.43
2017-05-31,P021,1,38,1496.43
2017-06-30,P021,1,25,1496.43
2017-07-31,P021,1,50,1496.43
2017-08-31,P021,1,76,1496.43
2017-09-30,P021,1,101,1496.43
2017-10-31,P021,1,144,1496.43
2017-11-30,P021,1,133,1496.43
2017-12-31,P021,1,0,1496.43
2017-01-31,P021,4,65,1496.43
2017-02-28,P021,4,66,1496.43
2017-03-31,P021,4,59,1496.43
2017-04-30,P021,4,69,1496.43
2017-05-31,P021,4,77,1496.43
2017-06-30,P021,4,77,1496.43
2017-07-31,P021,4,64,1496.43
2017-08-31,P021,4,72,1496.43
2017-09-30,P021,4,24,1496.43
2017-10-31,P021,4,78,1496.43
2017-11-30,P021,4,71,1496.43
2017-12-31,P021,4,65,1496.43
2017-01-31,P021,5,38,1496.43
2017-02-28,P021,5,64,1496.43
2017-03-31,P021,5,62,1496.43
2017-04-30,P021,5,70,1496.43
2017-05-31,P021,5,70,1496.43
2017-06-30,P021,5,70,1496.43
2017-07-31,P021,5,76,1496.43
2017-08-31,P021,5,23,1496.43
2017-09-30,P021,5,10,1496.43
2017-10-31,P021,5,28,1496.43
2017-11-30,P021,5,44,1496.43
2017-12-31,P021,5,56,1496.43
2017-01-31,P022,3,0,1535.62
2017-02-28,P022,3,0,1535.62
2017-03-31,P022,3,0,1535.62
2017-04-30,P022,3,0,1535.62
2017-05-31,P022,3,0,1535.62
2017-06-30,P022,3,0,1535.62
2017-07-31,P022,3,0,1535.62
2017-08-31,P022,3,0,1535.62
2017-09-30,P022,3,0,1535.62
2017-10-31,P022,3,0,1535.62
2017-11-30,P022,3,0,1535.62
2017-12-31,P022,3,0,1535.62
2017-01-31,P022,4,16,1535.62
2017-02-28,P022,4,23,1535.62
2017-03-31,P022,4,28,1535.62
2017-04-30,P022,4,28,1535.62
2017-05-31,P022,4,29,1535.62
2017-06-30,P022,4,27,1535.62
2017-07-31,P022,4,33,1535.62
2017-08-31,P022,4,4,1535.62
2017-09-30,P022,4,12,1535.62
2017-10-31,P022,4,5,1535.62
2017-11-30,P022,4,3,1535.62
2017-12-31,P022,4,3,1535.62
2017-01-31,P022,9,59,1535.62
2017-02-28,P022,9,71,1535.62
2017-03-31,P022,9,96,1535.62
2017-04-30,P022,9,68,1535.62
2017-05-31,P022,9,81,1535.62
2017-06-30,P022,9,87,1535.62
2017-07-31,P022,9,83,1535.62
2017-08-31,P022,9,89,1535.62
2017-09-30,P022,9,106,1535.62
2017-10-31,P022,9,99,1535.62
2017-11-30,P022,9,110,1535.62
2017-12-31,P022,9,11,1535.62
2017-01-31,P023,3,52,1519.85
2017-02-28,P023,3,58,1519.85
2017-03-31,P023,3,55,1519.85
2017-04-30,P023,3,7,1519.85
2017-05-31,P023,3,3,1519.85
2017-06-30,P023,3,17,1519.85
2017-07-31,P023,3,27,1519.85
2017-08-31,P023,3,41,1519.85
2017-09-30,P023,3,57,1519.85
2017-10-31,P023,3,57,1519.85
2017-11-30,P023,3,60,1519.85
2017-12-31,P023,3,5,1519.85
2017-01-31,P023,7,207,1519.85
2017-02-28,P023,7,214,1519.85
2017-03-31,P023,7,34,1519.85
2017-04-30,P023,7,65,1519.85
2017-05-31,P023,7,69,1519.85
2017-06-30,P023,7,91,1519.85
2017-07-31,P023,7,100,1519.85
2017-08-31,P023,7,110,1519.85
2017-09-30,P023,7,123,1519.85
2017-10-31,P023,7,131,1519.85
2017-11-30,P023,7,167,1519.85
2017-12-31,P023,7,124,1519.85
2017-01-31,P023,8,0,1519.85
2017-02-28,P023,8,0,1519.85
2017-03-31,P023,8,0,1519.85
2017-04-30,P023,8,0,1519.85
2017-05-31,P023,8,0,1519.85
2017-06-30,P023,8,0,1519.85
2017-07-31,P023,8,0,1519.85
2017-08-31,P023,8,0,1519.85
2017-09-30,P023,8,0,1519.85
2017-10-31,P023,8,0,1519.85
2017-11-30,P023,8,0,1519.85
2017-12-31,P023,8,0,1519.85
2017-01-31,P024,4,143,1225.59
2017-02-28,P024,4,95,1225.59
2017-03-31,P024,4,44,1225.59
2017-04-30,P024,4,40,1225.59
2017-05-31,P024,4,44,1225.59
2017-06-30,P024,4,36,1225.59
2017-07-31,P024,4,48,1225.59
2017-08-31,P024,4,0,1225.59
2017-09-30,P024,4,8,1225.59
2017-10-31,P024,4,12,1225.59
2017-11-30,P024,4,30,1225.59
2017-12-31,P024,4,39,1225.59
2017-01-31,P024,5,9,1225.59
2017-02-28,P024,5,36,1225.59
2017-03-31,P024,5,23,1225.59
2017-04-30,P024,5,18,1225.59
2017-05-31,P024,5,28,1225.59
2017-06-30,P024,5,55,1225.59
2017-07-31,P024,5,65,1225.59
2017-08-31,P024,5,94,1225.59
2017-09-30,P024,5,98,1225.59
2017-10-31,P024,5,97,1225.59
2017-11-30,P024,5,117,1225.59
2017-12-31,P024,5,17,1225.59
2017-01-31,P024,9,248,1225.59
2017-02-28,P024,9,191,1225.59
2017-03-31,P024,9,98,1225.59
2017-04-30,P024,9,93,1225.59
2017-05-31,P024,9,113,1225.59
2017-06-30,P024,9,28,1225.59
2017-07-31,P024,9,111,1225.59
2017-08-31,P024,9,32,1225.59
2017-09-30,P024,9,44,1225.59
2017-10-31,P024,9,47,1225.59
2017-11-30,P024,9,45,1225.59
2017-12-31,P024,9,64,1225.59
2017-01-31,P025,1,135,1479.56
2017-02-28,P025,1,90,1479.56
2017-03-31,P025,1,29,1479.56
2017-04-30,P025,1,28,1479.56
2017-05-31,P025,1,37,1479.56
2017-06-30,P025,1,50,1479.56
2017-07-31,P025,1,49,1479.56
2017-08-31,P025,1,51,1479.56
2017-09-30,P025,1,58,1479.56
2017-10-31,P025,1,70,1479.56
2017-11-30,P025,1,11,1479.56
2017-12-31,P025,1,31,1479.56
2017-01-31,P025,3,176,1479.56
2017-02-28,P025,3,182,1479.56
2017-03-31,P025,3,23,1479.56
2017-04-30,P025,3,39,1479.56
2017-05-31,P025,3,57,1479.56
2017-06-30,P025,3,30,1479.56
2017-07-31,P025,3,59,1479.56
2017-08-31,P025,3,69,1479.56
2017-09-30,P025,3,84,1479.56
2017-10-31,P025,3,101,1479.56
2017-11-30,P025,3,150,1479.56
2017-12-31,P025,3,155,1479.56
2017-01-31,P025,9,135,1479.56
2017-02-28,P025,9,150,1479.56
2017-03-31,P025,9,172,1479.56
2017-04-30,P025,9,172,1479.56
2017-05-31,P025,9,176,1479.56
2017-06-30,P025,9,189,1479.56
2017-07-31,P025,9,201,1479.56
2017-08-31,P025,9,236,1479.56
2017-09-30,P025,9,86,1479.56
2017-10-31,P025,9,86,1479.56
2017-11-30,P025,9,129,1479.56
2017-12-31,P025,9,101,1479.56
2017-01-31,P026,1,90,1453.94
2017-02-28,P026,1,119,1453.94
2017-03-31,P026,1,129,1453.94
2017-04-30,P026,1,148,1453.94
2017-05-31,P026,1,127,1453.94
2017-06-30,P026,1,116,1453.94
2017-07-31,P026,1,111,1453.94
2017-08-31,P026,1,91,1453.94
2017-09-30,P026,1,81,1453.94
2017-10-31,P026,1,100,1453.94
2017-11-30,P026,1,137,1453.94
2017-12-31,P026,1,165,1453.94
2017-01-31,P026,7,19,1453.94
2017-02-28,P026,7,0,1453.94
2017-03-31,P026,7,0,1453.94
2017-04-30,P026,7,0,1453.94
2017-05-31,P026,7,0,1453.94
2017-06-30,P026,7,0,1453.94
2017-07-31,P026,7,0,1453.94
2017-08-31,P026,7,0,1453.94
2017-09-30,P026,7,0,1453.94
2017-10-31,P026,7,0,1453.94
2017-11-30,P026,7,0,1453.94
2017-12-31,P026,7,0,1453.94
2017-01-31,P026,8,0,1453.94
2017-02-28,P026,8,0,1453.94
2017-03-31,P026,8,0,1453.94
2017-04-30,P026,8,0,1453.94
2017-05-31,P026,8,0,1453.94
2017-06-30,P026,8,0,1453.94
2017-07-31,P026,8,0,1453.94
2017-08-31,P026,8,0,1453.94
2017-09-30,P026,8,0,1453.94
2017-10-31,P026,8,0,1453.94
2017-11-30,P026,8,0,1453.94
2017-12-31,P026,8,0,1453.94
2017-01-31,P027,1,91,1479.95
2017-02-28,P027,1,112,1479.95
2017-03-31,P027,1,100,1479.95
2017-04-30,P027,1,104,1479.95
2017-05-31,P027,1,93,1479.95
2017-06-30,P027,1,104,1479.95
2017-07-31,P027,1,116,1479.95
2017-08-31,P027,1,24,1479.95
2017-09-30,P027,1,22,1479.95
2017-10-31,P027,1,108,1479.95
2017-11-30,P027,1,101,1479.95
2017-12-31,P027,1,100,1479.95
2017-01-31,P027,3,205,1479.95
2017-02-28,P027,3,102,1479.95
2017-03-31,P027,3,87,1479.95
2017-04-30,P027,3,10,1479.95
2017-05-31,P027,3,99,1479.95
2017-06-30,P027,3,4,1479.95
2017-07-31,P027,3,101,1479.95
2017-08-31,P027,3,91,1479.95
2017-09-30,P027,3,90,1479.95
2017-10-31,P027,3,71,1479.95
2017-11-30,P027,3,88,1479.95
2017-12-31,P027,3,80,1479.95
2017-01-31,P027,9,432,1479.95
2017-02-28,P027,9,278,1479.95
2017-03-31,P027,9,142,1479.95
2017-04-30,P027,9,153,1479.95
2017-05-31,P027,9,35,1479.95
2017-06-30,P027,9,54,1479.95
2017-07-31,P027,9,190,1479.95
2017-08-31,P027,9,42,1479.95
2017-09-30,P027,9,78,1479.95
2017-10-31,P027,9,100,1479.95
2017-11-30,P027,9,100,1479.95
2017-12-31,P027,9,114,1479.95
2017-01-31,P028,1,32,1365.13
2017-02-28,P028,1,64,1365.13
2017-03-31,P028,1,63,1365.13
2017-04-30,P028,1,58,1365.13
2017-05-31,P028,1,78,1365.13
2017-06-30,P028,1,73,1365.13
2017-07-31,P028,1,88,1365.13
2017-08-31,P028,1,125,1365.13
2017-09-30,P028,1,3,1365.13
2017-10-31,P028,1,22,1365.13
2017-11-30,P028,1,25,1365.13
2017-12-31,P028,1,17,1365.13
2017-01-31,P028,4,18,1365.13
2017-02-28,P028,4,22,1365.13
2017-03-31,P028,4,22,1365.13
2017-04-30,P028,4,24,1365.13
2017-05-31,P028,4,28,1365.13
2017-06-30,P028,4,30,1365.13
2017-07-31,P028,4,34,1365.13
2017-08-31,P028,4,34,1365.13
2017-09-30,P028,4,4,1365.13
2017-10-31,P028,4,23,1365.13
2017-11-30,P028,4,18,1365.13
2017-12-31,P028,4,21,1365.13
2017-01-31,P028,6,35,1365.13
2017-02-28,P028,6,68,1365.13
2017-03-31,P028,6,70,1365.13
2017-04-30,P028,6,72,1365.13
2017-05-31,P028,6,77,1365.13
2017-06-30,P028,6,92,1365.13
2017-07-31,P028,6,92,1365.13
2017-08-31,P028,6,99,1365.13
2017-09-30,P028,6,105,1365.13
2017-10-31,P028,6,59,1365.13
2017-11-30,P028,6,36,1365.13
2017-12-31,P028,6,26,1365.13
2017-01-31,P029,5,208,1166.89
2017-02-28,P029,5,194,1166.89
2017-03-31,P029,5,180,1166.89
2017-04-30,P029,5,204,1166.89
2017-05-31,P029,5,170,1166.89
2017-06-30,P029,5,171,1166.89
2017-07-31,P029,5,172,1166.89
2017-08-31,P029,5,191,1166.89
2017-09-30,P029,5,224,1166.89
2017-10-31,P029,5,247,1166.89
2017-11-30,P029,5,104,1166.89
2017-12-31,P029,5,174,1166.89
2017-01-31,P029,7,65,1166.89
2017-02-28,P029,7,70,1166.89
2017-03-31,P029,7,84,1166.89
2017-04-30,P029,7,0,1166.89
2017-05-31,P029,7,9,1166.89
2017-06-30,P029,7,4,1166.89
2017-07-31,P029,7,27,1166.89
2017-08-31,P029,7,23,1166.89
2017-09-30,P029,7,6,1166.89
2017-10-31,P029,7,18,1166.89
2017-11-30,P029,7,29,1166.89
2017-12-31,P029,7,44,1166.89
2017-01-31,P029,8,44,1166.89
2017-02-28,P029,8,57,1166.89
2017-03-31,P029,8,65,1166.89
2017-04-30,P029,8,21,1166.89
2017-05-31,P029,8,21,1166.89
2017-06-30,P029,8,27,1166.89
2017-07-31,P029,8,22,1166.89
2017-08-31,P029,8,20,1166.89
2017-09-30,P029,8,18,1166.89
2017-10-31,P029,8,23,1166.89
2017-11-30,P029,8,22,1166.89
2017-12-31,P029,8,14,1166.89
2017-01-31,P030,1,45,1052.92
2017-02-28,P030,1,0,1052.92
2017-03-31,P030,1,0,1052.92
2017-04-30,P030,1,0,1052.92
2017-05-31,P030,1,0,1052.92
2017-06-30,P030,1,0,1052.92
2017-07-31,P030,1,0,1052.92
2017-08-31,P030,1,0,1052.92
2017-09-30,P030,1,0,1052.92
2017-10-31,P030,1,0,1052.92
2017-11-30,P030,1,0,1052.92
2017-12-31,P030,1,0,1052.92
2017-01-31,P030,6,69,1052.92
2017-02-28,P030,6,27,1052.92
2017-03-31,P030,6,39,1052.92
2017-04-30,P030,6,52,1052.92
2017-05-31,P030,6,65,1052.92
2017-06-30,P030,6,10,1052.92
2017-07-31,P030,6,14,1052.92
2017-08-31,P030,6,23,1052.92
2017-09-30,P030,6,31,1052.92
2017-10-31,P030,6,27,1052.92
2017-11-30,P030,6,40,1052.92
2017-12-31,P030,6,52,1052.92
2017-01-31,P030,7,70,1052.92
2017-02-28,P030,7,101,1052.92
2017-03-31,P030,7,97,1052.92
2017-04-30,P030,7,77,1052.92
2017-05-31,P030,7,71,1052.92
2017-06-30,P030,7,101,1052.92
2017-07-31,P030,7,77,1052.92
2017-08-31,P030,7,71,1052.92
2017-09-30,P030,7,93,1052.92
2017-10-31,P030,7,105,1052.92
2017-11-30,P030,7,143,1052.92
2017-12-31,P030,7,168,1052.92
2017-01-31,P031,1,0,1266.37
2017-02-28,P031,1,0,1266.37
2017-03-31,P031,1,0,1266.37
2017-04-30,P031,1,0,1266.37
2017-05-31,P031,1,0,1266.37
2017-06-30,P031,1,0,1266.37
2017-07-31,P031,1,0,1266.37
2017-08-31,P031,1,0,1266.37
2017-09-30,P031,1,0,1266.37
2017-10-31,P031,1,0,1266.37
2017-11-30,P031,1,0,1266.37
2017-12-31,P031,1,0,1266.37
2017-01-31,P031,2,0,1266.37
2017-02-28,P031,2,0,1266.37
2017-03-31,P031,2,0,1266.37
2017-04-30,P031,2,0,1266.37
2017-05-31,P031,2,0,1266.37
2017-06-30,P031,2,0,1266.37
2017-07-31,P031,2,0,1266.37
2017-08-31,P031,2,0,1266.37
2017-09-30,P031,2,0,1266.37
2017-10-31,P031,2,0,1266.37
2017-11-30,P031,2,0,1266.37
2017-12-31,P031,2,0,1266.37
2017-01-31,P031,5,94,1266.37
2017-02-28,P031,5,122,1266.37
2017-03-31,P031,5,121,1266.37
2017-04-30,P031,5,83,1266.37
2017-05-31,P031,5,80,1266.37
2017-06-30,P031,5,56,1266.37
2017-07-31,P031,5,35,1266.37
2017-08-31,P031,5,38,1266.37
2017-09-30,P031,5,37,1266.37
2017-10-31,P031,5,62,1266.37
2017-11-30,P031,5,12,1266.37
2017-12-31,P031,5,40,1266.37
2017-01-31,P032,1,459,1194.03
2017-02-28,P032,1,335,1194.03
2017-03-31,P032,1,190,1194.03
2017-04-30,P032,1,18,1194.03
2017-05-31,P032,1,194,1194.03
2017-06-30,P032,1,39,1194.03
2017-07-31,P032,1,70,1194.03
2017-08-31,P032,1,52,1194.03
2017-09-30,P032,1,73,1194.03
2017-10-31,P032,1,105,1194.03
2017-11-30,P032,1,114,1194.03
2017-12-31,P032,1,95,1194.03
2017-01-31,P032,4,182,1194.03
2017-02-28,P032,4,59,1194.03
2017-03-31,P032,4,45,1194.03
2017-04-30,P032,4,32,1194.03
2017-05-31,P032,4,181,1194.03
2017-06-30,P032,4,36,1194.03
2017-07-31,P032,4,184,1194.03
2017-08-31,P032,4,45,1194.03
2017-09-30,P032,4,64,1194.03
2017-10-31,P032,4,65,1194.03
2017-11-30,P032,4,55,1194.03
2017-12-31,P032,4,31,1194.03
2017-01-31,P032,9,0,1194.03
2017-02-28,P032,9,0,1194.03
2017-03-31,P032,9,0,1194.03
2017-04-30,P032,9,0,1194.03
2017-05-31,P032,9,0,1194.03
2017-06-30,P032,9,0,1194.03
2017-07-31,P032,9,0,1194.03
2017-08-31,P032,9,0,1194.03
2017-09-30,P032,9,0,1194.03
2017-10-31,P032,9,0,1194.03
2017-11-30,P032,9,0,1194.03
2017-12-31,P032,9,0,1194.03
2017-01-31,P033,6,121,1041.99
2017-02-28,P033,6,136,1041.99
2017-03-31,P033,6,127,1041.99
2017-04-30,P033,6,114,1041.99
2017-05-31,P033,6,85,1041.99
2017-06-30,P033,6,109,1041.99
2017-07-31,P033,6,110,1041.99
2017-08-31,P033,6,145,1041.99
2017-09-30,P033,6,130,1041.99
2017-10-31,P033,6,148,1041.99
2017-11-30,P033,6,172,1041.99
2017-12-31,P033,6,168,1041.99
2017-01-31,P033,7,126,1041.99
2017-02-28,P033,7,126,1041.99
2017-03-31,P033,7,126,1041.99
2017-04-30,P033,7,126,1041.99
2017-05-31,P033,7,126,1041.99
2017-06-30,P033,7,126,1041.99
2017-07-31,P033,7,126,1041.99
2017-08-31,P033,7,126,1041.99
2017-09-30,P033,7,126,1041.99
2017-10-31,P033,7,126,1041.99
2017-11-30,P033,7,126,1041.99
2017-12-31,P033,7,126,1041.99
2017-01-31,P033,9,118,1041.99
2017-02-28,P033,9,16,1041.99
2017-03-31,P033,9,114,1041.99
2017-04-30,P033,9,0,1041.99
2017-05-31,P033,9,6,1041.99
2017-06-30,P033,9,5,1041.99
2017-07-31,P033,9,17,1041.99
2017-08-31,P033,9,0,1041.99
2017-09-30,P033,9,29,1041.99
2017-10-31,P033,9,41,1041.99
2017-11-30,P033,9,49,1041.99
2017-12-31,P033,9,70,1041.99
2017-01-31,P034,4,95,902.18
2017-02-28,P034,4,98,902.18
2017-03-31,P034,4,87,902.18
2017-04-30,P034,4,77,902.18
2017-05-31,P034,4,75,902.18
2017-06-30,P034,4,99,902.18
2017-07-31,P034,4,74,902.18
2017-08-31,P034,4,55,902.18
2017-09-30,P034,4,54,902.18
2017-10-31,P034,4,55,902.18
2017-11-30,P034,4,60,902.18
2017-12-31,P034,4,48,902.18
2017-01-31,P034,5,159,902.18
2017-02-28,P034,5,194,902.18
2017-03-31,P034,5,206,902.18
2017-04-30,P034,5,67,902.18
2017-05-31,P034,5,225,902.18
2017-06-30,P034,5,68,902.18
2017-07-31,P034,5,232,902.18
2017-08-31,P034,5,215,902.18
2017-09-30,P034,5,71,902.18
2017-10-31,P034,5,225,902.18
2017-11-30,P034,5,222,902.18
2017-12-31,P034,5,23,902.18
2017-01-31,P034,6,0,902.18
2017-02-28,P034,6,0,902.18
2017-03-31,P034,6,0,902.18
2017-04-30,P034,6,0,902.18
2017-05-31,P034,6,0,902.18
2017-06-30,P034,6,0,902.18
2017-07-31,P034,6,0,902.18
2017-08-31,P034,6,0,902.18
2017-09-30,P034,6,0,902.18
2017-10-31,P034,6,0,902.18
2017-11-30,P034,6,0,902.18
2017-12-31,P034,6,0,902.18
2017-01-31,P035,5,100,961.11
2017-02-28,P035,5,99,961.11
2017-03-31,P035,5,24,961.11
2017-04-30,P035,5,27,961.11
2017-05-31,P035,5,32,961.11
2017-06-30,P035,5,39,961.11
2017-07-31,P035,5,36,961.11
2017-08-31,P035,5,63,961.11
2017-09-30,P035,5,69,961.11
2017-10-31,P035,5,53,961.11
2017-11-30,P035,5,48,961.11
2017-12-31,P035,5,55,961.11
2017-01-31,P035,6,361,961.11
2017-02-28,P035,6,256,961.11
2017-03-31,P035,6,142,961.11
2017-04-30,P035,6,143,961.11
2017-05-31,P035,6,124,961.11
2017-06-30,P035,6,115,961.11
2017-07-31,P035,6,135,961.11
2017-08-31,P035,6,101,961.11
2017-09-30,P035,6,104,961.11
2017-10-31,P035,6,102,961.11
2017-11-30,P035,6,96,961.11
2017-12-31,P035,6,91,961.11
2017-01-31,P035,8,77,961.11
2017-02-28,P035,8,81,961.11
2017-03-31,P035,8,84,961.11
2017-04-30,P035,8,88,961.11
2017-05-31,P035,8,94,961.11
2017-06-30,P035,8,109,961.11
2017-07-31,P035,8,102,961.11
2017-08-31,P035,8,121,961.11
2017-09-30,P035,8,39,961.11
2017-10-31,P035,8,43,961.11
2017-11-30,P035,8,51,961.11
2017-12-31,P035,8,62,961.11
2017-01-31,P036,3,0,906.63
2017-02-28,P036,3,0,906.63
2017-03-31,P036,3,0,906.63
2017-04-30,P036,3,0,906.63
2017-05-31,P036,3,0,906.63
2017-06-30,P036,3,0,906.63
2017-07-31,P036,3,0,906.63
2017-08-31,P036,3,0,906.63
2017-09-30,P036,3,0,906.63
2017-10-31,P036,3,0,906.63
2017-11-30,P036,3,0,906.63
2017-12-31,P036,3,0,906.63
2017-01-31,P036,6,67,906.63
2017-02-28,P036,6,118,906.63
2017-03-31,P036,6,119,906.63
2017-04-30,P036,6,99,906.63
2017-05-31,P036,6,107,906.63
2017-06-30,P036,6,127,906.63
2017-07-31,P036,6,122,906.63
2017-08-31,P036,6,120,906.63
2017-09-30,P036,6,124,906.63
2017-10-31,P036,6,150,906.63
2017-11-30,P036,6,147,906.63
2017-12-31,P036,6,125,906.63
2017-01-31,P036,7,125,906.63
2017-02-28,P036,7,161,906.63
2017-03-31,P036,7,141,906.63
2017-04-30,P036,7,10,906.63
2017-05-31,P036,7,147,906.63
2017-06-30,P036,7,133,906.63
2017-07-31,P036,7,127,906.63
2017-08-31,P036,7,116,906.63
2017-09-30,P036,7,145,906.63
2017-10-31,P036,7,134,906.63
2017-11-30,P036,7,108,906.63
2017-12-31,P036,7,127,906.63
2017-01-31,P037,1,81,1072.79
2017-02-28,P037,1,75,1072.79
2017-03-31,P037,1,90,1072.79
2017-04-30,P037,1,21,1072.79
2017-05-31,P037,1,43,1072.79
2017-06-30,P037,1,51,1072.79
2017-07-31,P037,1,58,1072.79
2017-08-31,P037,1,63,1072.79
2017-09-30,P037,1,85,1072.79
2017-10-31,P037,1,93,1072.79
2017-11-30,P037,1,93,1072.79
2017-12-31,P037,1,3,1072.79
2017-01-31,P037,4,1,1072.79
2017-02-28,P037,4,0,1072.79
2017-03-31,P037,4,0,1072.79
2017-04-30,P037,4,0,1072.79
2017-05-31,P037,4,0,1072.79
2017-06-30,P037,4,0,1072.79
2017-07-31,P037,4,0,1072.79
2017-08-31,P037,4,0,1072.79
2017-09-30,P037,4,0,1072.79
2017-10-31,P037,4,0,1072.79
2017-11-30,P037,4,0,1072.79
2017-12-31,P037,4,0,1072.79
2017-01-31,P037,6,17,1072.79
2017-02-28,P037,6,21,1072.79
2017-03-31,P037,6,22,1072.79
2017-04-30,P037,6,17,1072.79
2017-05-31,P037,6,21,1072.79
2017-06-30,P037,6,27,1072.79
2017-07-31,P037,6,33,1072.79
2017-08-31,P037,6,7,1072.79
2017-09-30,P037,6,17,1072.79
2017-10-31,P037,6,16,1072.79
2017-11-30,P037,6,14,1072.79
2017-12-31,P037,6,15,1072.79
2017-01-31,P038,4,0,945.11
2017-02-28,P038,4,0,945.11
2017-03-31,P038,4,0,945.11
2017-04-30,P038,4,0,945.11
2017-05-31,P038,4,0,945.11
2017-06-30,P038,4,0,945.11
2017-07-31,P038,4,0,945.11
2017-08-31,P038,4,0,945.11
2017-09-30,P038,4,0,945.11
2017-10-31,P038,4,0,945.11
2017-11-30,P038,4,0,945.11
2017-12-31,P038,4,0,945.11
2017-01-31,P038,6,82,945.11
2017-02-28,P038,6,57,945.11
2017-03-31,P038,6,21,945.11
2017-04-30,P038,6,30,945.11
2017-05-31,P038,6,34,945.11
2017-06-30,P038,6,34,945.11
2017-07-31,P038,6,38,945.11
2017-08-31,P038,6,36,945.11
2017-09-30,P038,6,9,945.11
2017-10-31,P038,6,35,945.11
2017-11-30,P038,6,36,945.11
2017-12-31,P038,6,7,945.11
2017-01-31,P038,9,276,945.11
2017-02-28,P038,9,180,945.11
2017-03-31,P038,9,89,945.11
2017-04-30,P038,9,95,945.11
2017-05-31,P038,9,70,945.11
2017-06-30,P038,9,50,945.11
2017-07-31,P038,9,49,945.11
2017-08-31,P038,9,74,945.11
2017-09-30,P038,9,96,945.11
2017-10-31,P038,9,92,945.11
2017-11-30,P038,9,109,945.11
2017-12-31,P038,9,24,945.11
2017-01-31,P039,2,20,869.03
2017-02-28,P039,2,0,869.03
2017-03-31,P039,2,0,869.03
2017-04-30,P039,2,0,869.03
2017-05-31,P039,2,0,869.03
2017-06-30,P039,2,0,869.03
2017-07-31,P039,2,0,869.03
2017-08-31,P039,2,0,869.03
2017-09-30,P039,2,0,869.03
2017-10-31,P039,2,0,869.03
2017-11-30,P039,2,0,869.03
2017-12-31,P039,2,0,869.03
2017-01-31,P039,5,34,869.03
2017-02-28,P039,5,42,869.03
2017-03-31,P039,5,47,869.03
2017-04-30,P039,5,63,869.03
2017-05-31,P039,5,58,869.03
2017-06-30,P039,5,56,869.03
2017-07-31,P039,5,62,869.03
2017-08-31,P039,5,81,869.03
2017-09-30,P039,5,87,869.03
2017-10-31,P039,5,93,869.03
2017-11-30,P039,5,94,869.03
2017-12-31,P039,5,87,869.03
2017-01-31,P039,6,64,869.03
2017-02-28,P039,6,8,869.03
2017-03-31,P039,6,18,869.03
2017-04-30,P039,6,27,869.03
2017-05-31,P039,6,38,869.03
2017-06-30,P039,6,50,869.03
2017-07-31,P039,6,61,869.03
2017-08-31,P039,6,56,869.03
2017-09-30,P039,6,49,869.03
2017-10-31,P039,6,61,869.03
2017-11-30,P039,6,3,869.03
2017-12-31,P039,6,0,869.03
2017-01-31,P040,1,72,855.82
2017-02-28,P040,1,93,855.82
2017-03-31,P040,1,81,855.82
2017-04-30,P040,1,74,855.82
2017-05-31,P040,1,70,855.82
2017-06-30,P040,1,82,855.82
2017-07-31,P040,1,79,855.82
2017-08-31,P040,1,66,855.82
2017-09-30,P040,1,60,855.82
2017-10-31,P040,1,48,855.82
2017-11-30,P040,1,37,855.82
2017-12-31,P040,1,47,855.82
2017-01-31,P040,2,58,855.82
2017-02-28,P040,2,43,855.82
2017-03-31,P040,2,36,855.82
2017-04-30,P040,2,26,855.82
2017-05-31,P040,2,32,855.82
2017-06-30,P040,2,44,855.82
2017-07-31,P040,2,41,855.82
2017-08-31,P040,2,50,855.82
2017-09-30,P040,2,52,855.82
2017-10-31,P040,2,44,855.82
2017-11-30,P040,2,61,855.82
2017-12-31,P040,2,67,855.82
2017-01-31,P040,9,93,855.82
2017-02-28,P040,9,140,855.82
2017-03-31,P040,9,15,855.82
2017-04-30,P040,9,25,855.82
2017-05-31,P040,9,27,855.82
2017-06-30,P040,9,35,855.82
2017-07-31,P040,9,66,855.82
2017-08-31,P040,9,48,855.82
2017-09-30,P040,9,64,855.82
2017-10-31,P040,9,74,855.82
2017-11-30,P040,9,107,855.82
2017-12-31,P040,9,81,855.82
2017-01-31,P041,1,26,914.52
2017-02-28,P041,1,29,914.52
2017-03-31,P041,1,32,914.52
2017-04-30,P041,1,29,914.52
2017-05-31,P041,1,33,914.52
2017-06-30,P041,1,35,914.52
2017-07-31,P041,1,29,914.52
2017-08-31,P041,1,31,914.52
2017-09-30,P041,1,22,914.52
2017-10-31,P041,1,21,914.52
2017-11-30,P041,1,26,914.52
2017-12-31,P041,1,20,914.52
2017-01-31,P041,2,3,914.52
2017-02-28,P041,2,12,914.52
2017-03-31,P041,2,0,914.52
2017-04-30,P041,2,2,914.52
2017-05-31,P041,2,6,914.52
2017-06-30,P041,2,11,914.52
2017-07-31,P041,2,21,914.52
2017-08-31,P041,2,55,914.52
2017-09-30,P041,2,48,914.52
2017-10-31,P041,2,44,914.52
2017-11-30,P041,2,35,914.52
2017-12-31,P041,2,31,914.52
2017-01-31,P041,3,46,914.52
2017-02-28,P041,3,74,914.52
2017-03-31,P041,3,77,914.52
2017-04-30,P041,3,68,914.52
2017-05-31,P041,3,91,914.52
2017-06-30,P041,3,78,914.52
2017-07-31,P041,3,83,914.52
2017-08-31,P041,3,84,914.52
2017-09-30,P041,3,82,914.52
2017-10-31,P041,3,79,914.52
2017-11-30,P041,3,84,914.52
2017-12-31,P041,3,82,914.52
2017-01-31,P042,1,358,779.17
2017-02-28,P042,1,258,779.17
2017-03-31,P042,1,138,779.17
2017-04-30,P042,1,39,779.17
2017-05-31,P042,1,54,779.17
2017-06-30,P042,1,40,779.17
2017-07-31,P042,1,50,779.17
2017-08-31,P042,1,73,779.17
2017-09-30,P042,1,81,779.17
2017-10-31,P042,1,109,779.17
2017-11-30,P042,1,115,779.17
2017-12-31,P042,1,134,779.17
2017-01-31,P042,4,219,779.17
2017-02-28,P042,4,219,779.17
2017-03-31,P042,4,219,779.17
2017-04-30,P042,4,219,779.17
2017-05-31,P042,4,219,779.17
2017-06-30,P042,4,219,779.17
2017-07-31,P042,4,219,779.17
2017-08-31,P042,4,219,779.17
2017-09-30,P042,4,219,779.17
2017-10-31,P042,4,219,779.17
2017-11-30,P042,4,219,779.17
2017-12-31,P042,4,219,779.17
2017-01-31,P042,8,50,779.17
2017-02-28,P042,8,50,779.17
2017-03-31,P042,8,50,779.17
2017-04-30,P042,8,50,779.17
2017-05-31,P042,8,50,779.17
2017-06-30,P042,8,50,779.17
2017-07-31,P042,8,50,779.17
2017-08-31,P042,8,50,779.17
2017-09-30,P042,8,50,779.17
2017-10-31,P042,8,50,779.17
2017-11-30,P042,8,50,779.17
2017-12-31,P042,8,50,779.17
2017-01-31,P043,5,243,865.59
2017-02-28,P043,5,172,865.59
2017-03-31,P043,5,84,865.59
2017-04-30,P043,5,21,865.59
2017-05-31,P043,5,39,865.59
2017-06-30,P043,5,56,865.59
2017-07-31,P043,5,60,865.59
2017-08-31,P043,5,63,865.59
2017-09-30,P043,5,79,865.59
2017-10-31,P043,5,74,865.59
2017-11-30,P043,5,52,865.59
2017-12-31,P043,5,66,865.59
2017-01-31,P043,6,0,865.59
2017-02-28,P043,6,0,865.59
2017-03-31,P043,6,0,865.59
2017-04-30,P043,6,0,865.59
2017-05-31,P043,6,0,865.59
2017-06-30,P043,6,0,865.59
2017-07-31,P043,6,0,865.59
2017-08-31,P043,6,0,865.59
2017-09-30,P043,6,0,865.59
2017-10-31,P043,6,0,865.59
2017-11-30,P043,6,0,865.59
2017-12-31,P043,6,0,865.59
2017-01-31,P043,8,98,865.59
2017-02-28,P043,8,94,865.59
2017-03-31,P043,8,8,865.59
2017-04-30,P043,8,19,865.59
2017-05-31,P043,8,19,865.59
2017-06-30,P043,8,28,865.59
2017-07-31,P043,8,27,865.59
2017-08-31,P043,8,8,865.59
2017-09-30,P043,8,31,865.59
2017-10-31,P043,8,29,865.59
2017-11-30,P043,8,22,865.59
2017-12-31,P043,8,23,865.59
2017-01-31,P044,2,84,787.72
2017-02-28,P044,2,92,787.72
2017-03-31,P044,2,71,787.72
2017-04-30,P044,2,71,787.72
2017-05-31,P044,2,103,787.72
2017-06-30,P044,2,1,787.72
2017-07-31,P044,2,25,787.72
2017-08-31,P044,2,3,787.72
2017-09-30,P044,2,39,787.72
2017-10-31,P044,2,14,787.72
2017-11-30,P044,2,9,787.72
2017-12-31,P044,2,19,787.72
2017-01-31,P044,5,33,787.72
2017-02-28,P044,5,28,787.72
2017-03-31,P044,5,30,787.72
2017-04-30,P044,5,13,787.72
2017-05-31,P044,5,131,787.72
2017-06-30,P044,5,17,787.72
2017-07-31,P044,5,41,787.72
2017-08-31,P044,5,33,787.72
2017-09-30,P044,5,57,787.72
2017-10-31,P044,5,64,787.72
2017-11-30,P044,5,69,787.72
2017-12-31,P044,5,98,787.72
2017-01-31,P044,7,70,787.72
2017-02-28,P044,7,25,787.72
2017-03-31,P044,7,35,787.72
2017-04-30,P044,7,43,787.72
2017-05-31,P044,7,61,787.72
2017-06-30,P044,7,62,787.72
2017-07-31,P044,7,64,787.72
2017-08-31,P044,7,62,787.72
2017-09-30,P044,7,69,787.72
2017-10-31,P044,7,22,787.72
2017-11-30,P044,7,30,787.72
2017-12-31,P044,7,27,787.72
2017-01-31,P045,1,28,879.8
2017-02-28,P045,1,31,879.8
2017-03-31,P045,1,28,879.8
2017-04-30,P045,1,34,879.8
2017-05-31,P045,1,38,879.8
2017-06-30,P045,1,8,879.8
2017-07-31,P045,1,15,879.8
2017-08-31,P045,1,20,879.8
2017-09-30,P045,1,25,879.8
2017-10-31,P045,1,36,879.8
2017-11-30,P045,1,10,879.8
2017-12-31,P045,1,14,879.8
2017-01-31,P045,2,74,879.8
2017-02-28,P045,2,72,879.8
2017-03-31,P045,2,65,879.8
2017-04-30,P045,2,64,879.8
2017-05-31,P045,2,60,879.8
2017-06-30,P045,2,10,879.8
2017-07-31,P045,2,75,879.8
2017-08-31,P045,2,67,879.8
2017-09-30,P045,2,65,879.8
2017-10-31,P045,2,73,879.8
2017-11-30,P045,2,13,879.8
2017-12-31,P045,2,21,879.8
2017-01-31,P045,9,78,879.8
2017-02-28,P045,9,100,879.8
2017-03-31,P045,9,104,879.8
2017-04-30,P045,9,104,879.8
2017-05-31,P045,9,128,879.8
2017-06-30,P045,9,140,879.8
2017-07-31,P045,9,137,879.8
2017-08-31,P045,9,115,879.8
2017-09-30,P045,9,117,879.8
2017-10-31,P045,9,123,879.8
2017-11-30,P045,9,122,879.8
2017-12-31,P045,9,100,879.8
2017-01-31,P046,5,0,799.98
2017-02-28,P046,5,0,799.98
2017-03-31,P046,5,0,799.98
2017-04-30,P046,5,0,799.98
2017-05-31,P046,5,0,799.98
2017-06-30,P046,5,0,799.98
2017-07-31,P046,5,0,799.98
2017-08-31,P046,5,0,799.98
2017-09-30,P046,5,0,799.98
2017-10-31,P046,5,0,799.98
2017-11-30,P046,5,0,799.98
2017-12-31,P046,5,0,799.98
2017-01-31,P046,7,0,799.98
2017-02-28,P046,7,0,799.98
2017-03-31,P046,7,0,799.98
2017-04-30,P046,7,0,799.98
2017-05-31,P046,7,0,799.98
2017-06-30,P046,7,0,799.98
2017-07-31,P046,7,0,799.98
2017-08-31,P046,7,0,799.98
2017-09-30,P046,7,0,799.98
2017-10-31,P046,7,0,799.98
2017-11-30,P046,7,0,799.98
2017-12-31,P046,7,0,799.98
2017-01-31,P046,9,67,799.98
2017-02-28,P046,9,65,799.98
2017-03-31,P046,9,55,799.98
2017-04-30,P046,9,65,799.98
2017-05-31,P046,9,65,799.98
2017-06-30,P046,9,66,799.98
2017-07-31,P046,9,73,799.98
2017-08-31,P046,9,73,799.98
2017-09-30,P046,9,87,799.98
2017-10-31,P046,9,71,799.98
2017-11-30,P046,9,75,799.98
2017-12-31,P046,9,74,799.98
2017-01-31,P047,2,102,738.71
2017-02-28,P047,2,125,738.71
2017-03-31,P047,2,16,738.71
2017-04-30,P047,2,26,738.71
2017-05-31,P047,2,47,738.71
2017-06-30,P047,2,43,738.71
2017-07-31,P047,2,45,738.71
2017-08-31,P047,2,20,738.71
2017-09-30,P047,2,3,738.71
2017-10-31,P047,2,126,738.71
2017-11-30,P047,2,107,738.71
2017-12-31,P047,2,110,738.71
2017-01-31,P047,5,0,738.71
2017-02-28,P047,5,0,738.71
2017-03-31,P047,5,0,738.71
2017-04-30,P047,5,0,738.71
2017-05-31,P047,5,0,738.71
2017-06-30,P047,5,0,738.71
2017-07-31,P047,5,0,738.71
2017-08-31,P047,5,0,738.71
2017-09-30,P047,5,0,738.71
2017-10-31,P047,5,0,738.71
2017-11-30,P047,5,0,738.71
2017-12-31,P047,5,0,738.71
2017-01-31,P047,9,195,738.71
2017-02-28,P047,9,126,738.71
2017-03-31,P047,9,53,738.71
2017-04-30,P047,9,54,738.71
2017-05-31,P047,9,68,738.71
2017-06-30,P047,9,74,738.71
2017-07-31,P047,9,83,738.71
2017-08-31,P047,9,32,738.71
2017-09-30,P047,9,28,738.71
2017-10-31,P047,9,30,738.71
2017-11-30,P047,9,34,738.71
2017-12-31,P047,9,50,738.71
2017-01-31,P048,1,28,668.24
2017-02-28,P048,1,49,668.24
2017-03-31,P048,1,41,668.24
2017-04-30,P048,1,37,668.24
2017-05-31,P048,1,35,668.24
2017-06-30,P048,1,44,668.24
2017-07-31,P048,1,43,668.24
2017-08-31,P048,1,46,668.24
2017-09-30,P048,1,69,668.24
2017-10-31,P048,1,92,668.24
2017-11-30,P048,1,95,668.24
2017-12-31,P048,1,24,668.24
2017-01-31,P048,6,87,668.24
2017-02-28,P048,6,111,668.24
2017-03-31,P048,6,122,668.24
2017-04-30,P048,6,107,668.24
2017-05-31,P048,6,105,668.24
2017-06-30,P048,6,115,668.24
2017-07-31,P048,6,112,668.24
2017-08-31,P048,6,113,668.24
2017-09-30,P048,6,126,668.24
2017-10-31,P048,6,118,668.24
2017-11-30,P048,6,120,668.24
2017-12-31,P048,6,116,668.24
2017-01-31,P048,9,101,668.24
2017-02-28,P048,9,108,668.24
2017-03-31,P048,9,116,668.24
2017-04-30,P048,9,117,668.24
2017-05-31,P048,9,132,668.24
2017-06-30,P048,9,146,668.24
2017-07-31,P048,9,136,668.24
2017-08-31,P048,9,121,668.24
2017-09-30,P048,9,140,668.24
2017-10-31,P048,9,128,668.24
2017-11-30,P048,9,127,668.24
2017-12-31,P048,9,109,668.24
2017-01-31,P049,7,142,737.68
2017-02-28,P049,7,32,737.68
2017-03-31,P049,7,38,737.68
2017-04-30,P049,7,48,737.68
2017-05-31,P049,7,65,737.68
2017-06-30,P049,7,68,737.68
2017-07-31,P049,7,82,737.68
2017-08-31,P049,7,89,737.68
2017-09-30,P049,7,102,737.68
2017-10-31,P049,7,104,737.68
2017-11-30,P049,7,124,737.68
2017-12-31,P049,7,132,737.68
2017-01-31,P049,8,185,737.68
2017-02-28,P049,8,123,737.68
2017-03-31,P049,8,47,737.68
2017-04-30,P049,8,60,737.68
2017-05-31,P049,8,67,737.68
2017-06-30,P049,8,63,737.68
2017-07-31,P049,8,73,737.68
2017-08-31,P049,8,61,737.68
2017-09-30,P049,8,76,737.68
2017-10-31,P049,8,91,737.68
2017-11-30,P049,8,87,737.68
2017-12-31,P049,8,79,737.68
2017-01-31,P049,9,0,737.68
2017-02-28,P049,9,0,737.68
2017-03-31,P049,9,0,737.68
2017-04-30,P049,9,0,737.68
2017-05-31,P049,9,0,737.68
2017-06-30,P049,9,0,737.68
2017-07-31,P049,9,0,737.68
2017-08-31,P049,9,0,737.68
2017-09-30,P049,9,0,737.68
2017-10-31,P049,9,0,737.68
2017-11-30,P049,9,0,737.68
2017-12-31,P049,9,0,737.68
2017-01-31,P050,2,129,792.89
2017-02-28,P050,2,31,792.89
2017-03-31,P050,2,36,792.89
2017-04-30,P050,2,61,792.89
2017-05-31,P050,2,70,792.89
2017-06-30,P050,2,57,792.89
2017-07-31,P050,2,52,792.89
2017-08-31,P050,2,65,792.89
2017-09-30,P050,2,90,792.89
2017-10-31,P050,2,105,792.89
2017-11-30,P050,2,122,792.89
2017-12-31,P050,2,12,792.89
2017-01-31,P050,4,74,792.89
2017-02-28,P050,4,101,792.89
2017-03-31,P050,4,14,792.89
2017-04-30,P050,4,32,792.89
2017-05-31,P050,4,59,792.89
2017-06-30,P050,4,60,792.89
2017-07-31,P050,4,67,792.89
2017-08-31,P050,4,62,792.89
2017-09-30,P050,4,63,792.89
2017-10-31,P050,4,52,792.89
2017-11-30,P050,4,50,792.89
2017-12-31,P050,4,57,792.89
2017-01-31,P050,9,0,792.89
2017-02-28,P050,9,0,792.89
2017-03-31,P050,9,0,792.89
2017-04-30,P050,9,0,792.89
2017-05-31,P050,9,0,792.89
2017-06-30,P050,9,0,792.89
2017-07-31,P050,9,0,792.89
2017-08-31,P050,9,0,792.89
2017-09-30,P050,9,0,792.89
2017-10-31,P050,9,0,792.89
2017-11-30,P050,9,0,792.89
2017-12-31,P050,9,0,792.89
2017-01-31,P051,6,34,620.28
2017-02-28,P051,6,56,620.28
2017-03-31,P051,6,55,620.28
2017-04-30,P051,6,0,620.28
2017-05-31,P051,6,23,620.28
2017-06-30,P051,6,36,620.28
2017-07-31,P051,6,29,620.28
2017-08-31,P051,6,33,620.28
2017-09-30,P051,6,32,620.28
2017-10-31,P051,6,49,620.28
2017-11-30,P051,6,49,620.28
2017-12-31,P051,6,57,620.28
2017-01-31,P051,8,188,620.28
2017-02-28,P051,8,53,620.28
2017-03-31,P051,8,54,620.28
2017-04-30,P051,8,53,620.28
2017-05-31,P051,8,55,620.28
2017-06-30,P051,8,69,620.28
2017-07-31,P051,8,198,620.28
2017-08-31,P051,8,176,620.28
2017-09-30,P051,8,34,620.28
2017-10-31,P051,8,193,620.28
2017-11-30,P051,8,70,620.28
2017-12-31,P051,8,83,620.28
2017-01-31,P051,9,78,620.28
2017-02-28,P051,9,82,620.28
2017-03-31,P051,9,62,620.28
2017-04-30,P051,9,52,620.28
2017-05-31,P051,9,46,620.28
2017-06-30,P051,9,36,620.28
2017-07-31,P051,9,144,620.28
2017-08-31,P051,9,133,620.28
2017-09-30,P051,9,121,620.28
2017-10-31,P051,9,146,620.28
2017-11-30,P051,9,38,620.28
2017-12-31,P051,9,45,620.28
2017-01-31,P052,1,168,651.92
2017-02-28,P052,1,166,651.92
2017-03-31,P052,1,0,651.92
2017-04-30,P052,1,16,651.92
2017-05-31,P052,1,162,651.92
2017-06-30,P052,1,153,651.92
2017-07-31,P052,1,184,651.92
2017-08-31,P052,1,0,651.92
2017-09-30,P052,1,51,651.92
2017-10-31,P052,1,16,651.92
2017-11-30,P052,1,12,651.92
2017-12-31,P052,1,25,651.92
2017-01-31,P052,2,528,651.92
2017-02-28,P052,2,356,651.92
2017-03-31,P052,2,177,651.92
2017-04-30,P052,2,220,651.92
2017-05-31,P052,2,219,651.92
2017-06-30,P052,2,209,651.92
2017-07-31,P052,2,240,651.92
2017-08-31,P052,2,81,651.92
2017-09-30,P052,2,74,651.92
2017-10-31,P052,2,68,651.92
2017-11-30,P052,2,108,651.92
2017-12-31,P052,2,96,651.92
2017-01-31,P052,8,92,651.92
2017-02-28,P052,8,135,651.92
2017-03-31,P052,8,140,651.92
2017-04-30,P052,8,160,651.92
2017-05-31,P052,8,174,651.92
2017-06-30,P052,8,155,651.92
2017-07-31,P052,8,144,651.92
2017-08-31,P052,8,131,651.92
2017-09-30,P052,8,124,651.92
2017-10-31,P052,8,81,651.92
2017-11-30,P052,8,118,651.92
2017-12-31,P052,8,148,651.92
2017-01-31,P053,2,21,573.41
2017-02-28,P053,2,27,573.41
2017-03-31,P053,2,33,573.41
2017-04-30,P053,2,1,573.41
2017-05-31,P053,2,30,573.41
2017-06-30,P053,2,35,573.41
2017-07-31,P053,2,35,573.41
2017-08-31,P053,2,32,573.41
2017-09-30,P053,2,28,573.41
2017-10-31,P053,2,18,573.41
2017-11-30,P053,2,16,573.41
2017-12-31,P053,2,17,573.41
2017-01-31,P053,5,76,573.41
2017-02-28,P053,5,98,573.41
2017-03-31,P053,5,121,573.41
2017-04-30,P053,5,18,573.41
2017-05-31,P053,5,130,573.41
2017-06-30,P053,5,28,573.41
2017-07-31,P053,5,50,573.41
2017-08-31,P053,5,50,573.41
2017-09-30,P053,5,40,573.41
2017-10-31,P053,5,45,573.41
2017-11-30,P053,5,36,573.41
2017-12-31,P053,5,33,573.41
2017-01-31,P053,6,559,573.41
2017-02-28,P053,6,376,573.41
2017-03-31,P053,6,211,573.41
2017-04-30,P053,6,41,573.41
2017-05-31,P053,6,63,573.41
2017-06-30,P053,6,94,573.41
2017-07-31,P053,6,130,573.41
2017-08-31,P053,6,133,573.41
2017-09-30,P053,6,146,573.41
2017-10-31,P053,6,133,573.41
2017-11-30,P053,6,143,573.41
2017-12-31,P053,6,176,573.41
2017-01-31,P054,3,137,714.15
2017-02-28,P054,3,155,714.15
2017-03-31,P054,3,161,714.15
2017-04-30,P054,3,31,714.15
2017-05-31,P054,3,95,714.15
2017-06-30,P054,3,104,714.15
2017-07-31,P054,3,55,714.15
2017-08-31,P054,3,56,714.15
2017-09-30,P054,3,163,714.15
2017-10-31,P054,3,182,714.15
2017-11-30,P054,3,50,714.15
2017-12-31,P054,3,75,714.15
2017-01-31,P054,5,102,714.15
2017-02-28,P054,5,132,714.15
2017-03-31,P054,5,116,714.15
2017-04-30,P054,5,102,714.15
2017-05-31,P054,5,85,714.15
2017-06-30,P054,5,90,714.15
2017-07-31,P054,5,116,714.15
2017-08-31,P054,5,130,714.15
2017-09-30,P054,5,33,714.15
2017-10-31,P054,5,65,714.15
2017-11-30,P054,5,87,714.15
2017-12-31,P054,5,85,714.15
2017-01-31,P054,7,13,714.15
2017-02-28,P054,7,21,714.15
2017-03-31,P054,7,26,714.15
2017-04-30,P054,7,31,714.15
2017-05-31,P054,7,59,714.15
2017-06-30,P054,7,84,714.15
2017-07-31,P054,7,52,714.15
2017-08-31,P054,7,49,714.15
2017-09-30,P054,7,59,714.15
2017-10-31,P054,7,25,714.15
2017-11-30,P054,7,27,714.15
2017-12-31,P054,7,20,714.15
2017-01-31,P055,4,77,581.16
2017-02-28,P055,4,29,581.16
2017-03-31,P055,4,41,581.16
2017-04-30,P055,4,39,581.16
2017-05-31,P055,4,39,581.16
2017-06-30,P055,4,44,581.16
2017-07-31,P055,4,32,581.16
2017-08-31,P055,4,31,581.16
2017-09-30,P055,4,46,581.16
2017-10-31,P055,4,52,581.16
2017-11-30,P055,4,64,581.16
2017-12-31,P055,4,68,581.16
2017-01-31,P055,6,0,581.16
2017-02-28,P055,6,0,581.16
2017-03-31,P055,6,0,581.16
2017-04-30,P055,6,0,581.16
2017-05-31,P055,6,0,581.16
2017-06-30,P055,6,0,581.16
2017-07-31,P055,6,0,581.16
2017-08-31,P055,6,0,581.16
2017-09-30,P055,6,0,581.16
2017-10-31,P055,6,0,581.16
2017-11-30,P055,6,0,581.16
2017-12-31,P055,6,0,581.16
2017-01-31,P055,7,157,581.16
2017-02-28,P055,7,179,581.16
2017-03-31,P055,7,205,581.16
2017-04-30,P055,7,190,581.16
2017-05-31,P055,7,198,581.16
2017-06-30,P055,7,193,581.16
2017-07-31,P055,7,199,581.16
2017-08-31,P055,7,154,581.16
2017-09-30,P055,7,146,581.16
2017-10-31,P055,7,111,581.16
2017-11-30,P055,7,146,581.16
2017-12-31,P055,7,151,581.16
2017-01-31,P056,1,32,567.81
2017-02-28,P056,1,30,567.81
2017-03-31,P056,1,36,567.81
2017-04-30,P056,1,32,567.81
2017-05-31,P056,1,28,567.81
2017-06-30,P056,1,28,567.81
2017-07-31,P056,1,34,567.81
2017-08-31,P056,1,37,567.81
2017-09-30,P056,1,31,567.81
2017-10-31,P056,1,35,567.81
2017-11-30,P056,1,37,567.81
2017-12-31,P056,1,10,567.81
2017-01-31,P056,4,130,567.81
2017-02-28,P056,4,132,567.81
2017-03-31,P056,4,111,567.81
2017-04-30,P056,4,108,567.81
2017-05-31,P056,4,93,567.81
2017-06-30,P056,4,109,567.81
2017-07-31,P056,4,94,567.81
2017-08-31,P056,4,104,567.81
2017-09-30,P056,4,115,567.81
2017-10-31,P056,4,135,567.81
2017-11-30,P056,4,60,567.81
2017-12-31,P056,4,77,567.81
2017-01-31,P056,9,139,567.81
2017-02-28,P056,9,147,567.81
2017-03-31,P056,9,131,567.81
2017-04-30,P056,9,155,567.81
2017-05-31,P056,9,125,567.81
2017-06-30,P056,9,123,567.81
2017-07-31,P056,9,149,567.81
2017-08-31,P056,9,170,567.81
2017-09-30,P056,9,16,567.81
2017-10-31,P056,9,181,567.81
2017-11-30,P056,9,38,567.81
2017-12-31,P056,9,50,567.81
2017-01-31,P057,1,50,563.7
2017-02-28,P057,1,60,563.7
2017-03-31,P057,1,50,563.7
2017-04-30,P057,1,45,563.7
2017-05-31,P057,1,27,563.7
2017-06-30,P057,1,34,563.7
2017-07-31,P057,1,39,563.7
2017-08-31,P057,1,27,563.7
2017-09-30,P057,1,29,563.7
2017-10-31,P057,1,35,563.7
2017-11-30,P057,1,63,563.7
2017-12-31,P057,1,60,563.7
2017-01-31,P057,2,92,563.7
2017-02-28,P057,2,5,563.7
2017-03-31,P057,2,21,563.7
2017-04-30,P057,2,48,563.7
2017-05-31,P057,2,39,563.7
2017-06-30,P057,2,40,563.7
2017-07-31,P057,2,49,563.7
2017-08-31,P057,2,38,563.7
2017-09-30,P057,2,28,563.7
2017-10-31,P057,2,44,563.7
2017-11-30,P057,2,41,563.7
2017-12-31,P057,2,50,563.7
2017-01-31,P057,4,41,563.7
2017-02-28,P057,4,76,563.7
2017-03-31,P057,4,92,563.7
2017-04-30,P057,4,108,563.7
2017-05-31,P057,4,98,563.7
2017-06-30,P057,4,130,563.7
2017-07-31,P057,4,148,563.7
2017-08-31,P057,4,5,563.7
2017-09-30,P057,4,27,563.7
2017-10-31,P057,4,29,563.7
2017-11-30,P057,4,28,563.7
2017-12-31,P057,4,6,563.7
2017-01-31,P058,3,13,511.1
2017-02-28,P058,3,14,511.1
2017-03-31,P058,3,14,511.1
2017-04-30,P058,3,13,511.1
2017-05-31,P058,3,16,511.1
2017-06-30,P058,3,19,511.1
2017-07-31,P058,3,25,511.1
2017-08-31,P058,3,30,511.1
2017-09-30,P058,3,33,511.1
2017-10-31,P058,3,30,511.1
2017-11-30,P058,3,26,511.1
2017-12-31,P058,3,25,511.1
2017-01-31,P058,5,16,511.1
2017-02-28,P058,5,20,511.1
2017-03-31,P058,5,21,511.1
2017-04-30,P058,5,20,511.1
2017-05-31,P058,5,21,511.1
2017-06-30,P058,5,27,511.1
2017-07-31,P058,5,29,511.1
2017-08-31,P058,5,26,511.1
2017-09-30,P058,5,30,511.1
2017-10-31,P058,5,38,511.1
2017-11-30,P058,5,8,511.1
2017-12-31,P058,5,15,511.1
2017-01-31,P058,9,156,511.1
2017-02-28,P058,9,192,511.1
2017-03-31,P058,9,174,511.1
2017-04-30,P058,9,21,511.1
2017-05-31,P058,9,201,511.1
2017-06-30,P058,9,6,511.1
2017-07-31,P058,9,193,511.1
2017-08-31,P058,9,183,511.1
2017-09-30,P058,9,14,511.1
2017-10-31,P058,9,63,511.1
2017-11-30,P058,9,78,511.1
2017-12-31,P058,9,54,511.1
2017-01-31,P059,4,67,509.32
2017-02-28,P059,4,71,509.32
2017-03-31,P059,4,67,509.32
2017-04-30,P059,4,27,509.32
2017-05-31,P059,4,26,509.32
2017-06-30,P059,4,21,509.32
2017-07-31,P059,4,24,509.32
2017-08-31,P059,4,12,509.32
2017-09-30,P059,4,21,509.32
2017-10-31,P059,4,28,509.32
2017-11-30,P059,4,37,509.32
2017-12-31,P059,4,40,509.32
2017-01-31,P059,6,203,509.32
2017-02-28,P059,6,125,509.32
2017-03-31,P059,6,49,509.32
2017-04-30,P059,6,53,509.32
2017-05-31,P059,6,73,509.32
2017-06-30,P059,6,88,509.32
2017-07-31,P059,6,98,509.32
2017-08-31,P059,6,23,509.32
2017-09-30,P059,6,56,509.32
2017-10-31,P059,6,75,509.32
2017-11-30,P059,6,75,509.32
2017-12-31,P059,6,0,509.32
2017-01-31,P059,9,35,509.32
2017-02-28,P059,9,75,509.32
2017-03-31,P059,9,75,509.32
2017-04-30,P059,9,73,509.32
2017-05-31,P059,9,64,509.32
2017-06-30,P059,9,79,509.32
2017-07-31,P059,9,78,509.32
2017-08-31,P059,9,82,509.32
2017-09-30,P059,9,75,509.32
2017-10-31,P059,9,94,509.32
2017-11-30,P059,9,9,509.32
2017-12-31,P059,9,7,509.32
2017-01-31,P060,4,50,528.95
2017-02-28,P060,4,72,528.95
2017-03-31,P060,4,85,528.95
2017-04-30,P060,4,98,528.95
2017-05-31,P060,4,84,528.95
2017-06-30,P060,4,56,528.95
2017-07-31,P060,4,58,528.95
2017-08-31,P060,4,42,528.95
2017-09-30,P060,4,59,528.95
2017-10-31,P060,4,17,528.95
2017-11-30,P060,4,17,528.95
2017-12-31,P060,4,46,528.95
2017-01-31,P060,5,140,528.95
2017-02-28,P060,5,144,528.95
2017-03-31,P060,5,120,528.95
2017-04-30,P060,5,127,528.95
2017-05-31,P060,5,138,528.95
2017-06-30,P060,5,12,528.95
2017-07-31,P060,5,146,528.95
2017-08-31,P060,5,130,528.95
2017-09-30,P060,5,114,528.95
2017-10-31,P060,5,104,528.95
2017-11-30,P060,5,98,528.95
2017-12-31,P060,5,102,528.95
2017-01-31,P060,7,131,528.95
2017-02-28,P060,7,122,528.95
2017-03-31,P060,7,112,528.95
2017-04-30,P060,7,95,528.95
2017-05-31,P060,7,90,528.95
2017-06-30,P060,7,129,528.95
2017-07-31,P060,7,126,528.95
2017-08-31,P060,7,110,528.95
2017-09-30,P060,7,111,528.95
2017-10-31,P060,7,131,528.95
2017-11-30,P060,7,112,528.95
2017-12-31,P060,7,123,528.95
2017-01-31,P061,2,155,499.96
2017-02-28,P061,2,167,499.96
2017-03-31,P061,2,21,499.96
2017-04-30,P061,2,23,499.96
2017-05-31,P061,2,147,499.96
2017-06-30,P061,2,144,499.96
2017-07-31,P061,2,160,499.96
2017-08-31,P061,2,152,499.96
2017-09-30,P061,2,142,499.96
2017-10-31,P061,2,160,499.96
2017-11-30,P061,2,144,499.96
2017-12-31,P061,2,120,499.96
2017-01-31,P061,4,25,499.96
2017-02-28,P061,4,26,499.96
2017-03-31,P061,4,27,499.96
2017-04-30,P061,4,30,499.96
2017-05-31,P061,4,25,499.96
2017-06-30,P061,4,29,499.96
2017-07-31,P061,4,35,499.96
2017-08-31,P061,4,38,499.96
2017-09-30,P061,4,11,499.96
2017-10-31,P061,4,39,499.96
2017-11-30,P061,4,35,499.96
2017-12-31,P061,4,6,499.96
2017-01-31,P061,9,109,499.96
2017-02-28,P061,9,134,499.96
2017-03-31,P061,9,127,499.96
2017-04-30,P061,9,120,499.96
2017-05-31,P061,9,105,499.96
2017-06-30,P061,9,128,499.96
2017-07-31,P061,9,119,499.96
2017-08-31,P061,9,26,499.96
2017-09-30,P061,9,46,499.96
2017-10-31,P061,9,66,499.96
2017-11-30,P061,9,65,499.96
2017-12-31,P061,9,49,499.96
2017-01-31,P062,6,30,527.69
2017-02-28,P062,6,35,527.69
2017-03-31,P062,6,38,527.69
2017-04-30,P062,6,32,527.69
2017-05-31,P062,6,23,527.69
2017-06-30,P062,6,28,527.69
2017-07-31,P062,6,22,527.69
2017-08-31,P062,6,28,527.69
2017-09-30,P062,6,38,527.69
2017-10-31,P062,6,36,527.69
2017-11-30,P062,6,45,527.69
2017-12-31,P062,6,55,527.69
2017-01-31,P062,7,35,527.69
2017-02-28,P062,7,58,527.69
2017-03-31,P062,7,29,527.69
2017-04-30,P062,7,44,527.69
2017-05-31,P062,7,77,527.69
2017-06-30,P062,7,81,527.69
2017-07-31,P062,7,79,527.69
2017-08-31,P062,7,89,527.69
2017-09-30,P062,7,76,527.69
2017-10-31,P062,7,58,527.69
2017-11-30,P062,7,89,527.69
2017-12-31,P062,7,102,527.69
2017-01-31,P062,9,121,527.69
2017-02-28,P062,9,121,527.69
2017-03-31,P062,9,121,527.69
2017-04-30,P062,9,121,527.69
2017-05-31,P062,9,121,527.69
2017-06-30,P062,9,121,527.69
2017-07-31,P062,9,121,527.69
2017-08-31,P062,9,121,527.69
2017-09-30,P062,9,121,527.69
2017-10-31,P062,9,121,527.69
2017-11-30,P062,9,121,527.69
2017-12-31,P062,9,121,527.69
2017-01-31,P063,2,82,461.92
2017-02-28,P063,2,139,461.92
2017-03-31,P063,2,124,461.92
2017-04-30,P063,2,133,461.92
2017-05-31,P063,2,137,461.92
2017-06-30,P063,2,149,461.92
2017-07-31,P063,2,174,461.92
2017-08-31,P063,2,157,461.92
2017-09-30,P063,2,148,461.92
2017-10-31,P063,2,139,461.92
2017-11-30,P063,2,161,461.92
2017-12-31,P063,2,0,461.92
2017-01-31,P063,3,96,461.92
2017-02-28,P063,3,97,461.92
2017-03-31,P063,3,94,461.92
2017-04-30,P063,3,97,461.92
2017-05-31,P063,3,96,461.92
2017-06-30,P063,3,112,461.92
2017-07-31,P063,3,101,461.92
2017-08-31,P063,3,110,461.92
2017-09-30,P063,3,30,461.92
2017-10-31,P063,3,42,461.92
2017-11-30,P063,3,59,461.92
2017-12-31,P063,3,59,461.92
2017-01-31,P063,8,65,461.92
2017-02-28,P063,8,73,461.92
2017-03-31,P063,8,78,461.92
2017-04-30,P063,8,90,461.92
2017-05-31,P063,8,94,461.92
2017-06-30,P063,8,116,461.92
2017-07-31,P063,8,137,461.92
2017-08-31,P063,8,157,461.92
2017-09-30,P063,8,147,461.92
2017-10-31,P063,8,163,461.92
2017-11-30,P063,8,199,461.92
2017-12-31,P063,8,181,461.92
2017-01-31,P064,1,36,545.19
2017-02-28,P064,1,32,545.19
2017-03-31,P064,1,39,545.19
2017-04-30,P064,1,47,545.19
2017-05-31,P064,1,35,545.19
2017-06-30,P064,1,37,545.19
2017-07-31,P064,1,38,545.19
2017-08-31,P064,1,45,545.19
2017-09-30,P064,1,51,545.19
2017-10-31,P064,1,57,545.19
2017-11-30,P064,1,65,545.19
2017-12-31,P064,1,3,545.19
2017-01-31,P064,3,54,545.19
2017-02-28,P064,3,63,545.19
2017-03-31,P064,3,44,545.19
2017-04-30,P064,3,45,545.19
2017-05-31,P064,3,70,545.19
2017-06-30,P064,3,82,545.19
2017-07-31,P064,3,87,545.19
2017-08-31,P064,3,89,545.19
2017-09-30,P064,3,95,545.19
2017-10-31,P064,3,110,545.19
2017-11-30,P064,3,143,545.19
2017-12-31,P064,3,2,545.19
2017-01-31,P064,5,61,545.19
2017-02-28,P064,5,70,545.19
2017-03-31,P064,5,77,545.19
2017-04-30,P064,5,55,545.19
2017-05-31,P064,5,71,545.19
2017-06-30,P064,5,64,545.19
2017-07-31,P064,5,90,545.19
2017-08-31,P064,5,21,545.19
2017-09-30,P064,5,35,545.19
2017-10-31,P064,5,52,545.19
2017-11-30,P064,5,49,545.19
2017-12-31,P064,5,48,545.19
2017-01-31,P065,1,122,535.47
2017-02-28,P065,1,38,535.47
2017-03-31,P065,1,33,535.47
2017-04-30,P065,1,34,535.47
2017-05-31,P065,1,40,535.47
2017-06-30,P065,1,48,535.47
2017-07-31,P065,1,30,535.47
2017-08-31,P065,1,35,535.47
2017-09-30,P065,1,27,535.47
2017-10-31,P065,1,25,535.47
2017-11-30,P065,1,5,535.47
2017-12-31,P065,1,0,535.47
2017-01-31,P065,2,14,535.47
2017-02-28,P065,2,14,535.47
2017-03-31,P065,2,13,535.47
2017-04-30,P065,2,12,535.47
2017-05-31,P065,2,9,535.47
2017-06-30,P065,2,21,535.47
2017-07-31,P065,2,27,535.47
2017-08-31,P065,2,30,535.47
2017-09-30,P065,2,34,535.47
2017-10-31,P065,2,39,535.47
2017-11-30,P065,2,14,535.47
2017-12-31,P065,2,11,535.47
2017-01-31,P065,5,190,535.47
2017-02-28,P065,5,183,535.47
2017-03-31,P065,5,172,535.47
2017-04-30,P065,5,43,535.47
2017-05-31,P065,5,180,535.47
2017-06-30,P065,5,59,535.47
2017-07-31,P065,5,75,535.47
2017-08-31,P065,5,81,535.47
2017-09-30,P065,5,115,535.47
2017-10-31,P065,5,117,535.47
2017-11-30,P065,5,107,535.47
2017-12-31,P065,5,94,535.47
2017-01-31,P066,1,76,453.14
2017-02-28,P066,1,43,453.14
2017-03-31,P066,1,4,453.14
2017-04-30,P066,1,0,453.14
2017-05-31,P066,1,28,453.14
2017-06-30,P066,1,29,453.14
2017-07-31,P066,1,32,453.14
2017-08-31,P066,1,4,453.14
2017-09-30,P066,1,29,453.14
2017-10-31,P066,1,32,453.14
2017-11-30,P066,1,7,453.14
2017-12-31,P066,1,6,453.14
2017-01-31,P066,3,28,453.14
2017-02-28,P066,3,37,453.14
2017-03-31,P066,3,40,453.14
2017-04-30,P066,3,55,453.14
2017-05-31,P066,3,37,453.14
2017-06-30,P066,3,69,453.14
2017-07-31,P066,3,70,453.14
2017-08-31,P066,3,82,453.14
2017-09-30,P066,3,107,453.14
2017-10-31,P066,3,98,453.14
2017-11-30,P066,3,101,453.14
2017-12-31,P066,3,85,453.14
2017-01-31,P066,7,72,453.14
2017-02-28,P066,7,78,453.14
2017-03-31,P066,7,89,453.14
2017-04-30,P066,7,83,453.14
2017-05-31,P066,7,66,453.14
2017-06-30,P066,7,63,453.14
2017-07-31,P066,7,49,453.14
2017-08-31,P066,7,59,453.14
2017-09-30,P066,7,35,453.14
2017-10-31,P066,7,36,453.14
2017-11-30,P066,7,61,453.14
2017-12-31,P066,7,24,453.14
2017-01-31,P067,3,120,421.9
2017-02-28,P067,3,110,421.9
2017-03-31,P067,3,106,421.9
2017-04-30,P067,3,97,421.9
2017-05-31,P067,3,103,421.9
2017-06-30,P067,3,104,421.9
2017-07-31,P067,3,109,421.9
2017-08-31,P067,3,98,421.9
2017-09-30,P067,3,110,421.9
2017-10-31,P067,3,102,421.9
2017-11-30,P067,3,105,421.9
2017-12-31,P067,3,91,421.9
2017-01-31,P067,6,0,421.9
2017-02-28,P067,6,0,421.9
2017-03-31,P067,6,0,421.9
2017-04-30,P067,6,0,421.9
2017-05-31,P067,6,0,421.9
2017-06-30,P067,6,0,421.9
2017-07-31,P067,6,0,421.9
2017-08-31,P067,6,0,421.9
2017-09-30,P067,6,0,421.9
2017-10-31,P067,6,0,421.9
2017-11-30,P067,6,0,421.9
2017-12-31,P067,6,0,421.9
2017-01-31,P067,8,243,421.9
2017-02-28,P067,8,171,421.9
2017-03-31,P067,8,79,421.9
2017-04-30,P067,8,58,421.9
2017-05-31,P067,8,47,421.9
2017-06-30,P067,8,33,421.9
2017-07-31,P067,8,43,421.9
2017-08-31,P067,8,65,421.9
2017-09-30,P067,8,93,421.9
2017-10-31,P067,8,105,421.9
2017-11-30,P067,8,22,421.9
2017-12-31,P067,8,28,421.9
2017-01-31,P068,6,51,493.48
2017-02-28,P068,6,60,493.48
2017-03-31,P068,6,87,493.48
2017-04-30,P068,6,102,493.48
2017-05-31,P068,6,73,493.48
2017-06-30,P068,6,71,493.48
2017-07-31,P068,6,63,493.48
2017-08-31,P068,6,82,493.48
2017-09-30,P068,6,72,493.48
2017-10-31,P068,6,80,493.48
2017-11-30,P068,6,75,493.48
2017-12-31,P068,6,73,493.48
2017-01-31,P068,8,44,493.48
2017-02-28,P068,8,57,493.48
2017-03-31,P068,8,72,493.48
2017-04-30,P068,8,67,493.48
2017-05-31,P068,8,66,493.48
2017-06-30,P068,8,62,493.48
2017-07-31,P068,8,62,493.48
2017-08-31,P068,8,62,493.48
2017-09-30,P068,8,67,493.48
2017-10-31,P068,8,76,493.48
2017-11-30,P068,8,22,493.48
2017-12-31,P068,8,10,493.48
2017-01-31,P068,9,450,493.48
2017-02-28,P068,9,302,493.48
2017-03-31,P068,9,143,493.48
2017-04-30,P068,9,166,493.48
2017-05-31,P068,9,187,493.48
2017-06-30,P068,9,52,493.48
2017-07-31,P068,9,63,493.48
2017-08-31,P068,9,68,493.48
2017-09-30,P068,9,74,493.48
2017-10-31,P068,9,87,493.48
2017-11-30,P068,9,94,493.48
2017-12-31,P068,9,88,493.48
2017-01-31,P069,1,13,399.77
2017-02-28,P069,1,22,399.77
2017-03-31,P069,1,22,399.77
2017-04-30,P069,1,20,399.77
2017-05-31,P069,1,23,399.77
2017-06-30,P069,1,22,399.77
2017-07-31,P069,1,18,399.77
2017-08-31,P069,1,13,399.77
2017-09-30,P069,1,17,399.77
2017-10-31,P069,1,19,399.77
2017-11-30,P069,1,19,399.77
2017-12-31,P069,1,22,399.77
2017-01-31,P069,3,59,399.77
2017-02-28,P069,3,69,399.77
2017-03-31,P069,3,76,399.77
2017-04-30,P069,3,20,399.77
2017-05-31,P069,3,21,399.77
2017-06-30,P069,3,31,399.77
2017-07-31,P069,3,26,399.77
2017-08-31,P069,3,39,399.77
2017-09-30,P069,3,41,399.77
2017-10-31,P069,3,45,399.77
2017-11-30,P069,3,59,399.77
2017-12-31,P069,3,72,399.77
2017-01-31,P069,8,127,399.77
2017-02-28,P069,8,157,399.77
2017-03-31,P069,8,183,399.77
2017-04-30,P069,8,52,399.77
2017-05-31,P069,8,182,399.77
2017-06-30,P069,8,61,399.77
2017-07-31,P069,8,70,399.77
2017-08-31,P069,8,96,399.77
2017-09-30,P069,8,112,399.77
2017-10-31,P069,8,136,399.77
2017-11-30,P069,8,144,399.77
2017-12-31,P069,8,169,399.77
2017-01-31,P070,1,115,481.56
2017-02-28,P070,1,61,481.56
2017-03-31,P070,1,0,481.56
2017-04-30,P070,1,21,481.56
2017-05-31,P070,1,0,481.56
2017-06-30,P070,1,17,481.56
2017-07-31,P070,1,12,481.56
2017-08-31,P070,1,10,481.56
2017-09-30,P070,1,14,481.56
2017-10-31,P070,1,25,481.56
2017-11-30,P070,1,37,481.56
2017-12-31,P070,1,35,481.56
2017-01-31,P070,4,7,481.56
2017-02-28,P070,4,0,481.56
2017-03-31,P070,4,0,481.56
2017-04-30,P070,4,0,481.56
2017-05-31,P070,4,0,481.56
2017-06-30,P070,4,0,481.56
2017-07-31,P070,4,0,481.56
2017-08-31,P070,4,0,481.56
2017-09-30,P070,4,0,481.56
2017-10-31,P070,4,0,481.56
2017-11-30,P070,4,0,481.56
2017-12-31,P070,4,0,481.56
2017-01-31,P070,8,113,481.56
2017-02-28,P070,8,113,481.56
2017-03-31,P070,8,113,481.56
2017-04-30,P070,8,113,481.56
2017-05-31,P070,8,113,481.56
2017-06-30,P070,8,113,481.56
2017-07-31,P070,8,113,481.56
2017-08-31,P070,8,113,481.56
2017-09-30,P070,8,113,481.56
2017-10-31,P070,8,113,481.56
2017-11-30,P070,8,113,481.56
2017-12-31,P070,8,113,481.56
2017-01-31,P071,1,82,4058.99
2017-02-28,P071,1,91,4058.99
2017-03-31,P071,1,74,4058.99
2017-04-30,P071,1,59,4058.99
2017-05-31,P071,1,52,4058.99
2017-06-30,P071,1,47,4058.99
2017-07-31,P071,1,171,4058.99
2017-08-31,P071,1,162,4058.99
2017-09-30,P071,1,33,4058.99
2017-10-31,P071,1,57,4058.99
2017-11-30,P071,1,71,4058.99
2017-12-31,P071,1,86,4058.99
2017-01-31,P071,2,191,4058.99
2017-02-28,P071,2,61,4058.99
2017-03-31,P071,2,78,4058.99
2017-04-30,P071,2,126,4058.99
2017-05-31,P071,2,123,4058.99
2017-06-30,P071,2,110,4058.99
2017-07-31,P071,2,120,4058.99
2017-08-31,P071,2,108,4058.99
2017-09-30,P071,2,107,4058.99
2017-10-31,P071,2,105,4058.99
2017-11-30,P071,2,126,4058.99
2017-12-31,P071,2,122,4058.99
2017-01-31,P071,6,61,4058.99
2017-02-28,P071,6,64,4058.99
2017-03-31,P071,6,64,4058.99
2017-04-30,P071,6,63,4058.99
2017-05-31,P071,6,75,4058.99
2017-06-30,P071,6,99,4058.99
2017-07-31,P071,6,23,4058.99
2017-08-31,P071,6,50,4058.99
2017-09-30,P071,6,50,4058.99
2017-10-31,P071,6,47,4058.99
2017-11-30,P071,6,51,4058.99
2017-12-31,P071,6,38,4058.99
2017-01-31,P072,2,12,3619.14
2017-02-28,P072,2,12,3619.14
2017-03-31,P072,2,9,3619.14
2017-04-30,P072,2,8,3619.14
2017-05-31,P072,2,14,3619.14
2017-06-30,P072,2,17,3619.14
2017-07-31,P072,2,19,3619.14
2017-08-31,P072,2,16,3619.14
2017-09-30,P072,2,18,3619.14
2017-10-31,P072,2,15,3619.14
2017-11-30,P072,2,25,3619.14
2017-12-31,P072,2,18,3619.14
2017-01-31,P072,5,118,3619.14
2017-02-28,P072,5,120,3619.14
2017-03-31,P072,5,34,3619.14
2017-04-30,P072,5,54,3619.14
2017-05-31,P072,5,55,3619.14
2017-06-30,P072,5,65,3619.14
2017-07-31,P072,5,85,3619.14
2017-08-31,P072,5,97,3619.14
2017-09-30,P072,5,102,3619.14
2017-10-31,P072,5,121,3619.14
2017-11-30,P072,5,35,3619.14
2017-12-31,P072,5,49,3619.14
2017-01-31,P072,8,196,3619.14
2017-02-28,P072,8,178,3619.14
2017-03-31,P072,8,132,3619.14
2017-04-30,P072,8,109,3619.14
2017-05-31,P072,8,125,3619.14
2017-06-30,P072,8,97,3619.14
2017-07-31,P072,8,124,3619.14
2017-08-31,P072,8,133,3619.14
2017-09-30,P072,8,139,3619.14
2017-10-31,P072,8,139,3619.14
2017-11-30,P072,8,185,3619.14
2017-12-31,P072,8,157,3619.14
2017-01-31,P073,4,34,2505.04
2017-02-28,P073,4,46,2505.04
2017-03-31,P073,4,52,2505.04
2017-04-30,P073,4,73,2505.04
2017-05-31,P073,4,82,2505.04
2017-06-30,P073,4,77,2505.04
2017-07-31,P073,4,87,2505.04
2017-08-31,P073,4,24,2505.04
2017-09-30,P073,4,22,2505.04
2017-10-31,P073,4,20,2505.04
2017-11-30,P073,4,6,2505.04
2017-12-31,P073,4,21,2505.04
2017-01-31,P073,5,115,2505.04
2017-02-28,P073,5,115,2505.04
2017-03-31,P073,5,105,2505.04
2017-04-30,P073,5,116,2505.04
2017-05-31,P073,5,86,2505.04
2017-06-30,P073,5,73,2505.04
2017-07-31,P073,5,59,2505.04
2017-08-31,P073,5,78,2505.04
2017-09-30,P073,5,109,2505.04
2017-10-31,P073,5,98,2505.04
2017-11-30,P073,5,80,2505.04
2017-12-31,P073,5,56,2505.04
2017-01-31,P073,6,0,2505.04
2017-02-28,P073,6,0,2505.04
2017-03-31,P073,6,0,2505.04
2017-04-30,P073,6,0,2505.04
2017-05-31,P073,6,0,2505.04
2017-06-30,P073,6,0,2505.04
2017-07-31,P073,6,0,2505.04
2017-08-31,P073,6,0,2505.04
2017-09-30,P073,6,0,2505.04
2017-10-31,P073,6,0,2505.04
2017-11-30,P073,6,0,2505.04
2017-12-31,P073,6,0,2505.04
2017-01-31,P074,6,0,2785.55
2017-02-28,P074,6,0,2785.55
2017-03-31,P074,6,0,2785.55
2017-04-30,P074,6,0,2785.55
2017-05-31,P074,6,0,2785.55
2017-06-30,P074,6,0,2785.55
2017-07-31,P074,6,0,2785.55
2017-08-31,P074,6,0,2785.55
2017-09-30,P074,6,0,2785.55
2017-10-31,P074,6,0,2785.55
2017-11-30,P074,6,0,2785.55
2017-12-31,P074,6,0,2785.55
2017-01-31,P074,7,0,2785.55
2017-02-28,P074,7,0,2785.55
2017-03-31,P074,7,0,2785.55
2017-04-30,P074,7,0,2785.55
2017-05-31,P074,7,0,2785.55
2017-06-30,P074,7,0,2785.55
2017-07-31,P074,7,0,2785.55
2017-08-31,P074,7,0,2785.55
2017-09-30,P074,7,0,2785.55
2017-10-31,P074,7,0,2785.55
2017-11-30,P074,7,0,2785.55
2017-12-31,P074,7,0,2785.55
2017-01-31,P074,8,43,2785.55
2017-02-28,P074,8,36,2785.55
2017-03-31,P074,8,60,2785.55
2017-04-30,P074,8,70,2785.55
2017-05-31,P074,8,86,2785.55
2017-06-30,P074,8,87,2785.55
2017-07-31,P074,8,75,2785.55
2017-08-31,P074,8,80,2785.55
2017-09-30,P074,8,71,2785.55
2017-10-31,P074,8,37,2785.55
2017-11-30,P074,8,40,2785.55
2017-12-31,P074,8,46,2785.55
2017-01-31,P075,2,211,2628.06
2017-02-28,P075,2,131,2628.06
2017-03-31,P075,2,51,2628.06
2017-04-30,P075,2,50,2628.06
2017-05-31,P075,2,52,2628.06
2017-06-30,P075,2,57,2628.06
2017-07-31,P075,2,60,2628.06
2017-08-31,P075,2,74,2628.06
2017-09-30,P075,2,62,2628.06
2017-10-31,P075,2,78,2628.06
2017-11-30,P075,2,96,2628.06
2017-12-31,P075,2,14,2628.06
2017-01-31,P075,5,26,2628.06
2017-02-28,P075,5,27,2628.06
2017-03-31,P075,5,33,2628.06
2017-04-30,P075,5,36,2628.06
2017-05-31,P075,5,47,2628.06
2017-06-30,P075,5,42,2628.06
2017-07-31,P075,5,62,2628.06
2017-08-31,P075,5,80,2628.06
2017-09-30,P075,5,12,2628.06
2017-10-31,P075,5,80,2628.06
2017-11-30,P075,5,20,2628.06
2017-12-31,P075,5,30,2628.06
2017-01-31,P075,6,74,2628.06
2017-02-28,P075,6,73,2628.06
2017-03-31,P075,6,7,2628.06
2017-04-30,P075,6,21,2628.06
2017-05-31,P075,6,18,2628.06
2017-06-30,P075,6,29,2628.06
2017-07-31,P075,6,29,2628.06
2017-08-31,P075,6,29,2628.06
2017-09-30,P075,6,31,2628.06
2017-10-31,P075,6,38,2628.06
2017-11-30,P075,6,48,2628.06
2017-12-31,P075,6,58,2628.06
2017-01-31,P076,4,49,2483.38
2017-02-28,P076,4,65,2483.38
2017-03-31,P076,4,69,2483.38
2017-04-30,P076,4,74,2483.38
2017-05-31,P076,4,74,2483.38
2017-06-30,P076,4,21,2483.38
2017-07-31,P076,4,36,2483.38
2017-08-31,P076,4,24,2483.38
2017-09-30,P076,4,35,2483.38
2017-10-31,P076,4,53,2483.38
2017-11-30,P076,4,65,2483.38
2017-12-31,P076,4,74,2483.38
2017-01-31,P076,5,61,2483.38
2017-02-28,P076,5,61,2483.38
2017-03-31,P076,5,61,2483.38
2017-04-30,P076,5,61,2483.38
2017-05-31,P076,5,61,2483.38
2017-06-30,P076,5,61,2483.38
2017-07-31,P076,5,61,2483.38
2017-08-31,P076,5,61,2483.38
2017-09-30,P076,5,61,2483.38
2017-10-31,P076,5,61,2483.38
2017-11-30,P076,5,61,2483.38
2017-12-31,P076,5,61,2483.38
2017-01-31,P076,8,0,2483.38
2017-02-28,P076,8,0,2483.38
2017-03-31,P076,8,0,2483.38
2017-04-30,P076,8,0,2483.38
2017-05-31,P076,8,0,2483.38
2017-06-30,P076,8,0,2483.38
2017-07-31,P076,8,0,2483.38
2017-08-31,P076,8,0,2483.38
2017-09-30,P076,8,0,2483.38
2017-10-31,P076,8,0,2483.38
2017-11-30,P076,8,0,2483.38
2017-12-31,P076,8,0,2483.38
2017-01-31,P077,6,228,2313.07
2017-02-28,P077,6,146,2313.07
2017-03-31,P077,6,49,2313.07
2017-04-30,P077,6,63,2313.07
2017-05-31,P077,6,56,2313.07
2017-06-30,P077,6,75,2313.07
2017-07-31,P077,6,78,2313.07
2017-08-31,P077,6,64,2313.07
2017-09-30,P077,6,64,2313.07
2017-10-31,P077,6,81,2313.07
2017-11-30,P077,6,96,2313.07
2017-12-31,P077,6,85,2313.07
2017-01-31,P077,7,0,2313.07
2017-02-28,P077,7,0,2313.07
2017-03-31,P077,7,0,2313.07
2017-04-30,P077,7,0,2313.07
2017-05-31,P077,7,0,2313.07
2017-06-30,P077,7,0,2313.07
2017-07-31,P077,7,0,2313.07
2017-08-31,P077,7,0,2313.07
2017-09-30,P077,7,0,2313.07
2017-10-31,P077,7,0,2313.07
2017-11-30,P077,7,0,2313.07
2017-12-31,P077,7,0,2313.07
2017-01-31,P077,8,89,2313.07
2017-02-28,P077,8,116,2313.07
2017-03-31,P077,8,118,2313.07
2017-04-30,P077,8,128,2313.07
2017-05-31,P077,8,117,2313.07
2017-06-30,P077,8,105,2313.07
2017-07-31,P077,8,111,2313.07
2017-08-31,P077,8,102,2313.07
2017-09-30,P077,8,90,2313.07
2017-10-31,P077,8,104,2313.07
2017-11-30,P077,8,112,2313.07
2017-12-31,P077,8,123,2313.07
2017-01-31,P078,4,37,2128.67
2017-02-28,P078,4,59,2128.67
2017-03-31,P078,4,69,2128.67
2017-04-30,P078,4,80,2128.67
2017-05-31,P078,4,67,2128.67
2017-06-30,P078,4,57,2128.67
2017-07-31,P078,4,84,2128.67
2017-08-31,P078,4,104,2128.67
2017-09-30,P078,4,120,2128.67
2017-10-31,P078,4,125,2128.67
2017-11-30,P078,4,22,2128.67
2017-12-31,P078,4,27,2128.67
2017-01-31,P078,5,0,2128.67
2017-02-28,P078,5,0,2128.67
2017-03-31,P078,5,0,2128.67
2017-04-30,P078,5,0,2128.67
2017-05-31,P078,5,0,2128.67
2017-06-30,P078,5,0,2128.67
2017-07-31,P078,5,0,2128.67
2017-08-31,P078,5,0,2128.67
2017-09-30,P078,5,0,2128.67
2017-10-31,P078,5,0,2128.67
2017-11-30,P078,5,0,2128.67
2017-12-31,P078,5,0,2128.67
2017-01-31,P078,9,69,2128.67
2017-02-28,P078,9,71,2128.67
2017-03-31,P078,9,47,2128.67
2017-04-30,P078,9,50,2128.67
2017-05-31,P078,9,44,2128.67
2017-06-30,P078,9,52,2128.67
2017-07-31,P078,9,50,2128.67
2017-08-31,P078,9,33,2128.67
2017-09-30,P078,9,53,2128.67
2017-10-31,P078,9,48,2128.67
2017-11-30,P078,9,56,2128.67
2017-12-31,P078,9,45,2128.67
2017-01-31,P079,1,281,1740.31
2017-02-28,P079,1,192,1740.31
2017-03-31,P079,1,105,1740.31
2017-04-30,P079,1,111,1740.31
2017-05-31,P079,1,118,1740.31
2017-06-30,P079,1,33,1740.31
2017-07-31,P079,1,121,1740.31
2017-08-31,P079,1,36,1740.31
2017-09-30,P079,1,42,1740.31
2017-10-31,P079,1,45,1740.31
2017-11-30,P079,1,53,1740.31
2017-12-31,P079,1,58,1740.31
2017-01-31,P079,2,305,1740.31
2017-02-28,P079,2,157,1740.31
2017-03-31,P079,2,28,1740.31
2017-04-30,P079,2,43,1740.31
2017-05-31,P079,2,44,1740.31
2017-06-30,P079,2,24,1740.31
2017-07-31,P079,2,148,1740.31
2017-08-31,P079,2,140,1740.31
2017-09-30,P079,2,0,1740.31
2017-10-31,P079,2,11,1740.31
2017-11-30,P079,2,47,1740.31
2017-12-31,P079,2,71,1740.31
2017-01-31,P079,4,237,1740.31
2017-02-28,P079,4,94,1740.31
2017-03-31,P079,4,127,1740.31
2017-04-30,P079,4,125,1740.31
2017-05-31,P079,4,84,1740.31
2017-06-30,P079,4,83,1740.31
2017-07-31,P079,4,105,1740.31
2017-08-31,P079,4,88,1740.31
2017-09-30,P079,4,92,1740.31
2017-10-31,P079,4,88,1740.31
2017-11-30,P079,4,86,1740.31
2017-12-31,P079,4,72,1740.31
2017-01-31,P080,2,115,1602.21
2017-02-28,P080,2,111,1602.21
2017-03-31,P080,2,23,1602.21
2017-04-30,P080,2,32,1602.21
2017-05-31,P080,2,86,1602.21
2017-06-30,P080,2,104,1602.21
2017-07-31,P080,2,115,1602.21
2017-08-31,P080,2,38,1602.21
2017-09-30,P080,2,45,1602.21
2017-10-31,P080,2,52,1602.21
2017-11-30,P080,2,54,1602.21
2017-12-31,P080,2,39,1602.21
2017-01-31,P080,5,21,1602.21
2017-02-28,P080,5,0,1602.21
2017-03-31,P080,5,0,1602.21
2017-04-30,P080,5,0,1602.21
2017-05-31,P080,5,0,1602.21
2017-06-30,P080,5,0,1602.21
2017-07-31,P080,5,0,1602.21
2017-08-31,P080,5,0,1602.21
2017-09-30,P080,5,0,1602.21
2017-10-31,P080,5,0,1602.21
2017-11-30,P080,5,0,1602.21
2017-12-31,P080,5,0,1602.21
2017-01-31,P080,9,83,1602.21
2017-02-28,P080,9,7,1602.21
2017-03-31,P080,9,5,1602.21
2017-04-30,P080,9,10,1602.21
2017-05-31,P080,9,6,1602.21
2017-06-30,P080,9,35,1602.21
2017-07-31,P080,9,18,1602.21
2017-08-31,P080,9,9,1602.21
2017-09-30,P080,9,7,1602.21
2017-10-31,P080,9,1,1602.21
2017-11-30,P080,9,39,1602.21
2017-12-31,P080,9,52,1602.21
2017-01-31,P081,1,188,1715.91
2017-02-28,P081,1,59,1715.91
2017-03-31,P081,1,84,1715.91
2017-04-30,P081,1,90,1715.91
2017-05-31,P081,1,79,1715.91
2017-06-30,P081,1,67,1715.91
2017-07-31,P081,1,94,1715.91
2017-08-31,P081,1,102,1715.91
2017-09-30,P081,1,89,1715.91
2017-10-31,P081,1,71,1715.91
2017-11-30,P081,1,64,1715.91
2017-12-31,P081,1,89,1715.91
2017-01-31,P081,3,79,1715.91
2017-02-28,P081,3,85,1715.91
2017-03-31,P081,3,70,1715.91
2017-04-30,P081,3,82,1715.91
2017-05-31,P081,3,102,1715.91
2017-06-30,P081,3,96,1715.91
2017-07-31,P081,3,105,1715.91
2017-08-31,P081,3,25,1715.91
2017-09-30,P081,3,25,1715.91
2017-10-31,P081,3,30,1715.91
2017-11-30,P081,3,25,1715.91
2017-12-31,P081,3,27,1715.91
2017-01-31,P081,6,2,1715.91
2017-02-28,P081,6,0,1715.91
2017-03-31,P081,6,0,1715.91
2017-04-30,P081,6,0,1715.91
2017-05-31,P081,6,0,1715.91
2017-06-30,P081,6,0,1715.91
2017-07-31,P081,6,0,1715.91
2017-08-31,P081,6,0,1715.91
2017-09-30,P081,6,0,1715.91
2017-10-31,P081,6,0,1715.91
2017-11-30,P081,6,0,1715.91
2017-12-31,P081,6,0,1715.91
2017-01-31,P082,1,29,1328.03
2017-02-28,P082,1,72,1328.03
2017-03-31,P082,1,33,1328.03
2017-04-30,P082,1,67,1328.03
2017-05-31,P082,1,72,1328.03
2017-06-30,P082,1,94,1328.03
2017-07-31,P082,1,125,1328.03
2017-08-31,P082,1,159,1328.03
2017-09-30,P082,1,186,1328.03
2017-10-31,P082,1,208,1328.03
2017-11-30,P082,1,196,1328.03
2017-12-31,P082,1,175,1328.03
2017-01-31,P082,3,68,1328.03
2017-02-28,P082,3,19,1328.03
2017-03-31,P082,3,64,1328.03
2017-04-30,P082,3,53,1328.03
2017-05-31,P082,3,50,1328.03
2017-06-30,P082,3,49,1328.03
2017-07-31,P082,3,60,1328.03
2017-08-31,P082,3,44,1328.03
2017-09-30,P082,3,40,1328.03
2017-10-31,P082,3,34,1328.03
2017-11-30,P082,3,27,1328.03
2017-12-31,P082,3,37,1328.03
2017-01-31,P082,8,149,1328.03
2017-02-28,P082,8,51,1328.03
2017-03-31,P082,8,34,1328.03
2017-04-30,P082,8,43,1328.03
2017-05-31,P082,8,40,1328.03
2017-06-30,P082,8,34,1328.03
2017-07-31,P082,8,148,1328.03
2017-08-31,P082,8,137,1328.03
2017-09-30,P082,8,23,1328.03
2017-10-31,P082,8,66,1328.03
2017-11-30,P082,8,75,1328.03
2017-12-31,P082,8,81,1328.03
2017-01-31,P083,6,11,1268.42
2017-02-28,P083,6,23,1268.42
2017-03-31,P083,6,27,1268.42
2017-04-30,P083,6,2,1268.42
2017-05-31,P083,6,31,1268.42
2017-06-30,P083,6,30,1268.42
2017-07-31,P083,6,26,1268.42
2017-08-31,P083,6,34,1268.42
2017-09-30,P083,6,27,1268.42
2017-10-31,P083,6,25,1268.42
2017-11-30,P083,6,23,1268.42
2017-12-31,P083,6,26,1268.42
2017-01-31,P083,7,483,1268.42
2017-02-28,P083,7,350,1268.42
2017-03-31,P083,7,180,1268.42
2017-04-30,P083,7,163,1268.42
2017-05-31,P083,7,151,1268.42
2017-06-30,P083,7,145,1268.42
2017-07-31,P083,7,158,1268.42
2017-08-31,P083,7,167,1268.42
2017-09-30,P083,7,140,1268.42
2017-10-31,P083,7,126,1268.42
2017-11-30,P083,7,156,1268.42
2017-12-31,P083,7,163,1268.42
2017-01-31,P083,9,148,1268.42
2017-02-28,P083,9,144,1268.42
2017-03-31,P083,9,134,1268.42
2017-04-30,P083,9,33,1268.42
2017-05-31,P083,9,59,1268.42
2017-06-30,P083,9,82,1268.42
2017-07-31,P083,9,88,1268.42
2017-08-31,P083,9,86,1268.42
2017-09-30,P083,9,65,1268.42
2017-10-31,P083,9,68,1268.42
2017-11-30,P083,9,65,1268.42
2017-12-31,P083,9,85,1268.42
2017-01-31,P084,1,68,1237.04
2017-02-28,P084,1,42,1237.04
2017-03-31,P084,1,13,1237.04
2017-04-30,P084,1,14,1237.04
2017-05-31,P084,1,9,1237.04
2017-06-30,P084,1,15,1237.04
2017-07-31,P084,1,19,1237.04
2017-08-31,P084,1,24,1237.04
2017-09-30,P084,1,18,1237.04
2017-10-31,P084,1,25,1237.04
2017-11-30,P084,1,21,1237.04
2017-12-31,P084,1,25,1237.04
2017-01-31,P084,2,10,1237.04
2017-02-28,P084,2,0,1237.04
2017-03-31,P084,2,0,1237.04
2017-04-30,P084,2,0,1237.04
2017-05-31,P084,2,0,1237.04
2017-06-30,P084,2,0,1237.04
2017-07-31,P084,2,0,1237.04
2017-08-31,P084,2,0,1237.04
2017-09-30,P084,2,0,1237.04
2017-10-31,P084,2,0,1237.04
2017-11-30,P084,2,0,1237.04
2017-12-31,P084,2,0,1237.04
2017-01-31,P084,9,53,1237.04
2017-02-28,P084,9,76,1237.04
2017-03-31,P084,9,74,1237.04
2017-04-30,P084,9,88,1237.04
2017-05-31,P084,9,79,1237.04
2017-06-30,P084,9,79,1237.04
2017-07-31,P084,9,83,1237.04
2017-08-31,P084,9,78,1237.04
2017-09-30,P084,9,92,1237.04
2017-10-31,P084,9,78,1237.04
2017-11-30,P084,9,76,1237.04
2017-12-31,P084,9,65,1237.04
2017-01-31,P085,1,0,1343.84
2017-02-28,P085,1,0,1343.84
2017-03-31,P085,1,0,1343.84
2017-04-30,P085,1,0,1343.84
2017-05-31,P085,1,0,1343.84
2017-06-30,P085,1,0,1343.84
2017-07-31,P085,1,0,1343.84
2017-08-31,P085,1,0,1343.84
2017-09-30,P085,1,0,1343.84
2017-10-31,P085,1,0,1343.84
2017-11-30,P085,1,0,1343.84
2017-12-31,P085,1,0,1343.84
2017-01-31,P085,4,68,1343.84
2017-02-28,P085,4,96,1343.84
2017-03-31,P085,4,98,1343.84
2017-04-30,P085,4,119,1343.84
2017-05-31,P085,4,142,1343.84
2017-06-30,P085,4,9,1343.84
2017-07-31,P085,4,18,1343.84
2017-08-31,P085,4,28,1343.84
2017-09-30,P085,4,21,1343.84
2017-10-31,P085,4,27,1343.84
2017-11-30,P085,4,82,1343.84
2017-12-31,P085,4,93,1343.84
2017-01-31,P085,8,98,1343.84
2017-02-28,P085,8,98,1343.84
2017-03-31,P085,8,22,1343.84
2017-04-30,P085,8,16,1343.84
2017-05-31,P085,8,16,1343.84
2017-06-30,P085,8,15,1343.84
2017-07-31,P085,8,32,1343.84
2017-08-31,P085,8,25,1343.84
2017-09-30,P085,8,15,1343.84
2017-10-31,P085,8,93,1343.84
2017-11-30,P085,8,68,1343.84
2017-12-31,P085,8,87,1343.84
2017-01-31,P086,4,154,1129.39
2017-02-28,P086,4,145,1129.39
2017-03-31,P086,4,125,1129.39
2017-04-30,P086,4,97,1129.39
2017-05-31,P086,4,140,1129.39
2017-06-30,P086,4,136,1129.39
2017-07-31,P086,4,110,1129.39
2017-08-31,P086,4,134,1129.39
2017-09-30,P086,4,138,1129.39
2017-10-31,P086,4,123,1129.39
2017-11-30,P086,4,126,1129.39
2017-12-31,P086,4,140,1129.39
2017-01-31,P086,7,166,1129.39
2017-02-28,P086,7,187,1129.39
2017-03-31,P086,7,207,1129.39
2017-04-30,P086,7,38,1129.39
2017-05-31,P086,7,215,1129.39
2017-06-30,P086,7,23,1129.39
2017-07-31,P086,7,60,1129.39
2017-08-31,P086,7,92,1129.39
2017-09-30,P086,7,117,1129.39
2017-10-31,P086,7,151,1129.39
2017-11-30,P086,7,178,1129.39
2017-12-31,P086,7,201,1129.39
2017-01-31,P086,9,41,1129.39
2017-02-28,P086,9,60,1129.39
2017-03-31,P086,9,0,1129.39
2017-04-30,P086,9,10,1129.39
2017-05-31,P086,9,17,1129.39
2017-06-30,P086,9,23,1129.39
2017-07-31,P086,9,25,1129.39
2017-08-31,P086,9,28,1129.39
2017-09-30,P086,9,41,1129.39
2017-10-31,P086,9,40,1129.39
2017-11-30,P086,9,43,1129.39
2017-12-31,P086,9,26,1129.39
2017-01-31,P087,2,69,936.42
2017-02-28,P087,2,103,936.42
2017-03-31,P087,2,119,936.42
2017-04-30,P087,2,111,936.42
2017-05-31,P087,2,101,936.42
2017-06-30,P087,2,109,936.42
2017-07-31,P087,2,118,936.42
2017-08-31,P087,2,101,936.42
2017-09-30,P087,2,93,936.42
2017-10-31,P087,2,130,936.42
2017-11-30,P087,2,147,936.42
2017-12-31,P087,2,137,936.42
2017-01-31,P087,6,91,936.42
2017-02-28,P087,6,83,936.42
2017-03-31,P087,6,90,936.42
2017-04-30,P087,6,97,936.42
2017-05-31,P087,6,71,936.42
2017-06-30,P087,6,80,936.42
2017-07-31,P087,6,76,936.42
2017-08-31,P087,6,79,936.42
2017-09-30,P087,6,90,936.42
2017-10-31,P087,6,88,936.42
2017-11-30,P087,6,90,936.42
2017-12-31,P087,6,101,936.42
2017-01-31,P087,9,187,936.42
2017-02-28,P087,9,185,936.42
2017-03-31,P087,9,173,936.42
2017-04-30,P087,9,160,936.42
2017-05-31,P087,9,147,936.42
2017-06-30,P087,9,186,936.42
2017-07-31,P087,9,198,936.42
2017-08-31,P087,9,189,936.42
2017-09-30,P087,9,10,936.42
2017-10-31,P087,9,201,936.42
2017-11-30,P087,9,15,936.42
2017-12-31,P087,9,48,936.42
2017-01-31,P088,3,162,706.99
2017-02-28,P088,3,113,706.99
2017-03-31,P088,3,54,706.99
2017-04-30,P088,3,65,706.99
2017-05-31,P088,3,68,706.99
2017-06-30,P088,3,19,706.99
2017-07-31,P088,3,18,706.99
2017-08-31,P088,3,21,706.99
2017-09-30,P088,3,24,706.99
2017-10-31,P088,3,21,706.99
2017-11-30,P088,3,21,706.99
2017-12-31,P088,3,20,706.99
2017-01-31,P088,6,187,706.99
2017-02-28,P088,6,240,706.99
2017-03-31,P088,6,59,706.99
2017-04-30,P088,6,60,706.99
2017-05-31,P088,6,222,706.99
2017-06-30,P088,6,220,706.99
2017-07-31,P088,6,246,706.99
2017-08-31,P088,6,75,706.99
2017-09-30,P088,6,109,706.99
2017-10-31,P088,6,90,706.99
2017-11-30,P088,6,112,706.99
2017-12-31,P088,6,105,706.99
2017-01-31,P088,8,98,706.99
2017-02-28,P088,8,109,706.99
2017-03-31,P088,8,97,706.99
2017-04-30,P088,8,140,706.99
2017-05-31,P088,8,42,706.99
2017-06-30,P088,8,37,706.99
2017-07-31,P088,8,149,706.99
2017-08-31,P088,8,138,706.99
2017-09-30,P088,8,130,706.99
2017-10-31,P088,8,153,706.99
2017-11-30,P088,8,33,706.99
2017-12-31,P088,8,58,706.99
2017-01-31,P089,6,6,760.59
2017-02-28,P089,6,0,760.59
2017-03-31,P089,6,0,760.59
2017-04-30,P089,6,0,760.59
2017-05-31,P089,6,0,760.59
2017-06-30,P089,6,0,760.59
2017-07-31,P089,6,0,760.59
2017-08-31,P089,6,0,760.59
2017-09-30,P089,6,0,760.59
2017-10-31,P089,6,0,760.59
2017-11-30,P089,6,0,760.59
2017-12-31,P089,6,0,760.59
2017-01-31,P089,8,84,760.59
2017-02-28,P089,8,90,760.59
2017-03-31,P089,8,110,760.59
2017-04-30,P089,8,105,760.59
2017-05-31,P089,8,118,760.59
2017-06-30,P089,8,113,760.59
2017-07-31,P089,8,117,760.59
2017-08-31,P089,8,110,760.59
2017-09-30,P089,8,120,760.59
2017-10-31,P089,8,119,760.59
2017-11-30,P089,8,116,760.59
2017-12-31,P089,8,106,760.59
2017-01-31,P089,9,78,760.59
2017-02-28,P089,9,62,760.59
2017-03-31,P089,9,39,760.59
2017-04-30,P089,9,8,760.59
2017-05-31,P089,9,16,760.59
2017-06-30,P089,9,15,760.59
2017-07-31,P089,9,18,760.59
2017-08-31,P089,9,22,760.59
2017-09-30,P089,9,29,760.59
2017-10-31,P089,9,24,760.59
2017-11-30,P089,9,29,760.59
2017-12-31,P089,9,29,760.59
2017-01-31,P090,1,20,799.05
2017-02-28,P090,1,18,799.05
2017-03-31,P090,1,21,799.05
2017-04-30,P090,1,27,799.05
2017-05-31,P090,1,31,799.05
2017-06-30,P090,1,3,799.05
2017-07-31,P090,1,30,799.05
2017-08-31,P090,1,26,799.05
2017-09-30,P090,1,25,799.05
2017-10-31,P090,1,30,799.05
2017-11-30,P090,1,0,799.05
2017-12-31,P090,1,3,799.05
2017-01-31,P090,5,24,799.05
2017-02-28,P090,5,26,799.05
2017-03-31,P090,5,31,799.05
2017-04-30,P090,5,29,799.05
2017-05-31,P090,5,32,799.05
2017-06-30,P090,5,6,799.05
2017-07-31,P090,5,27,799.05
2017-08-31,P090,5,22,799.05
2017-09-30,P090,5,19,799.05
2017-10-31,P090,5,19,799.05
2017-11-30,P090,5,14,799.05
2017-12-31,P090,5,11,799.05
2017-01-31,P090,8,80,799.05
2017-02-28,P090,8,92,799.05
2017-03-31,P090,8,92,799.05
2017-04-30,P090,8,104,799.05
2017-05-31,P090,8,122,799.05
2017-06-30,P090,8,112,799.05
2017-07-31,P090,8,110,799.05
2017-08-31,P090,8,125,799.05
2017-09-30,P090,8,0,799.05
2017-10-31,P090,8,22,799.05
2017-11-30,P090,8,41,799.05
2017-12-31,P090,8,65,799.05
2017-01-31,P091,1,146,781.91
2017-02-28,P091,1,173,781.91
2017-03-31,P091,1,160,781.91
2017-04-30,P091,1,180,781.91
2017-05-31,P091,1,207,781.91
2017-06-30,P091,1,42,781.91
2017-07-31,P091,1,217,781.91
2017-08-31,P091,1,212,781.91
2017-09-30,P091,1,38,781.91
2017-10-31,P091,1,218,781.91
2017-11-30,P091,1,183,781.91
2017-12-31,P091,1,183,781.91
2017-01-31,P091,2,55,781.91
2017-02-28,P091,2,69,781.91
2017-03-31,P091,2,83,781.91
2017-04-30,P091,2,79,781.91
2017-05-31,P091,2,94,781.91
2017-06-30,P091,2,114,781.91
2017-07-31,P091,2,38,781.91
2017-08-31,P091,2,45,781.91
2017-09-30,P091,2,46,781.91
2017-10-31,P091,2,59,781.91
2017-11-30,P091,2,61,781.91
2017-12-31,P091,2,79,781.91
2017-01-31,P091,6,58,781.91
2017-02-28,P091,6,58,781.91
2017-03-31,P091,6,66,781.91
2017-04-30,P091,6,65,781.91
2017-05-31,P091,6,70,781.91
2017-06-30,P091,6,12,781.91
2017-07-31,P091,6,71,781.91
2017-08-31,P091,6,11,781.91
2017-09-30,P091,6,16,781.91
2017-10-31,P091,6,17,781.91
2017-11-30,P091,6,33,781.91
2017-12-31,P091,6,36,781.91
2017-01-31,P092,1,70,688.35
2017-02-28,P092,1,0,688.35
2017-03-31,P092,1,0,688.35
2017-04-30,P092,1,0,688.35
2017-05-31,P092,1,0,688.35
2017-06-30,P092,1,0,688.35
2017-07-31,P092,1,0,688.35
2017-08-31,P092,1,0,688.35
2017-09-30,P092,1,0,688.35
2017-10-31,P092,1,0,688.35
2017-11-30,P092,1,0,688.35
2017-12-31,P092,1,0,688.35
2017-01-31,P092,4,219,688.35
2017-02-28,P092,4,227,688.35
2017-03-31,P092,4,79,688.35
2017-04-30,P092,4,59,688.35
2017-05-31,P092,4,77,688.35
2017-06-30,P092,4,96,688.35
2017-07-31,P092,4,126,688.35
2017-08-31,P092,4,161,688.35
2017-09-30,P092,4,200,688.35
2017-10-31,P092,4,178,688.35
2017-11-30,P092,4,212,688.35
2017-12-31,P092,4,37,688.35
2017-01-31,P092,6,21,688.35
2017-02-28,P092,6,25,688.35
2017-03-31,P092,6,31,688.35
2017-04-30,P092,6,30,688.35
2017-05-31,P092,6,31,688.35
2017-06-30,P092,6,32,688.35
2017-07-31,P092,6,35,688.35
2017-08-31,P092,6,33,688.35
2017-09-30,P092,6,27,688.35
2017-10-31,P092,6,32,688.35
2017-11-30,P092,6,32,688.35
2017-12-31,P092,6,2,688.35
2017-01-31,P093,4,22,696.14
2017-02-28,P093,4,65,696.14
2017-03-31,P093,4,63,696.14
2017-04-30,P093,4,68,696.14
2017-05-31,P093,4,106,696.14
2017-06-30,P093,4,83,696.14
2017-07-31,P093,4,79,696.14
2017-08-31,P093,4,95,696.14
2017-09-30,P093,4,101,696.14
2017-10-31,P093,4,99,696.14
2017-11-30,P093,4,96,696.14
2017-12-31,P093,4,90,696.14
2017-01-31,P093,5,0,696.14
2017-02-28,P093,5,0,696.14
2017-03-31,P093,5,0,696.14
2017-04-30,P093,5,0,696.14
2017-05-31,P093,5,0,696.14
2017-06-30,P093,5,0,696.14
2017-07-31,P093,5,0,696.14
2017-08-31,P093,5,0,696.14
2017-09-30,P093,5,0,696.14
2017-10-31,P093,5,0,696.14
2017-11-30,P093,5,0,696.14
2017-12-31,P093,5,0,696.14
2017-01-31,P093,9,133,696.14
2017-02-28,P093,9,119,696.14
2017-03-31,P093,9,168,696.14
2017-04-30,P093,9,28,696.14
2017-05-31,P093,9,162,696.14
2017-06-30,P093,9,11,696.14
2017-07-31,P093,9,54,696.14
2017-08-31,P093,9,71,696.14
2017-09-30,P093,9,96,696.14
2017-10-31,P093,9,116,696.14
2017-11-30,P093,9,101,696.14
2017-12-31,P093,9,41,696.14
2017-01-31,P094,4,44,742.94
2017-02-28,P094,4,40,742.94
2017-03-31,P094,4,43,742.94
2017-04-30,P094,4,51,742.94
2017-05-31,P094,4,71,742.94
2017-06-30,P094,4,77,742.94
2017-07-31,P094,4,89,742.94
2017-08-31,P094,4,83,742.94
2017-09-30,P094,4,104,742.94
2017-10-31,P094,4,111,742.94
2017-11-30,P094,4,99,742.94
2017-12-31,P094,4,23,742.94
2017-01-31,P094,5,43,742.94
2017-02-28,P094,5,64,742.94
2017-03-31,P094,5,60,742.94
2017-04-30,P094,5,59,742.94
2017-05-31,P094,5,53,742.94
2017-06-30,P094,5,55,742.94
2017-07-31,P094,5,72,742.94
2017-08-31,P094,5,58,742.94
2017-09-30,P094,5,53,742.94
2017-10-31,P094,5,63,742.94
2017-11-30,P094,5,36,742.94
2017-12-31,P094,5,40,742.94
2017-01-31,P094,8,94,742.94
2017-02-28,P094,8,63,742.94
2017-03-31,P094,8,31,742.94
2017-04-30,P094,8,31,742.94
2017-05-31,P094,8,34,742.94
2017-06-30,P094,8,15,742.94
2017-07-31,P094,8,16,742.94
2017-08-31,P094,8,13,742.94
2017-09-30,P094,8,16,742.94
2017-10-31,P094,8,20,742.94
2017-11-30,P094,8,22,742.94
2017-12-31,P094,8,26,742.94
2017-01-31,P095,5,0,702.35
2017-02-28,P095,5,0,702.35
2017-03-31,P095,5,0,702.35
2017-04-30,P095,5,0,702.35
2017-05-31,P095,5,0,702.35
2017-06-30,P095,5,0,702.35
2017-07-31,P095,5,0,702.35
2017-08-31,P095,5,0,702.35
2017-09-30,P095,5,0,702.35
2017-10-31,P095,5,0,702.35
2017-11-30,P095,5,0,702.35
2017-12-31,P095,5,0,702.35
2017-01-31,P095,6,32,702.35
2017-02-28,P095,6,19,702.35
2017-03-31,P095,6,28,702.35
2017-04-30,P095,6,27,702.35
2017-05-31,P095,6,46,702.35
2017-06-30,P095,6,58,702.35
2017-07-31,P095,6,54,702.35
2017-08-31,P095,6,60,702.35
2017-09-30,P095,6,70,702.35
2017-10-31,P095,6,46,702.35
2017-11-30,P095,6,48,702.35
2017-12-31,P095,6,53,702.35
2017-01-31,P095,8,4,702.35
2017-02-28,P095,8,0,702.35
2017-03-31,P095,8,0,702.35
2017-04-30,P095,8,0,702.35
2017-05-31,P095,8,0,702.35
2017-06-30,P095,8,0,702.35
2017-07-31,P095,8,0,702.35
2017-08-31,P095,8,0,702.35
2017-09-30,P095,8,0,702.35
2017-10-31,P095,8,0,702.35
2017-11-30,P095,8,0,702.35
2017-12-31,P095,8,0,702.35
2017-01-31,P096,1,153,753.18
2017-02-28,P096,1,7,753.18
2017-03-31,P096,1,31,753.18
2017-04-30,P096,1,19,753.18
2017-05-31,P096,1,28,753.18
2017-06-30,P096,1,12,753.18
2017-07-31,P096,1,14,753.18
2017-08-31,P096,1,26,753.18
2017-09-30,P096,1,43,753.18
2017-10-31,P096,1,29,753.18
2017-11-30,P096,1,9,753.18
2017-12-31,P096,1,26,753.18
2017-01-31,P096,6,103,753.18
2017-02-28,P096,6,20,753.18
2017-03-31,P096,6,42,753.18
2017-04-30,P096,6,51,753.18
2017-05-31,P096,6,33,753.18
2017-06-30,P096,6,58,753.18
2017-07-31,P096,6,78,753.18
2017-08-31,P096,6,72,753.18
2017-09-30,P096,6,82,753.18
2017-10-31,P096,6,69,753.18
2017-11-30,P096,6,73,753.18
2017-12-31,P096,6,67,753.18
2017-01-31,P096,7,92,753.18
2017-02-28,P096,7,147,753.18
2017-03-31,P096,7,141,753.18
2017-04-30,P096,7,160,753.18
2017-05-31,P096,7,163,753.18
2017-06-30,P096,7,180,753.18
2017-07-31,P096,7,196,753.18
2017-08-31,P096,7,210,753.18
2017-09-30,P096,7,59,753.18
2017-10-31,P096,7,220,753.18
2017-11-30,P096,7,60,753.18
2017-12-31,P096,7,86,753.18
2017-01-31,P097,1,0,691.13
2017-02-28,P097,1,0,691.13
2017-03-31,P097,1,0,691.13
2017-04-30,P097,1,0,691.13
2017-05-31,P097,1,0,691.13
2017-06-30,P097,1,0,691.13
2017-07-31,P097,1,0,691.13
2017-08-31,P097,1,0,691.13
2017-09-30,P097,1,0,691.13
2017-10-31,P097,1,0,691.13
2017-11-30,P097,1,0,691.13
2017-12-31,P097,1,0,691.13
2017-01-31,P097,6,31,691.13
2017-02-28,P097,6,29,691.13
2017-03-31,P097,6,51,691.13
2017-04-30,P097,6,88,691.13
2017-05-31,P097,6,86,691.13
2017-06-30,P097,6,108,691.13
2017-07-31,P097,6,109,691.13
2017-08-31,P097,6,120,691.13
2017-09-30,P097,6,5,691.13
2017-10-31,P097,6,29,691.13
2017-11-30,P097,6,23,691.13
2017-12-31,P097,6,25,691.13
2017-01-31,P097,7,65,691.13
2017-02-28,P097,7,97,691.13
2017-03-31,P097,7,85,691.13
2017-04-30,P097,7,91,691.13
2017-05-31,P097,7,89,691.13
2017-06-30,P097,7,116,691.13
2017-07-31,P097,7,120,691.13
2017-08-31,P097,7,108,691.13
2017-09-30,P097,7,123,691.13
2017-10-31,P097,7,117,691.13
2017-11-30,P097,7,34,691.13
2017-12-31,P097,7,24,691.13
2017-01-31,P098,1,0,725
2017-02-28,P098,1,0,725
2017-03-31,P098,1,0,725
2017-04-30,P098,1,0,725
2017-05-31,P098,1,0,725
2017-06-30,P098,1,0,725
2017-07-31,P098,1,0,725
2017-08-31,P098,1,0,725
2017-09-30,P098,1,0,725
2017-10-31,P098,1,0,725
2017-11-30,P098,1,0,725
2017-12-31,P098,1,0,725
2017-01-31,P098,4,99,725
2017-02-28,P098,4,138,725
2017-03-31,P098,4,129,725
2017-04-30,P098,4,121,725
2017-05-31,P098,4,134,725
2017-06-30,P098,4,39,725
2017-07-31,P098,4,140,725
2017-08-31,P098,4,34,725
2017-09-30,P098,4,41,725
2017-10-31,P098,4,53,725
2017-11-30,P098,4,61,725
2017-12-31,P098,4,69,725
2017-01-31,P098,7,135,725
2017-02-28,P098,7,135,725
2017-03-31,P098,7,135,725
2017-04-30,P098,7,135,725
2017-05-31,P098,7,135,725
2017-06-30,P098,7,135,725
2017-07-31,P098,7,135,725
2017-08-31,P098,7,135,725
2017-09-30,P098,7,135,725
2017-10-31,P098,7,135,725
2017-11-30,P098,7,135,725
2017-12-31,P098,7,135,725
2017-01-31,P099,3,136,596.05
2017-02-28,P099,3,136,596.05
2017-03-31,P099,3,136,596.05
2017-04-30,P099,3,136,596.05
2017-05-31,P099,3,136,596.05
2017-06-30,P099,3,136,596.05
2017-07-31,P099,3,136,596.05
2017-08-31,P099,3,136,596.05
2017-09-30,P099,3,136,596.05
2017-10-31,P099,3,136,596.05
2017-11-30,P099,3,136,596.05
2017-12-31,P099,3,136,596.05
2017-01-31,P099,5,13,596.05
2017-02-28,P099,5,12,596.05
2017-03-31,P099,5,11,596.05
2017-04-30,P099,5,21,596.05
2017-05-31,P099,5,23,596.05
2017-06-30,P099,5,25,596.05
2017-07-31,P099,5,23,596.05
2017-08-31,P099,5,21,596.05
2017-09-30,P099,5,23,596.05
2017-10-31,P099,5,24,596.05
2017-11-30,P099,5,3,596.05
2017-12-31,P099,5,2,596.05
2017-01-31,P099,8,59,596.05
2017-02-28,P099,8,61,596.05
2017-03-31,P099,8,56,596.05
2017-04-30,P099,8,57,596.05
2017-05-31,P099,8,63,596.05
2017-06-30,P099,8,71,596.05
2017-07-31,P099,8,78,596.05
2017-08-31,P099,8,74,596.05
2017-09-30,P099,8,71,596.05
2017-10-31,P099,8,76,596.05
2017-11-30,P099,8,71,596.05
2017-12-31,P099,8,68,596.05
2017-01-31,P100,2,78,580.42
2017-02-28,P100,2,86,580.42
2017-03-31,P100,2,39,580.42
2017-04-30,P100,2,24,580.42
2017-05-31,P100,2,50,580.42
2017-06-30,P100,2,66,580.42
2017-07-31,P100,2,82,580.42
2017-08-31,P100,2,87,580.42
2017-09-30,P100,2,100,580.42
2017-10-31,P100,2,110,580.42
2017-11-30,P100,2,127,580.42
2017-12-31,P100,2,15,580.42
2017-01-31,P100,3,0,580.42
2017-02-28,P100,3,0,580.42
2017-03-31,P100,3,0,580.42
2017-04-30,P100,3,0,580.42
2017-05-31,P100,3,0,580.42
2017-06-30,P100,3,0,580.42
2017-07-31,P100,3,0,580.42
2017-08-31,P100,3,0,580.42
2017-09-30,P100,3,0,580.42
2017-10-31,P100,3,0,580.42
2017-11-30,P100,3,0,580.42
2017-12-31,P100,3,0,580.42
2017-01-31,P100,6,0,580.42
2017-02-28,P100,6,0,580.42
2017-03-31,P100,6,0,580.42
2017-04-30,P100,6,0,580.42
2017-05-31,P100,6,0,580.42
2017-06-30,P100,6,0,580.42
2017-07-31,P100,6,0,580.42
2017-08-31,P100,6,0,580.42
2017-09-30,P100,6,0,580.42
2017-10-31,P100,6,0,580.42
2017-11-30,P100,6,0,580.42
2017-12-31,P100,6,0,580.42
2017-01-31,P101,2,154,663.54
2017-02-28,P101,2,147,663.54
2017-03-31,P101,2,151,663.54
2017-04-30,P101,2,104,663.54
2017-05-31,P101,2,132,663.54
2017-06-30,P101,2,153,663.54
2017-07-31,P101,2,114,663.54
2017-08-31,P101,2,100,663.54
2017-09-30,P101,2,126,663.54
2017-10-31,P101,2,123,663.54
2017-11-30,P101,2,137,663.54
2017-12-31,P101,2,116,663.54
2017-01-31,P101,3,57,663.54
2017-02-28,P101,3,82,663.54
2017-03-31,P101,3,87,663.54
2017-04-30,P101,3,94,663.54
2017-05-31,P101,3,91,663.54
2017-06-30,P101,3,151,663.54
2017-07-31,P101,3,176,663.54
2017-08-31,P101,3,34,663.54
2017-09-30,P101,3,34,663.54
2017-10-31,P101,3,166,663.54
2017-11-30,P101,3,32,663.54
2017-12-31,P101,3,3,663.54
2017-01-31,P101,7,168,663.54
2017-02-28,P101,7,111,663.54
2017-03-31,P101,7,62,663.54
2017-04-30,P101,7,63,663.54
2017-05-31,P101,7,59,663.54
2017-06-30,P101,7,71,663.54
2017-07-31,P101,7,63,663.54
2017-08-31,P101,7,68,663.54
2017-09-30,P101,7,61,663.54
2017-10-31,P101,7,55,663.54
2017-11-30,P101,7,56,663.54
2017-12-31,P101,7,53,663.54
2017-01-31,P102,4,0,691.32
2017-02-28,P102,4,0,691.32
2017-03-31,P102,4,0,691.32
2017-04-30,P102,4,0,691.32
2017-05-31,P102,4,0,691.32
2017-06-30,P102,4,0,691.32
2017-07-31,P102,4,0,691.32
2017-08-31,P102,4,0,691.32
2017-09-30,P102,4,0,691.32
2017-10-31,P102,4,0,691.32
2017-11-30,P102,4,0,691.32
2017-12-31,P102,4,0,691.32
2017-01-31,P102,5,175,691.32
2017-02-28,P102,5,115,691.32
2017-03-31,P102,5,60,691.32
2017-04-30,P102,5,62,691.32
2017-05-31,P102,5,59,691.32
2017-06-30,P102,5,74,691.32
2017-07-31,P102,5,64,691.32
2017-08-31,P102,5,72,691.32
2017-09-30,P102,5,17,691.32
2017-10-31,P102,5,79,691.32
2017-11-30,P102,5,25,691.32
2017-12-31,P102,5,25,691.32
2017-01-31,P102,8,176,691.32
2017-02-28,P102,8,41,691.32
2017-03-31,P102,8,34,691.32
2017-04-30,P102,8,38,691.32
2017-05-31,P102,8,169,691.32
2017-06-30,P102,8,164,691.32
2017-07-31,P102,8,178,691.32
2017-08-31,P102,8,168,691.32
2017-09-30,P102,8,29,691.32
2017-10-31,P102,8,161,691.32
2017-11-30,P102,8,152,691.32
2017-12-31,P102,8,135,691.32
2017-01-31,P103,3,5,573.51
2017-02-28,P103,3,0,573.51
2017-03-31,P103,3,0,573.51
2017-04-30,P103,3,0,573.51
2017-05-31,P103,3,0,573.51
2017-06-30,P103,3,0,573.51
2017-07-31,P103,3,0,573.51
2017-08-31,P103,3,0,573.51
2017-09-30,P103,3,0,573.51
2017-10-31,P103,3,0,573.51
2017-11-30,P103,3,0,573.51
2017-12-31,P103,3,0,573.51
2017-01-31,P103,7,111,573.51
2017-02-28,P103,7,120,573.51
2017-03-31,P103,7,141,573.51
2017-04-30,P103,7,146,573.51
2017-05-31,P103,7,153,573.51
2017-06-30,P103,7,135,573.51
2017-07-31,P103,7,123,573.51
2017-08-31,P103,7,119,573.51
2017-09-30,P103,7,103,573.51
2017-10-31,P103,7,96,573.51
2017-11-30,P103,7,116,573.51
2017-12-31,P103,7,131,573.51
2017-01-31,P103,8,76,573.51
2017-02-28,P103,8,92,573.51
2017-03-31,P103,8,88,573.51
2017-04-30,P103,8,51,573.51
2017-05-31,P103,8,79,573.51
2017-06-30,P103,8,77,573.51
2017-07-31,P103,8,98,573.51
2017-08-31,P103,8,69,573.51
2017-09-30,P103,8,74,573.51
2017-10-31,P103,8,106,573.51
2017-11-30,P103,8,137,573.51
2017-12-31,P103,8,138,573.51
2017-01-31,P104,4,59,715.72
2017-02-28,P104,4,105,715.72
2017-03-31,P104,4,127,715.72
2017-04-30,P104,4,156,715.72
2017-05-31,P104,4,162,715.72
2017-06-30,P104,4,11,715.72
2017-07-31,P104,4,28,715.72
2017-08-31,P104,4,81,715.72
2017-09-30,P104,4,68,715.72
2017-10-31,P104,4,43,715.72
2017-11-30,P104,4,23,715.72
2017-12-31,P104,4,15,715.72
2017-01-31,P104,6,50,715.72
2017-02-28,P104,6,60,715.72
2017-03-31,P104,6,43,715.72
2017-04-30,P104,6,39,715.72
2017-05-31,P104,6,55,715.72
2017-06-30,P104,6,68,715.72
2017-07-31,P104,6,71,715.72
2017-08-31,P104,6,83,715.72
2017-09-30,P104,6,72,715.72
2017-10-31,P104,6,87,715.72
2017-11-30,P104,6,103,715.72
2017-12-31,P104,6,125,715.72
2017-01-31,P104,8,32,715.72
2017-02-28,P104,8,15,715.72
2017-03-31,P104,8,35,715.72
2017-04-30,P104,8,26,715.72
2017-05-31,P104,8,38,715.72
2017-06-30,P104,8,47,715.72
2017-07-31,P104,8,61,715.72
2017-08-31,P104,8,53,715.72
2017-09-30,P104,8,60,715.72
2017-10-31,P104,8,59,715.72
2017-11-30,P104,8,69,715.72
2017-12-31,P104,8,8,715.72
2017-01-31,P105,2,0,682.09
2017-02-28,P105,2,0,682.09
2017-03-31,P105,2,0,682.09
2017-04-30,P105,2,0,682.09
2017-05-31,P105,2,0,682.09
2017-06-30,P105,2,0,682.09
2017-07-31,P105,2,0,682.09
2017-08-31,P105,2,0,682.09
2017-09-30,P105,2,0,682.09
2017-10-31,P105,2,0,682.09
2017-11-30,P105,2,0,682.09
2017-12-31,P105,2,0,682.09
2017-01-31,P105,4,374,682.09
2017-02-28,P105,4,233,682.09
2017-03-31,P105,4,92,682.09
2017-04-30,P105,4,105,682.09
2017-05-31,P105,4,109,682.09
2017-06-30,P105,4,108,682.09
2017-07-31,P105,4,107,682.09
2017-08-31,P105,4,113,682.09
2017-09-30,P105,4,103,682.09
2017-10-31,P105,4,84,682.09
2017-11-30,P105,4,86,682.09
2017-12-31,P105,4,60,682.09
2017-01-31,P105,9,208,682.09
2017-02-28,P105,9,209,682.09
2017-03-31,P105,9,44,682.09
2017-04-30,P105,9,37,682.09
2017-05-31,P105,9,66,682.09
2017-06-30,P105,9,111,682.09
2017-07-31,P105,9,136,682.09
2017-08-31,P105,9,103,682.09
2017-09-30,P105,9,155,682.09
2017-10-31,P105,9,159,682.09
2017-11-30,P105,9,195,682.09
2017-12-31,P105,9,180,682.09
2017-01-31,P106,2,33,688.35
2017-02-28,P106,2,4,688.35
2017-03-31,P106,2,9,688.35
2017-04-30,P106,2,14,688.35
2017-05-31,P106,2,9,688.35
2017-06-30,P106,2,0,688.35
2017-07-31,P106,2,33,688.35
2017-08-31,P106,2,1,688.35
2017-09-30,P106,2,3,688.35
2017-10-31,P106,2,6,688.35
2017-11-30,P106,2,0,688.35
2017-12-31,P106,2,4,688.35
2017-01-31,P106,3,358,688.35
2017-02-28,P106,3,216,688.35
2017-03-31,P106,3,34,688.35
2017-04-30,P106,3,74,688.35
2017-05-31,P106,3,92,688.35
2017-06-30,P106,3,116,688.35
2017-07-31,P106,3,123,688.35
2017-08-31,P106,3,119,688.35
2017-09-30,P106,3,134,688.35
2017-10-31,P106,3,114,688.35
2017-11-30,P106,3,101,688.35
2017-12-31,P106,3,104,688.35
2017-01-31,P106,9,118,688.35
2017-02-28,P106,9,27,688.35
2017-03-31,P106,9,28,688.35
2017-04-30,P106,9,40,688.35
2017-05-31,P106,9,66,688.35
2017-06-30,P106,9,90,688.35
2017-07-31,P106,9,117,688.35
2017-08-31,P106,9,35,688.35
2017-09-30,P106,9,31,688.35
2017-10-31,P106,9,29,688.35
2017-11-30,P106,9,32,688.35
2017-12-31,P106,9,21,688.35
2017-01-31,P107,5,48,551.62
2017-02-28,P107,5,57,551.62
2017-03-31,P107,5,50,551.62
2017-04-30,P107,5,45,551.62
2017-05-31,P107,5,60,551.62
2017-06-30,P107,5,53,551.62
2017-07-31,P107,5,46,551.62
2017-08-31,P107,5,51,551.62
2017-09-30,P107,5,0,551.62
2017-10-31,P107,5,7,551.62
2017-11-30,P107,5,9,551.62
2017-12-31,P107,5,0,551.62
2017-01-31,P107,6,186,551.62
2017-02-28,P107,6,227,551.62
2017-03-31,P107,6,40,551.62
2017-04-30,P107,6,57,551.62
2017-05-31,P107,6,72,551.62
2017-06-30,P107,6,75,551.62
2017-07-31,P107,6,93,551.62
2017-08-31,P107,6,49,551.62
2017-09-30,P107,6,51,551.62
2017-10-31,P107,6,231,551.62
2017-11-30,P107,6,212,551.62
2017-12-31,P107,6,195,551.62
2017-01-31,P107,7,0,551.62
2017-02-28,P107,7,0,551.62
2017-03-31,P107,7,0,551.62
2017-04-30,P107,7,0,551.62
2017-05-31,P107,7,0,551.62
2017-06-30,P107,7,0,551.62
2017-07-31,P107,7,0,551.62
2017-08-31,P107,7,0,551.62
2017-09-30,P107,7,0,551.62
2017-10-31,P107,7,0,551.62
2017-11-30,P107,7,0,551.62
2017-12-31,P107,7,0,551.62
2017-01-31,P108,3,88,644.19
2017-02-28,P108,3,99,644.19
2017-03-31,P108,3,93,644.19
2017-04-30,P108,3,92,644.19
2017-05-31,P108,3,95,644.19
2017-06-30,P108,3,93,644.19
2017-07-31,P108,3,104,644.19
2017-08-31,P108,3,121,644.19
2017-09-30,P108,3,104,644.19
2017-10-31,P108,3,98,644.19
2017-11-30,P108,3,114,644.19
2017-12-31,P108,3,98,644.19
2017-01-31,P108,4,48,644.19
2017-02-28,P108,4,63,644.19
2017-03-31,P108,4,68,644.19
2017-04-30,P108,4,13,644.19
2017-05-31,P108,4,75,644.19
2017-06-30,P108,4,20,644.19
2017-07-31,P108,4,23,644.19
2017-08-31,P108,4,29,644.19
2017-09-30,P108,4,40,644.19
2017-10-31,P108,4,51,644.19
2017-11-30,P108,4,51,644.19
2017-12-31,P108,4,55,644.19
2017-01-31,P108,7,32,644.19
2017-02-28,P108,7,0,644.19
2017-03-31,P108,7,0,644.19
2017-04-30,P108,7,0,644.19
2017-05-31,P108,7,0,644.19
2017-06-30,P108,7,0,644.19
2017-07-31,P108,7,0,644.19
2017-08-31,P108,7,0,644.19
2017-09-30,P108,7,0,644.19
2017-10-31,P108,7,0,644.19
2017-11-30,P108,7,0,644.19
2017-12-31,P108,7,0,644.19
2017-01-31,P109,5,278,594.46
2017-02-28,P109,5,162,594.46
2017-03-31,P109,5,21,594.46
2017-04-30,P109,5,17,594.46
2017-05-31,P109,5,25,594.46
2017-06-30,P109,5,37,594.46
2017-07-31,P109,5,71,594.46
2017-08-31,P109,5,55,594.46
2017-09-30,P109,5,49,594.46
2017-10-31,P109,5,42,594.46
2017-11-30,P109,5,74,594.46
2017-12-31,P109,5,66,594.46
2017-01-31,P109,6,285,594.46
2017-02-28,P109,6,234,594.46
2017-03-31,P109,6,126,594.46
2017-04-30,P109,6,29,594.46
2017-05-31,P109,6,110,594.46
2017-06-30,P109,6,109,594.46
2017-07-31,P109,6,118,594.46
2017-08-31,P109,6,29,594.46
2017-09-30,P109,6,44,594.46
2017-10-31,P109,6,67,594.46
2017-11-30,P109,6,67,594.46
2017-12-31,P109,6,61,594.46
2017-01-31,P109,8,60,594.46
2017-02-28,P109,8,89,594.46
2017-03-31,P109,8,123,594.46
2017-04-30,P109,8,142,594.46
2017-05-31,P109,8,131,594.46
2017-06-30,P109,8,141,594.46
2017-07-31,P109,8,129,594.46
2017-08-31,P109,8,154,594.46
2017-09-30,P109,8,8,594.46
2017-10-31,P109,8,29,594.46
2017-11-30,P109,8,60,594.46
2017-12-31,P109,8,72,594.46
2017-01-31,P110,4,241,666.59
2017-02-28,P110,4,137,666.59
2017-03-31,P110,4,57,666.59
2017-04-30,P110,4,63,666.59
2017-05-31,P110,4,63,666.59
2017-06-30,P110,4,62,666.59
2017-07-31,P110,4,78,666.59
2017-08-31,P110,4,83,666.59
2017-09-30,P110,4,107,666.59
2017-10-31,P110,4,113,666.59
2017-11-30,P110,4,27,666.59
2017-12-31,P110,4,23,666.59
2017-01-31,P110,5,0,666.59
2017-02-28,P110,5,0,666.59
2017-03-31,P110,5,0,666.59
2017-04-30,P110,5,0,666.59
2017-05-31,P110,5,0,666.59
2017-06-30,P110,5,0,666.59
2017-07-31,P110,5,0,666.59
2017-08-31,P110,5,0,666.59
2017-09-30,P110,5,0,666.59
2017-10-31,P110,5,0,666.59
2017-11-30,P110,5,0,666.59
2017-12-31,P110,5,0,666.59
2017-01-31,P110,7,66,666.59
2017-02-28,P110,7,64,666.59
2017-03-31,P110,7,56,666.59
2017-04-30,P110,7,62,666.59
2017-05-31,P110,7,63,666.59
2017-06-30,P110,7,55,666.59
2017-07-31,P110,7,54,666.59
2017-08-31,P110,7,50,666.59
2017-09-30,P110,7,58,666.59
2017-10-31,P110,7,64,666.59
2017-11-30,P110,7,3,666.59
2017-12-31,P110,7,0,666.59
2017-01-31,P111,2,75,535.03
2017-02-28,P111,2,49,535.03
2017-03-31,P111,2,19,535.03
2017-04-30,P111,2,24,535.03
2017-05-31,P111,2,24,535.03
2017-06-30,P111,2,19,535.03
2017-07-31,P111,2,23,535.03
2017-08-31,P111,2,16,535.03
2017-09-30,P111,2,11,535.03
2017-10-31,P111,2,6,535.03
2017-11-30,P111,2,8,535.03
2017-12-31,P111,2,6,535.03
2017-01-31,P111,6,144,535.03
2017-02-28,P111,6,46,535.03
2017-03-31,P111,6,48,535.03
2017-04-30,P111,6,33,535.03
2017-05-31,P111,6,36,535.03
2017-06-30,P111,6,67,535.03
2017-07-31,P111,6,68,535.03
2017-08-31,P111,6,76,535.03
2017-09-30,P111,6,72,535.03
2017-10-31,P111,6,85,535.03
2017-11-30,P111,6,91,535.03
2017-12-31,P111,6,87,535.03
2017-01-31,P111,8,61,535.03
2017-02-28,P111,8,76,535.03
2017-03-31,P111,8,74,535.03
2017-04-30,P111,8,79,535.03
2017-05-31,P111,8,70,535.03
2017-06-30,P111,8,94,535.03
2017-07-31,P111,8,106,535.03
2017-08-31,P111,8,40,535.03
2017-09-30,P111,8,34,535.03
2017-10-31,P111,8,30,535.03
2017-11-30,P111,8,32,535.03
2017-12-31,P111,8,35,535.03
2017-01-31,P112,5,0,580.1
2017-02-28,P112,5,0,580.1
2017-03-31,P112,5,0,580.1
2017-04-30,P112,5,0,580.1
2017-05-31,P112,5,0,580.1
2017-06-30,P112,5,0,580.1
2017-07-31,P112,5,0,580.1
2017-08-31,P112,5,0,580.1
2017-09-30,P112,5,0,580.1
2017-10-31,P112,5,0,580.1
2017-11-30,P112,5,0,580.1
2017-12-31,P112,5,0,580.1
2017-01-31,P112,7,230,580.1
2017-02-28,P112,7,219,580.1
2017-03-31,P112,7,214,580.1
2017-04-30,P112,7,47,580.1
2017-05-31,P112,7,52,580.1
2017-06-30,P112,7,79,580.1
2017-07-31,P112,7,113,580.1
2017-08-31,P112,7,137,580.1
2017-09-30,P112,7,145,580.1
2017-10-31,P112,7,189,580.1
2017-11-30,P112,7,221,580.1
2017-12-31,P112,7,197,580.1
2017-01-31,P112,8,110,580.1
2017-02-28,P112,8,91,580.1
2017-03-31,P112,8,107,580.1
2017-04-30,P112,8,25,580.1
2017-05-31,P112,8,22,580.1
2017-06-30,P112,8,48,580.1
2017-07-31,P112,8,76,580.1
2017-08-31,P112,8,82,580.1
2017-09-30,P112,8,73,580.1
2017-10-31,P112,8,79,580.1
2017-11-30,P112,8,86,580.1
2017-12-31,P112,8,76,580.1
2017-01-31,P113,2,0,600.92
2017-02-28,P113,2,0,600.92
2017-03-31,P113,2,0,600.92
2017-04-30,P113,2,0,600.92
2017-05-31,P113,2,0,600.92
2017-06-30,P113,2,0,600.92
2017-07-31,P113,2,0,600.92
2017-08-31,P113,2,0,600.92
2017-09-30,P113,2,0,600.92
2017-10-31,P113,2,0,600.92
2017-11-30,P113,2,0,600.92
2017-12-31,P113,2,0,600.92
2017-01-31,P113,5,65,600.92
2017-02-28,P113,5,56,600.92
2017-03-31,P113,5,61,600.92
2017-04-30,P113,5,73,600.92
2017-05-31,P113,5,42,600.92
2017-06-30,P113,5,66,600.92
2017-07-31,P113,5,57,600.92
2017-08-31,P113,5,73,600.92
2017-09-30,P113,5,68,600.92
2017-10-31,P113,5,68,600.92
2017-11-30,P113,5,60,600.92
2017-12-31,P113,5,84,600.92
2017-01-31,P113,8,74,600.92
2017-02-28,P113,8,70,600.92
2017-03-31,P113,8,76,600.92
2017-04-30,P113,8,85,600.92
2017-05-31,P113,8,86,600.92
2017-06-30,P113,8,85,600.92
2017-07-31,P113,8,79,600.92
2017-08-31,P113,8,78,600.92
2017-09-30,P113,8,65,600.92
2017-10-31,P113,8,73,600.92
2017-11-30,P113,8,109,600.92
2017-12-31,P113,8,112,600.92
2017-01-31,P114,3,27,598.25
2017-02-28,P114,3,34,598.25
2017-03-31,P114,3,21,598.25
2017-04-30,P114,3,51,598.25
2017-05-31,P114,3,60,598.25
2017-06-30,P114,3,41,598.25
2017-07-31,P114,3,57,598.25
2017-08-31,P114,3,53,598.25
2017-09-30,P114,3,69,598.25
2017-10-31,P114,3,58,598.25
2017-11-30,P114,3,47,598.25
2017-12-31,P114,3,38,598.25
2017-01-31,P114,4,238,598.25
2017-02-28,P114,4,232,598.25
2017-03-31,P114,4,220,598.25
2017-04-30,P114,4,43,598.25
2017-05-31,P114,4,77,598.25
2017-06-30,P114,4,75,598.25
2017-07-31,P114,4,243,598.25
2017-08-31,P114,4,226,598.25
2017-09-30,P114,4,63,598.25
2017-10-31,P114,4,66,598.25
2017-11-30,P114,4,85,598.25
2017-12-31,P114,4,56,598.25
2017-01-31,P114,6,5,598.25
2017-02-28,P114,6,16,598.25
2017-03-31,P114,6,16,598.25
2017-04-30,P114,6,22,598.25
2017-05-31,P114,6,24,598.25
2017-06-30,P114,6,17,598.25
2017-07-31,P114,6,21,598.25
2017-08-31,P114,6,23,598.25
2017-09-30,P114,6,28,598.25
2017-10-31,P114,6,31,598.25
2017-11-30,P114,6,2,598.25
2017-12-31,P114,6,5,598.25
2017-01-31,P115,1,33,633.29
2017-02-28,P115,1,38,633.29
2017-03-31,P115,1,8,633.29
2017-04-30,P115,1,15,633.29
2017-05-31,P115,1,19,633.29
2017-06-30,P115,1,26,633.29
2017-07-31,P115,1,31,633.29
2017-08-31,P115,1,32,633.29
2017-09-30,P115,1,35,633.29
2017-10-31,P115,1,35,633.29
2017-11-30,P115,1,32,633.29
2017-12-31,P115,1,28,633.29
2017-01-31,P115,6,58,633.29
2017-02-28,P115,6,67,633.29
2017-03-31,P115,6,82,633.29
2017-04-30,P115,6,107,633.29
2017-05-31,P115,6,124,633.29
2017-06-30,P115,6,8,633.29
2017-07-31,P115,6,30,633.29
2017-08-31,P115,6,30,633.29
2017-09-30,P115,6,46,633.29
2017-10-31,P115,6,29,633.29
2017-11-30,P115,6,25,633.29
2017-12-31,P115,6,0,633.29
2017-01-31,P115,9,59,633.29
2017-02-28,P115,9,25,633.29
2017-03-31,P115,9,26,633.29
2017-04-30,P115,9,0,633.29
2017-05-31,P115,9,1,633.29
2017-06-30,P115,9,0,633.29
2017-07-31,P115,9,2,633.29
2017-08-31,P115,9,5,633.29
2017-09-30,P115,9,0,633.29
2017-10-31,P115,9,8,633.29
2017-11-30,P115,9,14,633.29
2017-12-31,P115,9,16,633.29
2017-01-31,P116,1,53,592.12
2017-02-28,P116,1,67,592.12
2017-03-31,P116,1,61,592.12
2017-04-30,P116,1,73,592.12
2017-05-31,P116,1,82,592.12
2017-06-30,P116,1,84,592.12
2017-07-31,P116,1,104,592.12
2017-08-31,P116,1,136,592.12
2017-09-30,P116,1,164,592.12
2017-10-31,P116,1,167,592.12
2017-11-30,P116,1,164,592.12
2017-12-31,P116,1,3,592.12
2017-01-31,P116,3,86,592.12
2017-02-28,P116,3,88,592.12
2017-03-31,P116,3,104,592.12
2017-04-30,P116,3,0,592.12
2017-05-31,P116,3,8,592.12
2017-06-30,P116,3,37,592.12
2017-07-31,P116,3,45,592.12
2017-08-31,P116,3,55,592.12
2017-09-30,P116,3,93,592.12
2017-10-31,P116,3,91,592.12
2017-11-30,P116,3,112,592.12
2017-12-31,P116,3,104,592.12
2017-01-31,P116,8,36,592.12
2017-02-28,P116,8,36,592.12
2017-03-31,P116,8,36,592.12
2017-04-30,P116,8,36,592.12
2017-05-31,P116,8,36,592.12
2017-06-30,P116,8,36,592.12
2017-07-31,P116,8,36,592.12
2017-08-31,P116,8,36,592.12
2017-09-30,P116,8,36,592.12
2017-10-31,P116,8,36,592.12
2017-11-30,P116,8,36,592.12
2017-12-31,P116,8,36,592.12
2017-01-31,P117,4,92,539.98
2017-02-28,P117,4,86,539.98
2017-03-31,P117,4,79,539.98
2017-04-30,P117,4,71,539.98
2017-05-31,P117,4,79,539.98
2017-06-30,P117,4,79,539.98
2017-07-31,P117,4,95,539.98
2017-08-31,P117,4,10,539.98
2017-09-30,P117,4,8,539.98
2017-10-31,P117,4,90,539.98
2017-11-30,P117,4,3,539.98
2017-12-31,P117,4,2,539.98
2017-01-31,P117,7,44,539.98
2017-02-28,P117,7,26,539.98
2017-03-31,P117,7,41,539.98
2017-04-30,P117,7,81,539.98
2017-05-31,P117,7,85,539.98
2017-06-30,P117,7,81,539.98
2017-07-31,P117,7,90,539.98
2017-08-31,P117,7,2,539.98
2017-09-30,P117,7,27,539.98
2017-10-31,P117,7,3,539.98
2017-11-30,P117,7,86,539.98
2017-12-31,P117,7,5,539.98
2017-01-31,P117,8,95,539.98
2017-02-28,P117,8,147,539.98
2017-03-31,P117,8,150,539.98
2017-04-30,P117,8,153,539.98
2017-05-31,P117,8,156,539.98
2017-06-30,P117,8,40,539.98
2017-07-31,P117,8,178,539.98
2017-08-31,P117,8,25,539.98
2017-09-30,P117,8,47,539.98
2017-10-31,P117,8,32,539.98
2017-11-30,P117,8,68,539.98
2017-12-31,P117,8,82,539.98
2017-01-31,P118,3,345,605.3
2017-02-28,P118,3,246,605.3
2017-03-31,P118,3,100,605.3
2017-04-30,P118,3,88,605.3
2017-05-31,P118,3,120,605.3
2017-06-30,P118,3,147,605.3
2017-07-31,P118,3,146,605.3
2017-08-31,P118,3,141,605.3
2017-09-30,P118,3,37,605.3
2017-10-31,P118,3,42,605.3
2017-11-30,P118,3,65,605.3
2017-12-31,P118,3,76,605.3
2017-01-31,P118,6,88,605.3
2017-02-28,P118,6,88,605.3
2017-03-31,P118,6,88,605.3
2017-04-30,P118,6,88,605.3
2017-05-31,P118,6,88,605.3
2017-06-30,P118,6,88,605.3
2017-07-31,P118,6,88,605.3
2017-08-31,P118,6,88,605.3
2017-09-30,P118,6,88,605.3
2017-10-31,P118,6,88,605.3
2017-11-30,P118,6,88,605.3
2017-12-31,P118,6,88,605.3
2017-01-31,P118,8,166,605.3
2017-02-28,P118,8,187,605.3
2017-03-31,P118,8,198,605.3
2017-04-30,P118,8,170,605.3
2017-05-31,P118,8,191,605.3
2017-06-30,P118,8,58,605.3
2017-07-31,P118,8,78,605.3
2017-08-31,P118,8,67,605.3
2017-09-30,P118,8,104,605.3
2017-10-31,P118,8,107,605.3
2017-11-30,P118,8,72,605.3
2017-12-31,P118,8,47,605.3
2017-01-31,P119,1,0,521.03
2017-02-28,P119,1,0,521.03
2017-03-31,P119,1,0,521.03
2017-04-30,P119,1,0,521.03
2017-05-31,P119,1,0,521.03
2017-06-30,P119,1,0,521.03
2017-07-31,P119,1,0,521.03
2017-08-31,P119,1,0,521.03
2017-09-30,P119,1,0,521.03
2017-10-31,P119,1,0,521.03
2017-11-30,P119,1,0,521.03
2017-12-31,P119,1,0,521.03
2017-01-31,P119,8,0,521.03
2017-02-28,P119,8,0,521.03
2017-03-31,P119,8,0,521.03
2017-04-30,P119,8,0,521.03
2017-05-31,P119,8,0,521.03
2017-06-30,P119,8,0,521.03
2017-07-31,P119,8,0,521.03
2017-08-31,P119,8,0,521.03
2017-09-30,P119,8,0,521.03
2017-10-31,P119,8,0,521.03
2017-11-30,P119,8,0,521.03
2017-12-31,P119,8,0,521.03
2017-01-31,P119,9,72,521.03
2017-02-28,P119,9,25,521.03
2017-03-31,P119,9,29,521.03
2017-04-30,P119,9,40,521.03
2017-05-31,P119,9,39,521.03
2017-06-30,P119,9,39,521.03
2017-07-31,P119,9,46,521.03
2017-08-31,P119,9,55,521.03
2017-09-30,P119,9,39,521.03
2017-10-31,P119,9,52,521.03
2017-11-30,P119,9,69,521.03
2017-12-31,P119,9,59,521.03
2017-01-31,P120,1,55,555.07
2017-02-28,P120,1,62,555.07
2017-03-31,P120,1,74,555.07
2017-04-30,P120,1,60,555.07
2017-05-31,P120,1,76,555.07
2017-06-30,P120,1,50,555.07
2017-07-31,P120,1,66,555.07
2017-08-31,P120,1,80,555.07
2017-09-30,P120,1,63,555.07
2017-10-31,P120,1,58,555.07
2017-11-30,P120,1,71,555.07
2017-12-31,P120,1,69,555.07
2017-01-31,P120,6,0,555.07
2017-02-28,P120,6,0,555.07
2017-03-31,P120,6,0,555.07
2017-04-30,P120,6,0,555.07
2017-05-31,P120,6,0,555.07
2017-06-30,P120,6,0,555.07
2017-07-31,P120,6,0,555.07
2017-08-31,P120,6,0,555.07
2017-09-30,P120,6,0,555.07
2017-10-31,P120,6,0,555.07
2017-11-30,P120,6,0,555.07
2017-12-31,P120,6,0,555.07
2017-01-31,P120,8,84,555.07
2017-02-28,P120,8,14,555.07
2017-03-31,P120,8,21,555.07
2017-04-30,P120,8,46,555.07
2017-05-31,P120,8,42,555.07
2017-06-30,P120,8,64,555.07
2017-07-31,P120,8,66,555.07
2017-08-31,P120,8,68,555.07
2017-09-30,P120,8,86,555.07
2017-10-31,P120,8,7,555.07
2017-11-30,P120,8,25,555.07
2017-12-31,P120,8,46,555.07
2017-01-31,P121,1,103,1139.23
2017-02-28,P121,1,100,1139.23
2017-03-31,P121,1,100,1139.23
2017-04-30,P121,1,124,1139.23
2017-05-31,P121,1,76,1139.23
2017-06-30,P121,1,105,1139.23
2017-07-31,P121,1,95,1139.23
2017-08-31,P121,1,81,1139.23
2017-09-30,P121,1,76,1139.23
2017-10-31,P121,1,79,1139.23
2017-11-30,P121,1,117,1139.23
2017-12-31,P121,1,125,1139.23
2017-01-31,P121,2,28,1139.23
2017-02-28,P121,2,6,1139.23
2017-03-31,P121,2,11,1139.23
2017-04-30,P121,2,17,1139.23
2017-05-31,P121,2,21,1139.23
2017-06-30,P121,2,21,1139.23
2017-07-31,P121,2,19,1139.23
2017-08-31,P121,2,11,1139.23
2017-09-30,P121,2,22,1139.23
2017-10-31,P121,2,24,1139.23
2017-11-30,P121,2,29,1139.23
2017-12-31,P121,2,28,1139.23
2017-01-31,P121,3,60,1139.23
2017-02-28,P121,3,94,1139.23
2017-03-31,P121,3,105,1139.23
2017-04-30,P121,3,106,1139.23
2017-05-31,P121,3,116,1139.23
2017-06-30,P121,3,96,1139.23
2017-07-31,P121,3,84,1139.23
2017-08-31,P121,3,91,1139.23
2017-09-30,P121,3,101,1139.23
2017-10-31,P121,3,117,1139.23
2017-11-30,P121,3,110,1139.23
2017-12-31,P121,3,105,1139.23
2017-01-31,P122,3,56,1330.26
2017-02-28,P122,3,89,1330.26
2017-03-31,P122,3,96,1330.26
2017-04-30,P122,3,86,1330.26
2017-05-31,P122,3,87,1330.26
2017-06-30,P122,3,79,1330.26
2017-07-31,P122,3,81,1330.26
2017-08-31,P122,3,68,1330.26
2017-09-30,P122,3,71,1330.26
2017-10-31,P122,3,81,1330.26
2017-11-30,P122,3,89,1330.26
2017-12-31,P122,3,85,1330.26
2017-01-31,P122,4,92,1330.26
2017-02-28,P122,4,125,1330.26
2017-03-31,P122,4,122,1330.26
2017-04-30,P122,4,113,1330.26
2017-05-31,P122,4,96,1330.26
2017-06-30,P122,4,88,1330.26
2017-07-31,P122,4,75,1330.26
2017-08-31,P122,4,106,1330.26
2017-09-30,P122,4,126,1330.26
2017-10-31,P122,4,80,1330.26
2017-11-30,P122,4,100,1330.26
2017-12-31,P122,4,132,1330.26
2017-01-31,P122,5,58,1330.26
2017-02-28,P122,5,63,1330.26
2017-03-31,P122,5,49,1330.26
2017-04-30,P122,5,0,1330.26
2017-05-31,P122,5,53,1330.26
2017-06-30,P122,5,59,1330.26
2017-07-31,P122,5,62,1330.26
2017-08-31,P122,5,8,1330.26
2017-09-30,P122,5,12,1330.26
2017-10-31,P122,5,25,1330.26
2017-11-30,P122,5,30,1330.26
2017-12-31,P122,5,36,1330.26
2017-01-31,P123,2,174,1051.97
2017-02-28,P123,2,172,1051.97
2017-03-31,P123,2,151,1051.97
2017-04-30,P123,2,138,1051.97
2017-05-31,P123,2,125,1051.97
2017-06-30,P123,2,148,1051.97
2017-07-31,P123,2,52,1051.97
2017-08-31,P123,2,70,1051.97
2017-09-30,P123,2,65,1051.97
2017-10-31,P123,2,36,1051.97
2017-11-30,P123,2,68,1051.97
2017-12-31,P123,2,44,1051.97
2017-01-31,P123,4,375,1051.97
2017-02-28,P123,4,257,1051.97
2017-03-31,P123,4,129,1051.97
2017-04-30,P123,4,130,1051.97
2017-05-31,P123,4,119,1051.97
2017-06-30,P123,4,137,1051.97
2017-07-31,P123,4,131,1051.97
2017-08-31,P123,4,120,1051.97
2017-09-30,P123,4,139,1051.97
2017-10-31,P123,4,161,1051.97
2017-11-30,P123,4,36,1051.97
2017-12-31,P123,4,38,1051.97
2017-01-31,P123,5,0,1051.97
2017-02-28,P123,5,0,1051.97
2017-03-31,P123,5,0,1051.97
2017-04-30,P123,5,0,1051.97
2017-05-31,P123,5,0,1051.97
2017-06-30,P123,5,0,1051.97
2017-07-31,P123,5,0,1051.97
2017-08-31,P123,5,0,1051.97
2017-09-30,P123,5,0,1051.97
2017-10-31,P123,5,0,1051.97
2017-11-30,P123,5,0,1051.97
2017-12-31,P123,5,0,1051.97
2017-01-31,P124,1,75,1163.49
2017-02-28,P124,1,94,1163.49
2017-03-31,P124,1,104,1163.49
2017-04-30,P124,1,91,1163.49
2017-05-31,P124,1,84,1163.49
2017-06-30,P124,1,83,1163.49
2017-07-31,P124,1,77,1163.49
2017-08-31,P124,1,60,1163.49
2017-09-30,P124,1,82,1163.49
2017-10-31,P124,1,84,1163.49
2017-11-30,P124,1,82,1163.49
2017-12-31,P124,1,74,1163.49
2017-01-31,P124,7,76,1163.49
2017-02-28,P124,7,130,1163.49
2017-03-31,P124,7,142,1163.49
2017-04-30,P124,7,166,1163.49
2017-05-31,P124,7,158,1163.49
2017-06-30,P124,7,182,1163.49
2017-07-31,P124,7,207,1163.49
2017-08-31,P124,7,36,1163.49
2017-09-30,P124,7,39,1163.49
2017-10-31,P124,7,21,1163.49
2017-11-30,P124,7,56,1163.49
2017-12-31,P124,7,57,1163.49
2017-01-31,P124,9,138,1163.49
2017-02-28,P124,9,142,1163.49
2017-03-31,P124,9,135,1163.49
2017-04-30,P124,9,137,1163.49
2017-05-31,P124,9,118,1163.49
2017-06-30,P124,9,119,1163.49
2017-07-31,P124,9,99,1163.49
2017-08-31,P124,9,96,1163.49
2017-09-30,P124,9,105,1163.49
2017-10-31,P124,9,129,1163.49
2017-11-30,P124,9,127,1163.49
2017-12-31,P124,9,158,1163.49
2017-01-31,P125,5,21,1174.36
2017-02-28,P125,5,21,1174.36
2017-03-31,P125,5,21,1174.36
2017-04-30,P125,5,21,1174.36
2017-05-31,P125,5,21,1174.36
2017-06-30,P125,5,21,1174.36
2017-07-31,P125,5,21,1174.36
2017-08-31,P125,5,21,1174.36
2017-09-30,P125,5,21,1174.36
2017-10-31,P125,5,21,1174.36
2017-11-30,P125,5,21,1174.36
2017-12-31,P125,5,21,1174.36
2017-01-31,P125,6,20,1174.36
2017-02-28,P125,6,11,1174.36
2017-03-31,P125,6,13,1174.36
2017-04-30,P125,6,11,1174.36
2017-05-31,P125,6,5,1174.36
2017-06-30,P125,6,12,1174.36
2017-07-31,P125,6,6,1174.36
2017-08-31,P125,6,3,1174.36
2017-09-30,P125,6,1,1174.36
2017-10-31,P125,6,29,1174.36
2017-11-30,P125,6,28,1174.36
2017-12-31,P125,6,0,1174.36
2017-01-31,P125,9,75,1174.36
2017-02-28,P125,9,75,1174.36
2017-03-31,P125,9,28,1174.36
2017-04-30,P125,9,46,1174.36
2017-05-31,P125,9,50,1174.36
2017-06-30,P125,9,46,1174.36
2017-07-31,P125,9,50,1174.36
2017-08-31,P125,9,58,1174.36
2017-09-30,P125,9,58,1174.36
2017-10-31,P125,9,61,1174.36
2017-11-30,P125,9,52,1174.36
2017-12-31,P125,9,67,1174.36
2017-01-31,P126,1,82,1139.87
2017-02-28,P126,1,59,1139.87
2017-03-31,P126,1,26,1139.87
2017-04-30,P126,1,29,1139.87
2017-05-31,P126,1,29,1139.87
2017-06-30,P126,1,33,1139.87
2017-07-31,P126,1,27,1139.87
2017-08-31,P126,1,30,1139.87
2017-09-30,P126,1,31,1139.87
2017-10-31,P126,1,34,1139.87
2017-11-30,P126,1,7,1139.87
2017-12-31,P126,1,19,1139.87
2017-01-31,P126,7,155,1139.87
2017-02-28,P126,7,183,1139.87
2017-03-31,P126,7,43,1139.87
2017-04-30,P126,7,63,1139.87
2017-05-31,P126,7,184,1139.87
2017-06-30,P126,7,160,1139.87
2017-07-31,P126,7,143,1139.87
2017-08-31,P126,7,154,1139.87
2017-09-30,P126,7,32,1139.87
2017-10-31,P126,7,177,1139.87
2017-11-30,P126,7,174,1139.87
2017-12-31,P126,7,165,1139.87
2017-01-31,P126,8,342,1139.87
2017-02-28,P126,8,203,1139.87
2017-03-31,P126,8,28,1139.87
2017-04-30,P126,8,14,1139.87
2017-05-31,P126,8,21,1139.87
2017-06-30,P126,8,36,1139.87
2017-07-31,P126,8,69,1139.87
2017-08-31,P126,8,109,1139.87
2017-09-30,P126,8,127,1139.87
2017-10-31,P126,8,151,1139.87
2017-11-30,P126,8,9,1139.87
2017-12-31,P126,8,4,1139.87
2017-01-31,P127,1,44,1131.68
2017-02-28,P127,1,59,1131.68
2017-03-31,P127,1,56,1131.68
2017-04-30,P127,1,44,1131.68
2017-05-31,P127,1,40,1131.68
2017-06-30,P127,1,34,1131.68
2017-07-31,P127,1,34,1131.68
2017-08-31,P127,1,23,1131.68
2017-09-30,P127,1,37,1131.68
2017-10-31,P127,1,55,1131.68
2017-11-30,P127,1,60,1131.68
2017-12-31,P127,1,57,1131.68
2017-01-31,P127,4,47,1131.68
2017-02-28,P127,4,43,1131.68
2017-03-31,P127,4,43,1131.68
2017-04-30,P127,4,26,1131.68
2017-05-31,P127,4,119,1131.68
2017-06-30,P127,4,103,1131.68
2017-07-31,P127,4,104,1131.68
2017-08-31,P127,4,115,1131.68
2017-09-30,P127,4,106,1131.68
2017-10-31,P127,4,122,1131.68
2017-11-30,P127,4,40,1131.68
2017-12-31,P127,4,45,1131.68
2017-01-31,P127,8,102,1131.68
2017-02-28,P127,8,106,1131.68
2017-03-31,P127,8,122,1131.68
2017-04-30,P127,8,6,1131.68
2017-05-31,P127,8,29,1131.68
2017-06-30,P127,8,59,1131.68
2017-07-31,P127,8,67,1131.68
2017-08-31,P127,8,79,1131.68
2017-09-30,P127,8,93,1131.68
2017-10-31,P127,8,69,1131.68
2017-11-30,P127,8,63,1131.68
2017-12-31,P127,8,92,1131.68
2017-01-31,P128,3,205,912.98
2017-02-28,P128,3,47,912.98
2017-03-31,P128,3,82,912.98
2017-04-30,P128,3,83,912.98
2017-05-31,P128,3,147,912.98
2017-06-30,P128,3,179,912.98
2017-07-31,P128,3,208,912.98
2017-08-31,P128,3,206,912.98
2017-09-30,P128,3,35,912.98
2017-10-31,P128,3,205,912.98
2017-11-30,P128,3,203,912.98
2017-12-31,P128,3,31,912.98
2017-01-31,P128,5,12,912.98
2017-02-28,P128,5,12,912.98
2017-03-31,P128,5,12,912.98
2017-04-30,P128,5,12,912.98
2017-05-31,P128,5,12,912.98
2017-06-30,P128,5,12,912.98
2017-07-31,P128,5,12,912.98
2017-08-31,P128,5,12,912.98
2017-09-30,P128,5,12,912.98
2017-10-31,P128,5,12,912.98
2017-11-30,P128,5,12,912.98
2017-12-31,P128,5,12,912.98
2017-01-31,P128,9,0,912.98
2017-02-28,P128,9,0,912.98
2017-03-31,P128,9,0,912.98
2017-04-30,P128,9,0,912.98
2017-05-31,P128,9,0,912.98
2017-06-30,P128,9,0,912.98
2017-07-31,P128,9,0,912.98
2017-08-31,P128,9,0,912.98
2017-09-30,P128,9,0,912.98
2017-10-31,P128,9,0,912.98
2017-11-30,P128,9,0,912.98
2017-12-31,P128,9,0,912.98
2017-01-31,P129,6,44,1068.66
2017-02-28,P129,6,60,1068.66
2017-03-31,P129,6,52,1068.66
2017-04-30,P129,6,55,1068.66
2017-05-31,P129,6,44,1068.66
2017-06-30,P129,6,40,1068.66
2017-07-31,P129,6,35,1068.66
2017-08-31,P129,6,51,1068.66
2017-09-30,P129,6,53,1068.66
2017-10-31,P129,6,50,1068.66
2017-11-30,P129,6,64,1068.66
2017-12-31,P129,6,9,1068.66
2017-01-31,P129,7,82,1068.66
2017-02-28,P129,7,94,1068.66
2017-03-31,P129,7,98,1068.66
2017-04-30,P129,7,0,1068.66
2017-05-31,P129,7,12,1068.66
2017-06-30,P129,7,8,1068.66
2017-07-31,P129,7,11,1068.66
2017-08-31,P129,7,26,1068.66
2017-09-30,P129,7,55,1068.66
2017-10-31,P129,7,55,1068.66
2017-11-30,P129,7,66,1068.66
2017-12-31,P129,7,57,1068.66
2017-01-31,P129,8,9,1068.66
2017-02-28,P129,8,15,1068.66
2017-03-31,P129,8,18,1068.66
2017-04-30,P129,8,22,1068.66
2017-05-31,P129,8,21,1068.66
2017-06-30,P129,8,24,1068.66
2017-07-31,P129,8,26,1068.66
2017-08-31,P129,8,26,1068.66
2017-09-30,P129,8,23,1068.66
2017-10-31,P129,8,22,1068.66
2017-11-30,P129,8,26,1068.66
2017-12-31,P129,8,19,1068.66
2017-01-31,P130,4,135,1019.51
2017-02-28,P130,4,155,1019.51
2017-03-31,P130,4,115,1019.51
2017-04-30,P130,4,113,1019.51
2017-05-31,P130,4,117,1019.51
2017-06-30,P130,4,143,1019.51
2017-07-31,P130,4,175,1019.51
2017-08-31,P130,4,26,1019.51
2017-09-30,P130,4,10,1019.51
2017-10-31,P130,4,41,1019.51
2017-11-30,P130,4,90,1019.51
2017-12-31,P130,4,92,1019.51
2017-01-31,P130,5,0,1019.51
2017-02-28,P130,5,0,1019.51
2017-03-31,P130,5,0,1019.51
2017-04-30,P130,5,0,1019.51
2017-05-31,P130,5,0,1019.51
2017-06-30,P130,5,0,1019.51
2017-07-31,P130,5,0,1019.51
2017-08-31,P130,5,0,1019.51
2017-09-30,P130,5,0,1019.51
2017-10-31,P130,5,0,1019.51
2017-11-30,P130,5,0,1019.51
2017-12-31,P130,5,0,1019.51
2017-01-31,P130,6,154,1019.51
2017-02-28,P130,6,151,1019.51
2017-03-31,P130,6,180,1019.51
2017-04-30,P130,6,8,1019.51
2017-05-31,P130,6,70,1019.51
2017-06-30,P130,6,84,1019.51
2017-07-31,P130,6,45,1019.51
2017-08-31,P130,6,36,1019.51
2017-09-30,P130,6,44,1019.51
2017-10-31,P130,6,52,1019.51
2017-11-30,P130,6,93,1019.51
2017-12-31,P130,6,68,1019.51
2017-01-31,P131,1,324,1002.47
2017-02-28,P131,1,226,1002.47
2017-03-31,P131,1,85,1002.47
2017-04-30,P131,1,109,1002.47
2017-05-31,P131,1,102,1002.47
2017-06-30,P131,1,109,1002.47
2017-07-31,P131,1,102,1002.47
2017-08-31,P131,1,129,1002.47
2017-09-30,P131,1,113,1002.47
2017-10-31,P131,1,117,1002.47
2017-11-30,P131,1,121,1002.47
2017-12-31,P131,1,0,1002.47
2017-01-31,P131,2,70,1002.47
2017-02-28,P131,2,14,1002.47
2017-03-31,P131,2,25,1002.47
2017-04-30,P131,2,24,1002.47
2017-05-31,P131,2,25,1002.47
2017-06-30,P131,2,47,1002.47
2017-07-31,P131,2,35,1002.47
2017-08-31,P131,2,37,1002.47
2017-09-30,P131,2,42,1002.47
2017-10-31,P131,2,43,1002.47
2017-11-30,P131,2,52,1002.47
2017-12-31,P131,2,60,1002.47
2017-01-31,P131,4,0,1002.47
2017-02-28,P131,4,0,1002.47
2017-03-31,P131,4,0,1002.47
2017-04-30,P131,4,0,1002.47
2017-05-31,P131,4,0,1002.47
2017-06-30,P131,4,0,1002.47
2017-07-31,P131,4,0,1002.47
2017-08-31,P131,4,0,1002.47
2017-09-30,P131,4,0,1002.47
2017-10-31,P131,4,0,1002.47
2017-11-30,P131,4,0,1002.47
2017-12-31,P131,4,0,1002.47
2017-01-31,P132,2,0,867.52
2017-02-28,P132,2,0,867.52
2017-03-31,P132,2,0,867.52
2017-04-30,P132,2,0,867.52
2017-05-31,P132,2,0,867.52
2017-06-30,P132,2,0,867.52
2017-07-31,P132,2,0,867.52
2017-08-31,P132,2,0,867.52
2017-09-30,P132,2,0,867.52
2017-10-31,P132,2,0,867.52
2017-11-30,P132,2,0,867.52
2017-12-31,P132,2,0,867.52
2017-01-31,P132,3,206,867.52
2017-02-28,P132,3,135,867.52
2017-03-31,P132,3,41,867.52
2017-04-30,P132,3,41,867.52
2017-05-31,P132,3,44,867.52
2017-06-30,P132,3,55,867.52
2017-07-31,P132,3,69,867.52
2017-08-31,P132,3,86,867.52
2017-09-30,P132,3,84,867.52
2017-10-31,P132,3,90,867.52
2017-11-30,P132,3,83,867.52
2017-12-31,P132,3,0,867.52
2017-01-31,P132,8,45,867.52
2017-02-28,P132,8,38,867.52
2017-03-31,P132,8,43,867.52
2017-04-30,P132,8,54,867.52
2017-05-31,P132,8,57,867.52
2017-06-30,P132,8,0,867.52
2017-07-31,P132,8,60,867.52
2017-08-31,P132,8,55,867.52
2017-09-30,P132,8,0,867.52
2017-10-31,P132,8,41,867.52
2017-11-30,P132,8,44,867.52
2017-12-31,P132,8,49,867.52
2017-01-31,P133,1,121,821.91
2017-02-28,P133,1,143,821.91
2017-03-31,P133,1,38,821.91
2017-04-30,P133,1,57,821.91
2017-05-31,P133,1,69,821.91
2017-06-30,P133,1,100,821.91
2017-07-31,P133,1,91,821.91
2017-08-31,P133,1,109,821.91
2017-09-30,P133,1,96,821.91
2017-10-31,P133,1,82,821.91
2017-11-30,P133,1,81,821.91
2017-12-31,P133,1,111,821.91
2017-01-31,P133,2,0,821.91
2017-02-28,P133,2,0,821.91
2017-03-31,P133,2,0,821.91
2017-04-30,P133,2,0,821.91
2017-05-31,P133,2,0,821.91
2017-06-30,P133,2,0,821.91
2017-07-31,P133,2,0,821.91
2017-08-31,P133,2,0,821.91
2017-09-30,P133,2,0,821.91
2017-10-31,P133,2,0,821.91
2017-11-30,P133,2,0,821.91
2017-12-31,P133,2,0,821.91
2017-01-31,P133,6,0,821.91
2017-02-28,P133,6,0,821.91
2017-03-31,P133,6,0,821.91
2017-04-30,P133,6,0,821.91
2017-05-31,P133,6,0,821.91
2017-06-30,P133,6,0,821.91
2017-07-31,P133,6,0,821.91
2017-08-31,P133,6,0,821.91
2017-09-30,P133,6,0,821.91
2017-10-31,P133,6,0,821.91
2017-11-30,P133,6,0,821.91
2017-12-31,P133,6,0,821.91
2017-01-31,P134,3,67,836.03
2017-02-28,P134,3,75,836.03
2017-03-31,P134,3,82,836.03
2017-04-30,P134,3,74,836.03
2017-05-31,P134,3,57,836.03
2017-06-30,P134,3,46,836.03
2017-07-31,P134,3,61,836.03
2017-08-31,P134,3,65,836.03
2017-09-30,P134,3,64,836.03
2017-10-31,P134,3,62,836.03
2017-11-30,P134,3,68,836.03
2017-12-31,P134,3,73,836.03
2017-01-31,P134,7,126,836.03
2017-02-28,P134,7,146,836.03
2017-03-31,P134,7,130,836.03
2017-04-30,P134,7,184,836.03
2017-05-31,P134,7,238,836.03
2017-06-30,P134,7,41,836.03
2017-07-31,P134,7,73,836.03
2017-08-31,P134,7,80,836.03
2017-09-30,P134,7,76,836.03
2017-10-31,P134,7,63,836.03
2017-11-30,P134,7,122,836.03
2017-12-31,P134,7,147,836.03
2017-01-31,P134,8,25,836.03
2017-02-28,P134,8,31,836.03
2017-03-31,P134,8,29,836.03
2017-04-30,P134,8,28,836.03
2017-05-31,P134,8,29,836.03
2017-06-30,P134,8,4,836.03
2017-07-31,P134,8,7,836.03
2017-08-31,P134,8,13,836.03
2017-09-30,P134,8,22,836.03
2017-10-31,P134,8,21,836.03
2017-11-30,P134,8,33,836.03
2017-12-31,P134,8,4,836.03
2017-01-31,P135,3,71,708.91
2017-02-28,P135,3,22,708.91
2017-03-31,P135,3,24,708.91
2017-04-30,P135,3,36,708.91
2017-05-31,P135,3,38,708.91
2017-06-30,P135,3,49,708.91
2017-07-31,P135,3,45,708.91
2017-08-31,P135,3,56,708.91
2017-09-30,P135,3,71,708.91
2017-10-31,P135,3,61,708.91
2017-11-30,P135,3,48,708.91
2017-12-31,P135,3,47,708.91
2017-01-31,P135,7,59,708.91
2017-02-28,P135,7,59,708.91
2017-03-31,P135,7,59,708.91
2017-04-30,P135,7,59,708.91
2017-05-31,P135,7,59,708.91
2017-06-30,P135,7,59,708.91
2017-07-31,P135,7,59,708.91
2017-08-31,P135,7,59,708.91
2017-09-30,P135,7,59,708.91
2017-10-31,P135,7,59,708.91
2017-11-30,P135,7,59,708.91
2017-12-31,P135,7,59,708.91
2017-01-31,P135,8,35,708.91
2017-02-28,P135,8,53,708.91
2017-03-31,P135,8,64,708.91
2017-04-30,P135,8,69,708.91
2017-05-31,P135,8,73,708.91
2017-06-30,P135,8,82,708.91
2017-07-31,P135,8,65,708.91
2017-08-31,P135,8,67,708.91
2017-09-30,P135,8,69,708.91
2017-10-31,P135,8,70,708.91
2017-11-30,P135,8,72,708.91
2017-12-31,P135,8,73,708.91
2017-01-31,P136,4,72,580.33
2017-02-28,P136,4,39,580.33
2017-03-31,P136,4,4,580.33
2017-04-30,P136,4,4,580.33
2017-05-31,P136,4,4,580.33
2017-06-30,P136,4,6,580.33
2017-07-31,P136,4,32,580.33
2017-08-31,P136,4,29,580.33
2017-09-30,P136,4,2,580.33
2017-10-31,P136,4,32,580.33
2017-11-30,P136,4,2,580.33
2017-12-31,P136,4,4,580.33
2017-01-31,P136,5,34,580.33
2017-02-28,P136,5,42,580.33
2017-03-31,P136,5,40,580.33
2017-04-30,P136,5,35,580.33
2017-05-31,P136,5,29,580.33
2017-06-30,P136,5,22,580.33
2017-07-31,P136,5,78,580.33
2017-08-31,P136,5,30,580.33
2017-09-30,P136,5,43,580.33
2017-10-31,P136,5,54,580.33
2017-11-30,P136,5,71,580.33
2017-12-31,P136,5,14,580.33
2017-01-31,P136,6,0,580.33
2017-02-28,P136,6,0,580.33
2017-03-31,P136,6,0,580.33
2017-04-30,P136,6,0,580.33
2017-05-31,P136,6,0,580.33
2017-06-30,P136,6,0,580.33
2017-07-31,P136,6,0,580.33
2017-08-31,P136,6,0,580.33
2017-09-30,P136,6,0,580.33
2017-10-31,P136,6,0,580.33
2017-11-30,P136,6,0,580.33
2017-12-31,P136,6,0,580.33
2017-01-31,P137,1,191,596.25
2017-02-28,P137,1,148,596.25
2017-03-31,P137,1,94,596.25
2017-04-30,P137,1,30,596.25
2017-05-31,P137,1,42,596.25
2017-06-30,P137,1,50,596.25
2017-07-31,P137,1,58,596.25
2017-08-31,P137,1,66,596.25
2017-09-30,P137,1,70,596.25
2017-10-31,P137,1,78,596.25
2017-11-30,P137,1,73,596.25
2017-12-31,P137,1,73,596.25
2017-01-31,P137,5,220,596.25
2017-02-28,P137,5,122,596.25
2017-03-31,P137,5,31,596.25
2017-04-30,P137,5,36,596.25
2017-05-31,P137,5,27,596.25
2017-06-30,P137,5,22,596.25
2017-07-31,P137,5,22,596.25
2017-08-31,P137,5,31,596.25
2017-09-30,P137,5,20,596.25
2017-10-31,P137,5,23,596.25
2017-11-30,P137,5,32,596.25
2017-12-31,P137,5,15,596.25
2017-01-31,P137,7,33,596.25
2017-02-28,P137,7,46,596.25
2017-03-31,P137,7,67,596.25
2017-04-30,P137,7,67,596.25
2017-05-31,P137,7,73,596.25
2017-06-30,P137,7,60,596.25
2017-07-31,P137,7,71,596.25
2017-08-31,P137,7,86,596.25
2017-09-30,P137,7,83,596.25
2017-10-31,P137,7,76,596.25
2017-11-30,P137,7,77,596.25
2017-12-31,P137,7,88,596.25
2017-01-31,P138,4,0,700.5
2017-02-28,P138,4,0,700.5
2017-03-31,P138,4,0,700.5
2017-04-30,P138,4,0,700.5
2017-05-31,P138,4,0,700.5
2017-06-30,P138,4,0,700.5
2017-07-31,P138,4,0,700.5
2017-08-31,P138,4,0,700.5
2017-09-30,P138,4,0,700.5
2017-10-31,P138,4,0,700.5
2017-11-30,P138,4,0,700.5
2017-12-31,P138,4,0,700.5
2017-01-31,P138,5,71,700.5
2017-02-28,P138,5,74,700.5
2017-03-31,P138,5,56,700.5
2017-04-30,P138,5,66,700.5
2017-05-31,P138,5,69,700.5
2017-06-30,P138,5,102,700.5
2017-07-31,P138,5,112,700.5
2017-08-31,P138,5,28,700.5
2017-09-30,P138,5,42,700.5
2017-10-31,P138,5,34,700.5
2017-11-30,P138,5,59,700.5
2017-12-31,P138,5,53,700.5
2017-01-31,P138,9,137,700.5
2017-02-28,P138,9,142,700.5
2017-03-31,P138,9,159,700.5
2017-04-30,P138,9,161,700.5
2017-05-31,P138,9,165,700.5
2017-06-30,P138,9,164,700.5
2017-07-31,P138,9,162,700.5
2017-08-31,P138,9,176,700.5
2017-09-30,P138,9,170,700.5
2017-10-31,P138,9,177,700.5
2017-11-30,P138,9,168,700.5
2017-12-31,P138,9,28,700.5
2017-01-31,P139,1,61,622.47
2017-02-28,P139,1,74,622.47
2017-03-31,P139,1,66,622.47
2017-04-30,P139,1,58,622.47
2017-05-31,P139,1,55,622.47
2017-06-30,P139,1,54,622.47
2017-07-31,P139,1,62,622.47
2017-08-31,P139,1,70,622.47
2017-09-30,P139,1,74,622.47
2017-10-31,P139,1,76,622.47
2017-11-30,P139,1,88,622.47
2017-12-31,P139,1,0,622.47
2017-01-31,P139,5,21,622.47
2017-02-28,P139,5,25,622.47
2017-03-31,P139,5,45,622.47
2017-04-30,P139,5,31,622.47
2017-05-31,P139,5,17,622.47
2017-06-30,P139,5,11,622.47
2017-07-31,P139,5,28,622.47
2017-08-31,P139,5,21,622.47
2017-09-30,P139,5,14,622.47
2017-10-31,P139,5,47,622.47
2017-11-30,P139,5,38,622.47
2017-12-31,P139,5,45,622.47
2017-01-31,P139,6,134,622.47
2017-02-28,P139,6,127,622.47
2017-03-31,P139,6,114,622.47
2017-04-30,P139,6,162,622.47
2017-05-31,P139,6,200,622.47
2017-06-30,P139,6,180,622.47
2017-07-31,P139,6,213,622.47
2017-08-31,P139,6,209,622.47
2017-09-30,P139,6,59,622.47
2017-10-31,P139,6,60,622.47
2017-11-30,P139,6,69,622.47
2017-12-31,P139,6,85,622.47
2017-01-31,P140,3,0,604.04
2017-02-28,P140,3,0,604.04
2017-03-31,P140,3,0,604.04
2017-04-30,P140,3,0,604.04
2017-05-31,P140,3,0,604.04
2017-06-30,P140,3,0,604.04
2017-07-31,P140,3,0,604.04
2017-08-31,P140,3,0,604.04
2017-09-30,P140,3,0,604.04
2017-10-31,P140,3,0,604.04
2017-11-30,P140,3,0,604.04
2017-12-31,P140,3,0,604.04
2017-01-31,P140,8,0,604.04
2017-02-28,P140,8,0,604.04
2017-03-31,P140,8,0,604.04
2017-04-30,P140,8,0,604.04
2017-05-31,P140,8,0,604.04
2017-06-30,P140,8,0,604.04
2017-07-31,P140,8,0,604.04
2017-08-31,P140,8,0,604.04
2017-09-30,P140,8,0,604.04
2017-10-31,P140,8,0,604.04
2017-11-30,P140,8,0,604.04
2017-12-31,P140,8,0,604.04
2017-01-31,P140,9,0,604.04
2017-02-28,P140,9,0,604.04
2017-03-31,P140,9,0,604.04
2017-04-30,P140,9,0,604.04
2017-05-31,P140,9,0,604.04
2017-06-30,P140,9,0,604.04
2017-07-31,P140,9,0,604.04
2017-08-31,P140,9,0,604.04
2017-09-30,P140,9,0,604.04
2017-10-31,P140,9,0,604.04
2017-11-30,P140,9,0,604.04
2017-12-31,P140,9,0,604.04
2017-01-31,P141,2,132,594.04
2017-02-28,P141,2,133,594.04
2017-03-31,P141,2,113,594.04
2017-04-30,P141,2,108,594.04
2017-05-31,P141,2,103,594.04
2017-06-30,P141,2,98,594.04
2017-07-31,P141,2,111,594.04
2017-08-31,P141,2,119,594.04
2017-09-30,P141,2,123,594.04
2017-10-31,P141,2,129,594.04
2017-11-30,P141,2,134,594.04
2017-12-31,P141,2,17,594.04
2017-01-31,P141,5,30,594.04
2017-02-28,P141,5,8,594.04
2017-03-31,P141,5,0,594.04
2017-04-30,P141,5,9,594.04
2017-05-31,P141,5,12,594.04
2017-06-30,P141,5,14,594.04
2017-07-31,P141,5,16,594.04
2017-08-31,P141,5,15,594.04
2017-09-30,P141,5,8,594.04
2017-10-31,P141,5,16,594.04
2017-11-30,P141,5,19,594.04
2017-12-31,P141,5,26,594.04
2017-01-31,P141,9,20,594.04
2017-02-28,P141,9,34,594.04
2017-03-31,P141,9,3,594.04
2017-04-30,P141,9,3,594.04
2017-05-31,P141,9,33,594.04
2017-06-30,P141,9,13,594.04
2017-07-31,P141,9,13,594.04
2017-08-31,P141,9,18,594.04
2017-09-30,P141,9,26,594.04
2017-10-31,P141,9,26,594.04
2017-11-30,P141,9,27,594.04
2017-12-31,P141,9,28,594.04
2017-01-31,P142,7,179,590.13
2017-02-28,P142,7,200,590.13
2017-03-31,P142,7,66,590.13
2017-04-30,P142,7,84,590.13
2017-05-31,P142,7,81,590.13
2017-06-30,P142,7,94,590.13
2017-07-31,P142,7,117,590.13
2017-08-31,P142,7,120,590.13
2017-09-30,P142,7,148,590.13
2017-10-31,P142,7,165,590.13
2017-11-30,P142,7,148,590.13
2017-12-31,P142,7,182,590.13
2017-01-31,P142,8,84,590.13
2017-02-28,P142,8,84,590.13
2017-03-31,P142,8,84,590.13
2017-04-30,P142,8,84,590.13
2017-05-31,P142,8,84,590.13
2017-06-30,P142,8,84,590.13
2017-07-31,P142,8,84,590.13
2017-08-31,P142,8,84,590.13
2017-09-30,P142,8,84,590.13
2017-10-31,P142,8,84,590.13
2017-11-30,P142,8,84,590.13
2017-12-31,P142,8,84,590.13
2017-01-31,P142,9,180,590.13
2017-02-28,P142,9,117,590.13
2017-03-31,P142,9,64,590.13
2017-04-30,P142,9,68,590.13
2017-05-31,P142,9,61,590.13
2017-06-30,P142,9,69,590.13
2017-07-31,P142,9,82,590.13
2017-08-31,P142,9,78,590.13
2017-09-30,P142,9,27,590.13
2017-10-31,P142,9,81,590.13
2017-11-30,P142,9,27,590.13
2017-12-31,P142,9,21,590.13
2017-01-31,P143,3,88,647.83
2017-02-28,P143,3,87,647.83
2017-03-31,P143,3,0,647.83
2017-04-30,P143,3,15,647.83
2017-05-31,P143,3,13,647.83
2017-06-30,P143,3,18,647.83
2017-07-31,P143,3,42,647.83
2017-08-31,P143,3,39,647.83
2017-09-30,P143,3,35,647.83
2017-10-31,P143,3,28,647.83
2017-11-30,P143,3,52,647.83
2017-12-31,P143,3,63,647.83
2017-01-31,P143,6,78,647.83
2017-02-28,P143,6,79,647.83
2017-03-31,P143,6,22,647.83
2017-04-30,P143,6,26,647.83
2017-05-31,P143,6,22,647.83
2017-06-30,P143,6,32,647.83
2017-07-31,P143,6,81,647.83
2017-08-31,P143,6,15,647.83
2017-09-30,P143,6,32,647.83
2017-10-31,P143,6,40,647.83
2017-11-30,P143,6,56,647.83
2017-12-31,P143,6,67,647.83
2017-01-31,P143,9,328,647.83
2017-02-28,P143,9,151,647.83
2017-03-31,P143,9,3,647.83
2017-04-30,P143,9,46,647.83
2017-05-31,P143,9,103,647.83
2017-06-30,P143,9,115,647.83
2017-07-31,P143,9,121,647.83
2017-08-31,P143,9,142,647.83
2017-09-30,P143,9,139,647.83
2017-10-31,P143,9,146,647.83
2017-11-30,P143,9,143,647.83
2017-12-31,P143,9,123,647.83
2017-01-31,P144,2,69,556.8
2017-02-28,P144,2,70,556.8
2017-03-31,P144,2,61,556.8
2017-04-30,P144,2,10,556.8
2017-05-31,P144,2,11,556.8
2017-06-30,P144,2,19,556.8
2017-07-31,P144,2,20,556.8
2017-08-31,P144,2,26,556.8
2017-09-30,P144,2,40,556.8
2017-10-31,P144,2,41,556.8
2017-11-30,P144,2,38,556.8
2017-12-31,P144,2,45,556.8
2017-01-31,P144,3,40,556.8
2017-02-28,P144,3,81,556.8
2017-03-31,P144,3,72,556.8
2017-04-30,P144,3,109,556.8
2017-05-31,P144,3,110,556.8
2017-06-30,P144,3,85,556.8
2017-07-31,P144,3,69,556.8
2017-08-31,P144,3,50,556.8
2017-09-30,P144,3,23,556.8
2017-10-31,P144,3,196,556.8
2017-11-30,P144,3,171,556.8
2017-12-31,P144,3,1,556.8
2017-01-31,P144,8,53,556.8
2017-02-28,P144,8,51,556.8
2017-03-31,P144,8,53,556.8
2017-04-30,P144,8,42,556.8
2017-05-31,P144,8,34,556.8
2017-06-30,P144,8,42,556.8
2017-07-31,P144,8,53,556.8
2017-08-31,P144,8,56,556.8
2017-09-30,P144,8,71,556.8
2017-10-31,P144,8,79,556.8
2017-11-30,P144,8,25,556.8
2017-12-31,P144,8,28,556.8
2017-01-31,P145,1,177,609.89
2017-02-28,P145,1,179,609.89
2017-03-31,P145,1,23,609.89
2017-04-30,P145,1,0,609.89
2017-05-31,P145,1,176,609.89
2017-06-30,P145,1,161,609.89
2017-07-31,P145,1,182,609.89
2017-08-31,P145,1,0,609.89
2017-09-30,P145,1,23,609.89
2017-10-31,P145,1,34,609.89
2017-11-30,P145,1,42,609.89
2017-12-31,P145,1,42,609.89
2017-01-31,P145,5,145,609.89
2017-02-28,P145,5,145,609.89
2017-03-31,P145,5,145,609.89
2017-04-30,P145,5,145,609.89
2017-05-31,P145,5,145,609.89
2017-06-30,P145,5,145,609.89
2017-07-31,P145,5,145,609.89
2017-08-31,P145,5,145,609.89
2017-09-30,P145,5,145,609.89
2017-10-31,P145,5,145,609.89
2017-11-30,P145,5,145,609.89
2017-12-31,P145,5,145,609.89
2017-01-31,P145,9,0,609.89
2017-02-28,P145,9,0,609.89
2017-03-31,P145,9,0,609.89
2017-04-30,P145,9,0,609.89
2017-05-31,P145,9,0,609.89
2017-06-30,P145,9,0,609.89
2017-07-31,P145,9,0,609.89
2017-08-31,P145,9,0,609.89
2017-09-30,P145,9,0,609.89
2017-10-31,P145,9,0,609.89
2017-11-30,P145,9,0,609.89
2017-12-31,P145,9,0,609.89
2017-01-31,P146,3,330,650.48
2017-02-28,P146,3,224,650.48
2017-03-31,P146,3,86,650.48
2017-04-30,P146,3,129,650.48
2017-05-31,P146,3,107,650.48
2017-06-30,P146,3,125,650.48
2017-07-31,P146,3,123,650.48
2017-08-31,P146,3,116,650.48
2017-09-30,P146,3,131,650.48
2017-10-31,P146,3,134,650.48
2017-11-30,P146,3,131,650.48
2017-12-31,P146,3,18,650.48
2017-01-31,P146,5,61,650.48
2017-02-28,P146,5,61,650.48
2017-03-31,P146,5,4,650.48
2017-04-30,P146,5,9,650.48
2017-05-31,P146,5,15,650.48
2017-06-30,P146,5,25,650.48
2017-07-31,P146,5,21,650.48
2017-08-31,P146,5,27,650.48
2017-09-30,P146,5,32,650.48
2017-10-31,P146,5,31,650.48
2017-11-30,P146,5,33,650.48
2017-12-31,P146,5,28,650.48
2017-01-31,P146,7,156,650.48
2017-02-28,P146,7,139,650.48
2017-03-31,P146,7,156,650.48
2017-04-30,P146,7,188,650.48
2017-05-31,P146,7,211,650.48
2017-06-30,P146,7,202,650.48
2017-07-31,P146,7,60,650.48
2017-08-31,P146,7,82,650.48
2017-09-30,P146,7,92,650.48
2017-10-31,P146,7,97,650.48
2017-11-30,P146,7,131,650.48
2017-12-31,P146,7,160,650.48
2017-01-31,P147,2,65,609.53
2017-02-28,P147,2,76,609.53
2017-03-31,P147,2,87,609.53
2017-04-30,P147,2,84,609.53
2017-05-31,P147,2,78,609.53
2017-06-30,P147,2,74,609.53
2017-07-31,P147,2,77,609.53
2017-08-31,P147,2,76,609.53
2017-09-30,P147,2,90,609.53
2017-10-31,P147,2,104,609.53
2017-11-30,P147,2,11,609.53
2017-12-31,P147,2,25,609.53
2017-01-31,P147,5,156,609.53
2017-02-28,P147,5,151,609.53
2017-03-31,P147,5,58,609.53
2017-04-30,P147,5,75,609.53
2017-05-31,P147,5,68,609.53
2017-06-30,P147,5,80,609.53
2017-07-31,P147,5,81,609.53
2017-08-31,P147,5,83,609.53
2017-09-30,P147,5,76,609.53
2017-10-31,P147,5,89,609.53
2017-11-30,P147,5,116,609.53
2017-12-31,P147,5,143,609.53
2017-01-31,P147,8,0,609.53
2017-02-28,P147,8,0,609.53
2017-03-31,P147,8,0,609.53
2017-04-30,P147,8,0,609.53
2017-05-31,P147,8,0,609.53
2017-06-30,P147,8,0,609.53
2017-07-31,P147,8,0,609.53
2017-08-31,P147,8,0,609.53
2017-09-30,P147,8,0,609.53
2017-10-31,P147,8,0,609.53
2017-11-30,P147,8,0,609.53
2017-12-31,P147,8,0,609.53
2017-01-31,P148,5,34,565.39
2017-02-28,P148,5,33,565.39
2017-03-31,P148,5,43,565.39
2017-04-30,P148,5,71,565.39
2017-05-31,P148,5,75,565.39
2017-06-30,P148,5,81,565.39
2017-07-31,P148,5,85,565.39
2017-08-31,P148,5,94,565.39
2017-09-30,P148,5,6,565.39
2017-10-31,P148,5,15,565.39
2017-11-30,P148,5,9,565.39
2017-12-31,P148,5,26,565.39
2017-01-31,P148,6,0,565.39
2017-02-28,P148,6,0,565.39
2017-03-31,P148,6,0,565.39
2017-04-30,P148,6,0,565.39
2017-05-31,P148,6,0,565.39
2017-06-30,P148,6,0,565.39
2017-07-31,P148,6,0,565.39
2017-08-31,P148,6,0,565.39
2017-09-30,P148,6,0,565.39
2017-10-31,P148,6,0,565.39
2017-11-30,P148,6,0,565.39
2017-12-31,P148,6,0,565.39
2017-01-31,P148,9,166,565.39
2017-02-28,P148,9,194,565.39
2017-03-31,P148,9,181,565.39
2017-04-30,P148,9,159,565.39
2017-05-31,P148,9,154,565.39
2017-06-30,P148,9,200,565.39
2017-07-31,P148,9,210,565.39
2017-08-31,P148,9,51,565.39
2017-09-30,P148,9,44,565.39
2017-10-31,P148,9,201,565.39
2017-11-30,P148,9,189,565.39
2017-12-31,P148,9,152,565.39
2017-01-31,P149,1,484,601.56
2017-02-28,P149,1,302,601.56
2017-03-31,P149,1,153,601.56
2017-04-30,P149,1,118,601.56
2017-05-31,P149,1,147,601.56
2017-06-30,P149,1,206,601.56
2017-07-31,P149,1,222,601.56
2017-08-31,P149,1,33,601.56
2017-09-30,P149,1,75,601.56
2017-10-31,P149,1,83,601.56
2017-11-30,P149,1,93,601.56
2017-12-31,P149,1,88,601.56
2017-01-31,P149,3,34,601.56
2017-02-28,P149,3,45,601.56
2017-03-31,P149,3,60,601.56
2017-04-30,P149,3,53,601.56
2017-05-31,P149,3,49,601.56
2017-06-30,P149,3,56,601.56
2017-07-31,P149,3,53,601.56
2017-08-31,P149,3,68,601.56
2017-09-30,P149,3,78,601.56
2017-10-31,P149,3,81,601.56
2017-11-30,P149,3,92,601.56
2017-12-31,P149,3,78,601.56
2017-01-31,P149,9,188,601.56
2017-02-28,P149,9,125,601.56
2017-03-31,P149,9,65,601.56
2017-04-30,P149,9,67,601.56
2017-05-31,P149,9,77,601.56
2017-06-30,P149,9,28,601.56
2017-07-31,P149,9,81,601.56
2017-08-31,P149,9,78,601.56
2017-09-30,P149,9,13,601.56
2017-10-31,P149,9,33,601.56
2017-11-30,P149,9,32,601.56
2017-12-31,P149,9,46,601.56
2017-01-31,P150,3,172,532.27
2017-02-28,P150,3,172,532.27
2017-03-31,P150,3,172,532.27
2017-04-30,P150,3,172,532.27
2017-05-31,P150,3,172,532.27
2017-06-30,P150,3,172,532.27
2017-07-31,P150,3,172,532.27
2017-08-31,P150,3,172,532.27
2017-09-30,P150,3,172,532.27
2017-10-31,P150,3,172,532.27
2017-11-30,P150,3,172,532.27
2017-12-31,P150,3,172,532.27
2017-01-31,P150,4,77,532.27
2017-02-28,P150,4,91,532.27
2017-03-31,P150,4,82,532.27
2017-04-30,P150,4,81,532.27
2017-05-31,P150,4,95,532.27
2017-06-30,P150,4,5,532.27
2017-07-31,P150,4,95,532.27
2017-08-31,P150,4,17,532.27
2017-09-30,P150,4,4,532.27
2017-10-31,P150,4,11,532.27
2017-11-30,P150,4,16,532.27
2017-12-31,P150,4,31,532.27
2017-01-31,P150,8,62,532.27
2017-02-28,P150,8,62,532.27
2017-03-31,P150,8,62,532.27
2017-04-30,P150,8,62,532.27
2017-05-31,P150,8,62,532.27
2017-06-30,P150,8,62,532.27
2017-07-31,P150,8,62,532.27
2017-08-31,P150,8,62,532.27
2017-09-30,P150,8,62,532.27
2017-10-31,P150,8,62,532.27
2017-11-30,P150,8,62,532.27
2017-12-31,P150,8,62,532.27
2017-01-31,P151,3,181,603.22
2017-02-28,P151,3,126,603.22
2017-03-31,P151,3,61,603.22
2017-04-30,P151,3,71,603.22
2017-05-31,P151,3,70,603.22
2017-06-30,P151,3,74,603.22
2017-07-31,P151,3,80,603.22
2017-08-31,P151,3,75,603.22
2017-09-30,P151,3,73,603.22
2017-10-31,P151,3,68,603.22
2017-11-30,P151,3,62,603.22
2017-12-31,P151,3,68,603.22
2017-01-31,P151,5,16,603.22
2017-02-28,P151,5,19,603.22
2017-03-31,P151,5,18,603.22
2017-04-30,P151,5,18,603.22
2017-05-31,P151,5,16,603.22
2017-06-30,P151,5,20,603.22
2017-07-31,P151,5,20,603.22
2017-08-31,P151,5,10,603.22
2017-09-30,P151,5,22,603.22
2017-10-31,P151,5,29,603.22
2017-11-30,P151,5,37,603.22
2017-12-31,P151,5,14,603.22
2017-01-31,P151,9,0,603.22
2017-02-28,P151,9,0,603.22
2017-03-31,P151,9,0,603.22
2017-04-30,P151,9,0,603.22
2017-05-31,P151,9,0,603.22
2017-06-30,P151,9,0,603.22
2017-07-31,P151,9,0,603.22
2017-08-31,P151,9,0,603.22
2017-09-30,P151,9,0,603.22
2017-10-31,P151,9,0,603.22
2017-11-30,P151,9,0,603.22
2017-12-31,P151,9,0,603.22
2017-01-31,P152,1,123,616.53
2017-02-28,P152,1,123,616.53
2017-03-31,P152,1,123,616.53
2017-04-30,P152,1,123,616.53
2017-05-31,P152,1,123,616.53
2017-06-30,P152,1,123,616.53
2017-07-31,P152,1,123,616.53
2017-08-31,P152,1,123,616.53
2017-09-30,P152,1,123,616.53
2017-10-31,P152,1,123,616.53
2017-11-30,P152,1,123,616.53
2017-12-31,P152,1,123,616.53
2017-01-31,P152,2,139,616.53
2017-02-28,P152,2,147,616.53
2017-03-31,P152,2,171,616.53
2017-04-30,P152,2,60,616.53
2017-05-31,P152,2,77,616.53
2017-06-30,P152,2,89,616.53
2017-07-31,P152,2,70,616.53
2017-08-31,P152,2,61,616.53
2017-09-30,P152,2,72,616.53
2017-10-31,P152,2,93,616.53
2017-11-30,P152,2,121,616.53
2017-12-31,P152,2,105,616.53
2017-01-31,P152,5,32,616.53
2017-02-28,P152,5,21,616.53
2017-03-31,P152,5,23,616.53
2017-04-30,P152,5,35,616.53
2017-05-31,P152,5,54,616.53
2017-06-30,P152,5,78,616.53
2017-07-31,P152,5,85,616.53
2017-08-31,P152,5,91,616.53
2017-09-30,P152,5,95,616.53
2017-10-31,P152,5,127,616.53
2017-11-30,P152,5,32,616.53
2017-12-31,P152,5,34,616.53
2017-01-31,P153,1,193,538.55
2017-02-28,P153,1,205,538.55
2017-03-31,P153,1,190,538.55
2017-04-30,P153,1,37,538.55
2017-05-31,P153,1,81,538.55
2017-06-30,P153,1,81,538.55
2017-07-31,P153,1,94,538.55
2017-08-31,P153,1,83,538.55
2017-09-30,P153,1,106,538.55
2017-10-31,P153,1,100,538.55
2017-11-30,P153,1,97,538.55
2017-12-31,P153,1,104,538.55
2017-01-31,P153,4,0,538.55
2017-02-28,P153,4,0,538.55
2017-03-31,P153,4,0,538.55
2017-04-30,P153,4,0,538.55
2017-05-31,P153,4,0,538.55
2017-06-30,P153,4,0,538.55
2017-07-31,P153,4,0,538.55
2017-08-31,P153,4,0,538.55
2017-09-30,P153,4,0,538.55
2017-10-31,P153,4,0,538.55
2017-11-30,P153,4,0,538.55
2017-12-31,P153,4,0,538.55
2017-01-31,P153,6,0,538.55
2017-02-28,P153,6,0,538.55
2017-03-31,P153,6,0,538.55
2017-04-30,P153,6,0,538.55
2017-05-31,P153,6,0,538.55
2017-06-30,P153,6,0,538.55
2017-07-31,P153,6,0,538.55
2017-08-31,P153,6,0,538.55
2017-09-30,P153,6,0,538.55
2017-10-31,P153,6,0,538.55
2017-11-30,P153,6,0,538.55
2017-12-31,P153,6,0,538.55
2017-01-31,P154,1,24,585.26
2017-02-28,P154,1,0,585.26
2017-03-31,P154,1,0,585.26
2017-04-30,P154,1,0,585.26
2017-05-31,P154,1,0,585.26
2017-06-30,P154,1,0,585.26
2017-07-31,P154,1,0,585.26
2017-08-31,P154,1,0,585.26
2017-09-30,P154,1,0,585.26
2017-10-31,P154,1,0,585.26
2017-11-30,P154,1,0,585.26
2017-12-31,P154,1,0,585.26
2017-01-31,P154,7,28,585.26
2017-02-28,P154,7,7,585.26
2017-03-31,P154,7,9,585.26
2017-04-30,P154,7,10,585.26
2017-05-31,P154,7,9,585.26
2017-06-30,P154,7,8,585.26
2017-07-31,P154,7,11,585.26
2017-08-31,P154,7,16,585.26
2017-09-30,P154,7,16,585.26
2017-10-31,P154,7,6,585.26
2017-11-30,P154,7,8,585.26
2017-12-31,P154,7,12,585.26
2017-01-31,P154,9,157,585.26
2017-02-28,P154,9,191,585.26
2017-03-31,P154,9,178,585.26
2017-04-30,P154,9,136,585.26
2017-05-31,P154,9,139,585.26
2017-06-30,P154,9,171,585.26
2017-07-31,P154,9,134,585.26
2017-08-31,P154,9,160,585.26
2017-09-30,P154,9,147,585.26
2017-10-31,P154,9,158,585.26
2017-11-30,P154,9,189,585.26
2017-12-31,P154,9,199,585.26
2017-01-31,P155,1,15,533.21
2017-02-28,P155,1,22,533.21
2017-03-31,P155,1,26,533.21
2017-04-30,P155,1,0,533.21
2017-05-31,P155,1,28,533.21
2017-06-30,P155,1,0,533.21
2017-07-31,P155,1,10,533.21
2017-08-31,P155,1,14,533.21
2017-09-30,P155,1,24,533.21
2017-10-31,P155,1,22,533.21
2017-11-30,P155,1,30,533.21
2017-12-31,P155,1,0,533.21
2017-01-31,P155,4,0,533.21
2017-02-28,P155,4,0,533.21
2017-03-31,P155,4,0,533.21
2017-04-30,P155,4,0,533.21
2017-05-31,P155,4,0,533.21
2017-06-30,P155,4,0,533.21
2017-07-31,P155,4,0,533.21
2017-08-31,P155,4,0,533.21
2017-09-30,P155,4,0,533.21
2017-10-31,P155,4,0,533.21
2017-11-30,P155,4,0,533.21
2017-12-31,P155,4,0,533.21
2017-01-31,P155,9,0,533.21
2017-02-28,P155,9,0,533.21
2017-03-31,P155,9,0,533.21
2017-04-30,P155,9,0,533.21
2017-05-31,P155,9,0,533.21
2017-06-30,P155,9,0,533.21
2017-07-31,P155,9,0,533.21
2017-08-31,P155,9,0,533.21
2017-09-30,P155,9,0,533.21
2017-10-31,P155,9,0,533.21
2017-11-30,P155,9,0,533.21
2017-12-31,P155,9,0,533.21
2017-01-31,P156,5,85,580.21
2017-02-28,P156,5,54,580.21
2017-03-31,P156,5,18,580.21
2017-04-30,P156,5,28,580.21
2017-05-31,P156,5,26,580.21
2017-06-30,P156,5,30,580.21
2017-07-31,P156,5,38,580.21
2017-08-31,P156,5,36,580.21
2017-09-30,P156,5,30,580.21
2017-10-31,P156,5,28,580.21
2017-11-30,P156,5,35,580.21
2017-12-31,P156,5,8,580.21
2017-01-31,P156,6,24,580.21
2017-02-28,P156,6,31,580.21
2017-03-31,P156,6,31,580.21
2017-04-30,P156,6,48,580.21
2017-05-31,P156,6,68,580.21
2017-06-30,P156,6,68,580.21
2017-07-31,P156,6,75,580.21
2017-08-31,P156,6,74,580.21
2017-09-30,P156,6,25,580.21
2017-10-31,P156,6,35,580.21
2017-11-30,P156,6,36,580.21
2017-12-31,P156,6,26,580.21
2017-01-31,P156,7,0,580.21
2017-02-28,P156,7,0,580.21
2017-03-31,P156,7,0,580.21
2017-04-30,P156,7,0,580.21
2017-05-31,P156,7,0,580.21
2017-06-30,P156,7,0,580.21
2017-07-31,P156,7,0,580.21
2017-08-31,P156,7,0,580.21
2017-09-30,P156,7,0,580.21
2017-10-31,P156,7,0,580.21
2017-11-30,P156,7,0,580.21
2017-12-31,P156,7,0,580.21
2017-01-31,P157,1,174,618.63
2017-02-28,P157,1,10,618.63
2017-03-31,P157,1,65,618.63
2017-04-30,P157,1,87,618.63
2017-05-31,P157,1,112,618.63
2017-06-30,P157,1,96,618.63
2017-07-31,P157,1,79,618.63
2017-08-31,P157,1,78,618.63
2017-09-30,P157,1,69,618.63
2017-10-31,P157,1,91,618.63
2017-11-30,P157,1,129,618.63
2017-12-31,P157,1,144,618.63
2017-01-31,P157,2,163,618.63
2017-02-28,P157,2,116,618.63
2017-03-31,P157,2,46,618.63
2017-04-30,P157,2,45,618.63
2017-05-31,P157,2,54,618.63
2017-06-30,P157,2,67,618.63
2017-07-31,P157,2,52,618.63
2017-08-31,P157,2,56,618.63
2017-09-30,P157,2,56,618.63
2017-10-31,P157,2,56,618.63
2017-11-30,P157,2,74,618.63
2017-12-31,P157,2,16,618.63
2017-01-31,P157,9,5,618.63
2017-02-28,P157,9,8,618.63
2017-03-31,P157,9,9,618.63
2017-04-30,P157,9,12,618.63
2017-05-31,P157,9,12,618.63
2017-06-30,P157,9,13,618.63
2017-07-31,P157,9,33,618.63
2017-08-31,P157,9,29,618.63
2017-09-30,P157,9,0,618.63
2017-10-31,P157,9,3,618.63
2017-11-30,P157,9,9,618.63
2017-12-31,P157,9,8,618.63
2017-01-31,P158,3,104,633.65
2017-02-28,P158,3,116,633.65
2017-03-31,P158,3,147,633.65
2017-04-30,P158,3,170,633.65
2017-05-31,P158,3,184,633.65
2017-06-30,P158,3,51,633.65
2017-07-31,P158,3,245,633.65
2017-08-31,P158,3,83,633.65
2017-09-30,P158,3,84,633.65
2017-10-31,P158,3,239,633.65
2017-11-30,P158,3,227,633.65
2017-12-31,P158,3,44,633.65
2017-01-31,P158,5,333,633.65
2017-02-28,P158,5,227,633.65
2017-03-31,P158,5,74,633.65
2017-04-30,P158,5,69,633.65
2017-05-31,P158,5,66,633.65
2017-06-30,P158,5,66,633.65
2017-07-31,P158,5,85,633.65
2017-08-31,P158,5,49,633.65
2017-09-30,P158,5,64,633.65
2017-10-31,P158,5,36,633.65
2017-11-30,P158,5,44,633.65
2017-12-31,P158,5,34,633.65
2017-01-31,P158,8,37,633.65
2017-02-28,P158,8,37,633.65
2017-03-31,P158,8,35,633.65
2017-04-30,P158,8,8,633.65
2017-05-31,P158,8,20,633.65
2017-06-30,P158,8,20,633.65
2017-07-31,P158,8,26,633.65
2017-08-31,P158,8,26,633.65
2017-09-30,P158,8,28,633.65
2017-10-31,P158,8,30,633.65
2017-11-30,P158,8,30,633.65
2017-12-31,P158,8,35,633.65
2017-01-31,P159,3,310,565.73
2017-02-28,P159,3,161,565.73
2017-03-31,P159,3,33,565.73
2017-04-30,P159,3,14,565.73
2017-05-31,P159,3,134,565.73
2017-06-30,P159,3,130,565.73
2017-07-31,P159,3,36,565.73
2017-08-31,P159,3,44,565.73
2017-09-30,P159,3,42,565.73
2017-10-31,P159,3,68,565.73
2017-11-30,P159,3,69,565.73
2017-12-31,P159,3,43,565.73
2017-01-31,P159,6,166,565.73
2017-02-28,P159,6,157,565.73
2017-03-31,P159,6,143,565.73
2017-04-30,P159,6,173,565.73
2017-05-31,P159,6,132,565.73
2017-06-30,P159,6,149,565.73
2017-07-31,P159,6,151,565.73
2017-08-31,P159,6,170,565.73
2017-09-30,P159,6,188,565.73
2017-10-31,P159,6,233,565.73
2017-11-30,P159,6,47,565.73
2017-12-31,P159,6,109,565.73
2017-01-31,P159,7,73,565.73
2017-02-28,P159,7,52,565.73
2017-03-31,P159,7,25,565.73
2017-04-30,P159,7,28,565.73
2017-05-31,P159,7,24,565.73
2017-06-30,P159,7,31,565.73
2017-07-31,P159,7,30,565.73
2017-08-31,P159,7,30,565.73
2017-09-30,P159,7,2,565.73
2017-10-31,P159,7,12,565.73
2017-11-30,P159,7,9,565.73
2017-12-31,P159,7,2,565.73
2017-01-31,P160,2,221,578.46
2017-02-28,P160,2,221,578.46
2017-03-31,P160,2,221,578.46
2017-04-30,P160,2,221,578.46
2017-05-31,P160,2,221,578.46
2017-06-30,P160,2,221,578.46
2017-07-31,P160,2,221,578.46
2017-08-31,P160,2,221,578.46
2017-09-30,P160,2,221,578.46
2017-10-31,P160,2,221,578.46
2017-11-30,P160,2,221,578.46
2017-12-31,P160,2,221,578.46
2017-01-31,P160,3,96,578.46
2017-02-28,P160,3,116,578.46
2017-03-31,P160,3,46,578.46
2017-04-30,P160,3,61,578.46
2017-05-31,P160,3,46,578.46
2017-06-30,P160,3,39,578.46
2017-07-31,P160,3,50,578.46
2017-08-31,P160,3,55,578.46
2017-09-30,P160,3,68,578.46
2017-10-31,P160,3,82,578.46
2017-11-30,P160,3,95,578.46
2017-12-31,P160,3,110,578.46
2017-01-31,P160,6,37,578.46
2017-02-28,P160,6,50,578.46
2017-03-31,P160,6,61,578.46
2017-04-30,P160,6,0,578.46
2017-05-31,P160,6,11,578.46
2017-06-30,P160,6,24,578.46
2017-07-31,P160,6,28,578.46
2017-08-31,P160,6,32,578.46
2017-09-30,P160,6,22,578.46
2017-10-31,P160,6,16,578.46
2017-11-30,P160,6,13,578.46
2017-12-31,P160,6,12,578.46
2017-01-31,P161,3,144,595.42
2017-02-28,P161,3,148,595.42
2017-03-31,P161,3,186,595.42
2017-04-30,P161,3,177,595.42
2017-05-31,P161,3,181,595.42
2017-06-30,P161,3,144,595.42
2017-07-31,P161,3,137,595.42
2017-08-31,P161,3,149,595.42
2017-09-30,P161,3,181,595.42
2017-10-31,P161,3,162,595.42
2017-11-30,P161,3,181,595.42
2017-12-31,P161,3,33,595.42
2017-01-31,P161,4,76,595.42
2017-02-28,P161,4,74,595.42
2017-03-31,P161,4,89,595.42
2017-04-30,P161,4,81,595.42
2017-05-31,P161,4,76,595.42
2017-06-30,P161,4,43,595.42
2017-07-31,P161,4,46,595.42
2017-08-31,P161,4,35,595.42
2017-09-30,P161,4,44,595.42
2017-10-31,P161,4,52,595.42
2017-11-30,P161,4,54,595.42
2017-12-31,P161,4,54,595.42
2017-01-31,P161,5,0,595.42
2017-02-28,P161,5,0,595.42
2017-03-31,P161,5,0,595.42
2017-04-30,P161,5,0,595.42
2017-05-31,P161,5,0,595.42
2017-06-30,P161,5,0,595.42
2017-07-31,P161,5,0,595.42
2017-08-31,P161,5,0,595.42
2017-09-30,P161,5,0,595.42
2017-10-31,P161,5,0,595.42
2017-11-30,P161,5,0,595.42
2017-12-31,P161,5,0,595.42
2017-01-31,P162,3,52,617.62
2017-02-28,P162,3,42,617.62
2017-03-31,P162,3,39,617.62
2017-04-30,P162,3,41,617.62
2017-05-31,P162,3,44,617.62
2017-06-30,P162,3,51,617.62
2017-07-31,P162,3,45,617.62
2017-08-31,P162,3,35,617.62
2017-09-30,P162,3,43,617.62
2017-10-31,P162,3,67,617.62
2017-11-30,P162,3,72,617.62
2017-12-31,P162,3,10,617.62
2017-01-31,P162,7,122,617.62
2017-02-28,P162,7,163,617.62
2017-03-31,P162,7,132,617.62
2017-04-30,P162,7,110,617.62
2017-05-31,P162,7,118,617.62
2017-06-30,P162,7,152,617.62
2017-07-31,P162,7,195,617.62
2017-08-31,P162,7,30,617.62
2017-09-30,P162,7,88,617.62
2017-10-31,P162,7,128,617.62
2017-11-30,P162,7,155,617.62
2017-12-31,P162,7,144,617.62
2017-01-31,P162,9,32,617.62
2017-02-28,P162,9,33,617.62
2017-03-31,P162,9,2,617.62
2017-04-30,P162,9,0,617.62
2017-05-31,P162,9,31,617.62
2017-06-30,P162,9,0,617.62
2017-07-31,P162,9,31,617.62
2017-08-31,P162,9,11,617.62
2017-09-30,P162,9,15,617.62
2017-10-31,P162,9,20,617.62
2017-11-30,P162,9,17,617.62
2017-12-31,P162,9,7,617.62
2017-01-31,P163,1,150,577.25
2017-02-28,P163,1,188,577.25
2017-03-31,P163,1,148,577.25
2017-04-30,P163,1,128,577.25
2017-05-31,P163,1,99,577.25
2017-06-30,P163,1,115,577.25
2017-07-31,P163,1,94,577.25
2017-08-31,P163,1,33,577.25
2017-09-30,P163,1,91,577.25
2017-10-31,P163,1,121,577.25
2017-11-30,P163,1,116,577.25
2017-12-31,P163,1,150,577.25
2017-01-31,P163,2,122,577.25
2017-02-28,P163,2,120,577.25
2017-03-31,P163,2,38,577.25
2017-04-30,P163,2,23,577.25
2017-05-31,P163,2,38,577.25
2017-06-30,P163,2,37,577.25
2017-07-31,P163,2,50,577.25
2017-08-31,P163,2,52,577.25
2017-09-30,P163,2,66,577.25
2017-10-31,P163,2,99,577.25
2017-11-30,P163,2,93,577.25
2017-12-31,P163,2,94,577.25
2017-01-31,P163,5,88,577.25
2017-02-28,P163,5,96,577.25
2017-03-31,P163,5,96,577.25
2017-04-30,P163,5,110,577.25
2017-05-31,P163,5,8,577.25
2017-06-30,P163,5,29,577.25
2017-07-31,P163,5,124,577.25
2017-08-31,P163,5,18,577.25
2017-09-30,P163,5,22,577.25
2017-10-31,P163,5,44,577.25
2017-11-30,P163,5,68,577.25
2017-12-31,P163,5,88,577.25
2017-01-31,P164,5,73,517.78
2017-02-28,P164,5,100,517.78
2017-03-31,P164,5,90,517.78
2017-04-30,P164,5,0,517.78
2017-05-31,P164,5,25,517.78
2017-06-30,P164,5,1,517.78
2017-07-31,P164,5,98,517.78
2017-08-31,P164,5,9,517.78
2017-09-30,P164,5,29,517.78
2017-10-31,P164,5,20,517.78
2017-11-30,P164,5,25,517.78
2017-12-31,P164,5,27,517.78
2017-01-31,P164,6,385,517.78
2017-02-28,P164,6,247,517.78
2017-03-31,P164,6,82,517.78
2017-04-30,P164,6,106,517.78
2017-05-31,P164,6,91,517.78
2017-06-30,P164,6,124,517.78
2017-07-31,P164,6,122,517.78
2017-08-31,P164,6,136,517.78
2017-09-30,P164,6,134,517.78
2017-10-31,P164,6,167,517.78
2017-11-30,P164,6,165,517.78
2017-12-31,P164,6,131,517.78
2017-01-31,P164,9,244,517.78
2017-02-28,P164,9,121,517.78
2017-03-31,P164,9,114,517.78
2017-04-30,P164,9,9,517.78
2017-05-31,P164,9,116,517.78
2017-06-30,P164,9,3,517.78
2017-07-31,P164,9,16,517.78
2017-08-31,P164,9,34,517.78
2017-09-30,P164,9,22,517.78
2017-10-31,P164,9,51,517.78
2017-11-30,P164,9,64,517.78
2017-12-31,P164,9,67,517.78
2017-01-31,P165,1,23,546.64
2017-02-28,P165,1,23,546.64
2017-03-31,P165,1,25,546.64
2017-04-30,P165,1,21,546.64
2017-05-31,P165,1,18,546.64
2017-06-30,P165,1,13,546.64
2017-07-31,P165,1,9,546.64
2017-08-31,P165,1,8,546.64
2017-09-30,P165,1,6,546.64
2017-10-31,P165,1,5,546.64
2017-11-30,P165,1,10,546.64
2017-12-31,P165,1,16,546.64
2017-01-31,P165,3,63,546.64
2017-02-28,P165,3,90,546.64
2017-03-31,P165,3,88,546.64
2017-04-30,P165,3,17,546.64
2017-05-31,P165,3,102,546.64
2017-06-30,P165,3,87,546.64
2017-07-31,P165,3,72,546.64
2017-08-31,P165,3,76,546.64
2017-09-30,P165,3,46,546.64
2017-10-31,P165,3,67,546.64
2017-11-30,P165,3,62,546.64
2017-12-31,P165,3,61,546.64
2017-01-31,P165,9,397,546.64
2017-02-28,P165,9,239,546.64
2017-03-31,P165,9,52,546.64
2017-04-30,P165,9,111,546.64
2017-05-31,P165,9,131,546.64
2017-06-30,P165,9,130,546.64
2017-07-31,P165,9,146,546.64
2017-08-31,P165,9,133,546.64
2017-09-30,P165,9,109,546.64
2017-10-31,P165,9,99,546.64
2017-11-30,P165,9,140,546.64
2017-12-31,P165,9,99,546.64
2017-01-31,P166,4,0,602.4
2017-02-28,P166,4,0,602.4
2017-03-31,P166,4,0,602.4
2017-04-30,P166,4,0,602.4
2017-05-31,P166,4,0,602.4
2017-06-30,P166,4,0,602.4
2017-07-31,P166,4,0,602.4
2017-08-31,P166,4,0,602.4
2017-09-30,P166,4,0,602.4
2017-10-31,P166,4,0,602.4
2017-11-30,P166,4,0,602.4
2017-12-31,P166,4,0,602.4
2017-01-31,P166,6,33,602.4
2017-02-28,P166,6,41,602.4
2017-03-31,P166,6,49,602.4
2017-04-30,P166,6,57,602.4
2017-05-31,P166,6,57,602.4
2017-06-30,P166,6,59,602.4
2017-07-31,P166,6,52,602.4
2017-08-31,P166,6,51,602.4
2017-09-30,P166,6,51,602.4
2017-10-31,P166,6,61,602.4
2017-11-30,P166,6,66,602.4
2017-12-31,P166,6,11,602.4
2017-01-31,P166,9,177,602.4
2017-02-28,P166,9,181,602.4
2017-03-31,P166,9,31,602.4
2017-04-30,P166,9,7,602.4
2017-05-31,P166,9,184,602.4
2017-06-30,P166,9,25,602.4
2017-07-31,P166,9,47,602.4
2017-08-31,P166,9,79,602.4
2017-09-30,P166,9,80,602.4
2017-10-31,P166,9,98,602.4
2017-11-30,P166,9,105,602.4
2017-12-31,P166,9,112,602.4
2017-01-31,P167,1,51,546.05
2017-02-28,P167,1,101,546.05
2017-03-31,P167,1,54,546.05
2017-04-30,P167,1,60,546.05
2017-05-31,P167,1,22,546.05
2017-06-30,P167,1,40,546.05
2017-07-31,P167,1,21,546.05
2017-08-31,P167,1,50,546.05
2017-09-30,P167,1,84,546.05
2017-10-31,P167,1,81,546.05
2017-11-30,P167,1,71,546.05
2017-12-31,P167,1,53,546.05
2017-01-31,P167,4,223,546.05
2017-02-28,P167,4,43,546.05
2017-03-31,P167,4,63,546.05
2017-04-30,P167,4,106,546.05
2017-05-31,P167,4,134,546.05
2017-06-30,P167,4,170,546.05
2017-07-31,P167,4,163,546.05
2017-08-31,P167,4,165,546.05
2017-09-30,P167,4,188,546.05
2017-10-31,P167,4,160,546.05
2017-11-30,P167,4,156,546.05
2017-12-31,P167,4,136,546.05
2017-01-31,P167,9,413,546.05
2017-02-28,P167,9,251,546.05
2017-03-31,P167,9,81,546.05
2017-04-30,P167,9,83,546.05
2017-05-31,P167,9,77,546.05
2017-06-30,P167,9,85,546.05
2017-07-31,P167,9,72,546.05
2017-08-31,P167,9,77,546.05
2017-09-30,P167,9,88,546.05
2017-10-31,P167,9,61,546.05
2017-11-30,P167,9,52,546.05
2017-12-31,P167,9,35,546.05
2017-01-31,P168,2,112,556.84
2017-02-28,P168,2,128,556.84
2017-03-31,P168,2,160,556.84
2017-04-30,P168,2,134,556.84
2017-05-31,P168,2,166,556.84
2017-06-30,P168,2,185,556.84
2017-07-31,P168,2,216,556.84
2017-08-31,P168,2,198,556.84
2017-09-30,P168,2,22,556.84
2017-10-31,P168,2,215,556.84
2017-11-30,P168,2,68,556.84
2017-12-31,P168,2,83,556.84
2017-01-31,P168,6,63,556.84
2017-02-28,P168,6,75,556.84
2017-03-31,P168,6,60,556.84
2017-04-30,P168,6,90,556.84
2017-05-31,P168,6,90,556.84
2017-06-30,P168,6,72,556.84
2017-07-31,P168,6,85,556.84
2017-08-31,P168,6,99,556.84
2017-09-30,P168,6,104,556.84
2017-10-31,P168,6,93,556.84
2017-11-30,P168,6,109,556.84
2017-12-31,P168,6,34,556.84
2017-01-31,P168,7,151,556.84
2017-02-28,P168,7,16,556.84
2017-03-31,P168,7,21,556.84
2017-04-30,P168,7,22,556.84
2017-05-31,P168,7,36,556.84
2017-06-30,P168,7,25,556.84
2017-07-31,P168,7,32,556.84
2017-08-31,P168,7,32,556.84
2017-09-30,P168,7,15,556.84
2017-10-31,P168,7,12,556.84
2017-11-30,P168,7,27,556.84
2017-12-31,P168,7,15,556.84
2017-01-31,P169,2,174,537.63
2017-02-28,P169,2,33,537.63
2017-03-31,P169,2,62,537.63
2017-04-30,P169,2,60,537.63
2017-05-31,P169,2,27,537.63
2017-06-30,P169,2,23,537.63
2017-07-31,P169,2,170,537.63
2017-08-31,P169,2,162,537.63
2017-09-30,P169,2,148,537.63
2017-10-31,P169,2,143,537.63
2017-11-30,P169,2,159,537.63
2017-12-31,P169,2,142,537.63
2017-01-31,P169,7,14,537.63
2017-02-28,P169,7,33,537.63
2017-03-31,P169,7,47,537.63
2017-04-30,P169,7,34,537.63
2017-05-31,P169,7,50,537.63
2017-06-30,P169,7,47,537.63
2017-07-31,P169,7,46,537.63
2017-08-31,P169,7,39,537.63
2017-09-30,P169,7,42,537.63
2017-10-31,P169,7,36,537.63
2017-11-30,P169,7,45,537.63
2017-12-31,P169,7,42,537.63
2017-01-31,P169,9,10,537.63
2017-02-28,P169,9,21,537.63
2017-03-31,P169,9,15,537.63
2017-04-30,P169,9,19,537.63
2017-05-31,P169,9,24,537.63
2017-06-30,P169,9,16,537.63
2017-07-31,P169,9,16,537.63
2017-08-31,P169,9,12,537.63
2017-09-30,P169,9,17,537.63
2017-10-31,P169,9,16,537.63
2017-11-30,P169,9,17,537.63
2017-12-31,P169,9,20,537.63
2017-01-31,P170,3,116,566.98
2017-02-28,P170,3,121,566.98
2017-03-31,P170,3,129,566.98
2017-04-30,P170,3,119,566.98
2017-05-31,P170,3,96,566.98
2017-06-30,P170,3,82,566.98
2017-07-31,P170,3,61,566.98
2017-08-31,P170,3,67,566.98
2017-09-30,P170,3,71,566.98
2017-10-31,P170,3,57,566.98
2017-11-30,P170,3,42,566.98
2017-12-31,P170,3,28,566.98
2017-01-31,P170,5,62,566.98
2017-02-28,P170,5,62,566.98
2017-03-31,P170,5,62,566.98
2017-04-30,P170,5,62,566.98
2017-05-31,P170,5,62,566.98
2017-06-30,P170,5,62,566.98
2017-07-31,P170,5,62,566.98
2017-08-31,P170,5,62,566.98
2017-09-30,P170,5,62,566.98
2017-10-31,P170,5,62,566.98
2017-11-30,P170,5,62,566.98
2017-12-31,P170,5,62,566.98
2017-01-31,P170,7,39,566.98
2017-02-28,P170,7,12,566.98
2017-03-31,P170,7,9,566.98
2017-04-30,P170,7,7,566.98
2017-05-31,P170,7,16,566.98
2017-06-30,P170,7,23,566.98
2017-07-31,P170,7,24,566.98
2017-08-31,P170,7,29,566.98
2017-09-30,P170,7,35,566.98
2017-10-31,P170,7,40,566.98
2017-11-30,P170,7,18,566.98
2017-12-31,P170,7,17,566.98
2017-01-31,P171,1,21,507.32
2017-02-28,P171,1,29,507.32
2017-03-31,P171,1,46,507.32
2017-04-30,P171,1,47,507.32
2017-05-31,P171,1,41,507.32
2017-06-30,P171,1,66,507.32
2017-07-31,P171,1,72,507.32
2017-08-31,P171,1,72,507.32
2017-09-30,P171,1,87,507.32
2017-10-31,P171,1,108,507.32
2017-11-30,P171,1,90,507.32
2017-12-31,P171,1,4,507.32
2017-01-31,P171,8,74,507.32
2017-02-28,P171,8,100,507.32
2017-03-31,P171,8,97,507.32
2017-04-30,P171,8,21,507.32
2017-05-31,P171,8,29,507.32
2017-06-30,P171,8,16,507.32
2017-07-31,P171,8,104,507.32
2017-08-31,P171,8,11,507.32
2017-09-30,P171,8,21,507.32
2017-10-31,P171,8,100,507.32
2017-11-30,P171,8,89,507.32
2017-12-31,P171,8,82,507.32
2017-01-31,P171,9,39,507.32
2017-02-28,P171,9,44,507.32
2017-03-31,P171,9,47,507.32
2017-04-30,P171,9,51,507.32
2017-05-31,P171,9,45,507.32
2017-06-30,P171,9,55,507.32
2017-07-31,P171,9,61,507.32
2017-08-31,P171,9,52,507.32
2017-09-30,P171,9,52,507.32
2017-10-31,P171,9,44,507.32
2017-11-30,P171,9,45,507.32
2017-12-31,P171,9,53,507.32
2017-01-31,P172,4,339,571.7
2017-02-28,P172,4,212,571.7
2017-03-31,P172,4,84,571.7
2017-04-30,P172,4,107,571.7
2017-05-31,P172,4,120,571.7
2017-06-30,P172,4,136,571.7
2017-07-31,P172,4,115,571.7
2017-08-31,P172,4,133,571.7
2017-09-30,P172,4,136,571.7
2017-10-31,P172,4,141,571.7
2017-11-30,P172,4,44,571.7
2017-12-31,P172,4,26,571.7
2017-01-31,P172,5,153,571.7
2017-02-28,P172,5,182,571.7
2017-03-31,P172,5,38,571.7
2017-04-30,P172,5,61,571.7
2017-05-31,P172,5,63,571.7
2017-06-30,P172,5,52,571.7
2017-07-31,P172,5,189,571.7
2017-08-31,P172,5,32,571.7
2017-09-30,P172,5,51,571.7
2017-10-31,P172,5,63,571.7
2017-11-30,P172,5,54,571.7
2017-12-31,P172,5,53,571.7
2017-01-31,P172,6,290,571.7
2017-02-28,P172,6,203,571.7
2017-03-31,P172,6,103,571.7
2017-04-30,P172,6,93,571.7
2017-05-31,P172,6,81,571.7
2017-06-30,P172,6,94,571.7
2017-07-31,P172,6,120,571.7
2017-08-31,P172,6,104,571.7
2017-09-30,P172,6,106,571.7
2017-10-31,P172,6,112,571.7
2017-11-30,P172,6,108,571.7
2017-12-31,P172,6,90,571.7
2017-01-31,P173,1,286,499.09
2017-02-28,P173,1,185,499.09
2017-03-31,P173,1,38,499.09
2017-04-30,P173,1,48,499.09
2017-05-31,P173,1,46,499.09
2017-06-30,P173,1,52,499.09
2017-07-31,P173,1,33,499.09
2017-08-31,P173,1,22,499.09
2017-09-30,P173,1,2,499.09
2017-10-31,P173,1,9,499.09
2017-11-30,P173,1,36,499.09
2017-12-31,P173,1,42,499.09
2017-01-31,P173,5,41,499.09
2017-02-28,P173,5,70,499.09
2017-03-31,P173,5,72,499.09
2017-04-30,P173,5,71,499.09
2017-05-31,P173,5,73,499.09
2017-06-30,P173,5,72,499.09
2017-07-31,P173,5,76,499.09
2017-08-31,P173,5,96,499.09
2017-09-30,P173,5,87,499.09
2017-10-31,P173,5,101,499.09
2017-11-30,P173,5,9,499.09
2017-12-31,P173,5,34,499.09
2017-01-31,P173,6,187,499.09
2017-02-28,P173,6,192,499.09
2017-03-31,P173,6,176,499.09
2017-04-30,P173,6,134,499.09
2017-05-31,P173,6,143,499.09
2017-06-30,P173,6,139,499.09
2017-07-31,P173,6,116,499.09
2017-08-31,P173,6,132,499.09
2017-09-30,P173,6,128,499.09
2017-10-31,P173,6,84,499.09
2017-11-30,P173,6,59,499.09
2017-12-31,P173,6,49,499.09
2017-01-31,P174,2,66,452.54
2017-02-28,P174,2,70,452.54
2017-03-31,P174,2,77,452.54
2017-04-30,P174,2,88,452.54
2017-05-31,P174,2,103,452.54
2017-06-30,P174,2,96,452.54
2017-07-31,P174,2,102,452.54
2017-08-31,P174,2,139,452.54
2017-09-30,P174,2,36,452.54
2017-10-31,P174,2,44,452.54
2017-11-30,P174,2,51,452.54
2017-12-31,P174,2,70,452.54
2017-01-31,P174,5,67,452.54
2017-02-28,P174,5,74,452.54
2017-03-31,P174,5,66,452.54
2017-04-30,P174,5,79,452.54
2017-05-31,P174,5,106,452.54
2017-06-30,P174,5,116,452.54
2017-07-31,P174,5,89,452.54
2017-08-31,P174,5,89,452.54
2017-09-30,P174,5,113,452.54
2017-10-31,P174,5,118,452.54
2017-11-30,P174,5,116,452.54
2017-12-31,P174,5,35,452.54
2017-01-31,P174,8,146,452.54
2017-02-28,P174,8,127,452.54
2017-03-31,P174,8,135,452.54
2017-04-30,P174,8,122,452.54
2017-05-31,P174,8,167,452.54
2017-06-30,P174,8,188,452.54
2017-07-31,P174,8,199,452.54
2017-08-31,P174,8,213,452.54
2017-09-30,P174,8,194,452.54
2017-10-31,P174,8,183,452.54
2017-11-30,P174,8,223,452.54
2017-12-31,P174,8,83,452.54
2017-01-31,P175,2,46,474.18
2017-02-28,P175,2,67,474.18
2017-03-31,P175,2,8,474.18
2017-04-30,P175,2,17,474.18
2017-05-31,P175,2,11,474.18
2017-06-30,P175,2,8,474.18
2017-07-31,P175,2,17,474.18
2017-08-31,P175,2,17,474.18
2017-09-30,P175,2,9,474.18
2017-10-31,P175,2,14,474.18
2017-11-30,P175,2,14,474.18
2017-12-31,P175,2,6,474.18
2017-01-31,P175,6,80,474.18
2017-02-28,P175,6,115,474.18
2017-03-31,P175,6,82,474.18
2017-04-30,P175,6,126,474.18
2017-05-31,P175,6,93,474.18
2017-06-30,P175,6,115,474.18
2017-07-31,P175,6,107,474.18
2017-08-31,P175,6,81,474.18
2017-09-30,P175,6,85,474.18
2017-10-31,P175,6,114,474.18
2017-11-30,P175,6,103,474.18
2017-12-31,P175,6,32,474.18
2017-01-31,P175,9,3,474.18
2017-02-28,P175,9,3,474.18
2017-03-31,P175,9,3,474.18
2017-04-30,P175,9,3,474.18
2017-05-31,P175,9,3,474.18
2017-06-30,P175,9,3,474.18
2017-07-31,P175,9,3,474.18
2017-08-31,P175,9,3,474.18
2017-09-30,P175,9,3,474.18
2017-10-31,P175,9,3,474.18
2017-11-30,P175,9,3,474.18
2017-12-31,P175,9,3,474.18
2017-01-31,P176,1,119,510.93
2017-02-28,P176,1,131,510.93
2017-03-31,P176,1,184,510.93
2017-04-30,P176,1,190,510.93
2017-05-31,P176,1,170,510.93
2017-06-30,P176,1,181,510.93
2017-07-31,P176,1,198,510.93
2017-08-31,P176,1,211,510.93
2017-09-30,P176,1,223,510.93
2017-10-31,P176,1,225,510.93
2017-11-30,P176,1,88,510.93
2017-12-31,P176,1,32,510.93
2017-01-31,P176,6,102,510.93
2017-02-28,P176,6,134,510.93
2017-03-31,P176,6,26,510.93
2017-04-30,P176,6,27,510.93
2017-05-31,P176,6,44,510.93
2017-06-30,P176,6,72,510.93
2017-07-31,P176,6,55,510.93
2017-08-31,P176,6,55,510.93
2017-09-30,P176,6,47,510.93
2017-10-31,P176,6,68,510.93
2017-11-30,P176,6,91,510.93
2017-12-31,P176,6,89,510.93
2017-01-31,P176,9,59,510.93
2017-02-28,P176,9,55,510.93
2017-03-31,P176,9,62,510.93
2017-04-30,P176,9,79,510.93
2017-05-31,P176,9,85,510.93
2017-06-30,P176,9,91,510.93
2017-07-31,P176,9,93,510.93
2017-08-31,P176,9,105,510.93
2017-09-30,P176,9,1,510.93
2017-10-31,P176,9,106,510.93
2017-11-30,P176,9,28,510.93
2017-12-31,P176,9,31,510.93
2017-01-31,P177,2,22,450.36
2017-02-28,P177,2,22,450.36
2017-03-31,P177,2,23,450.36
2017-04-30,P177,2,25,450.36
2017-05-31,P177,2,32,450.36
2017-06-30,P177,2,27,450.36
2017-07-31,P177,2,34,450.36
2017-08-31,P177,2,28,450.36
2017-09-30,P177,2,31,450.36
2017-10-31,P177,2,32,450.36
2017-11-30,P177,2,3,450.36
2017-12-31,P177,2,8,450.36
2017-01-31,P177,5,82,450.36
2017-02-28,P177,5,82,450.36
2017-03-31,P177,5,82,450.36
2017-04-30,P177,5,82,450.36
2017-05-31,P177,5,82,450.36
2017-06-30,P177,5,82,450.36
2017-07-31,P177,5,82,450.36
2017-08-31,P177,5,82,450.36
2017-09-30,P177,5,82,450.36
2017-10-31,P177,5,82,450.36
2017-11-30,P177,5,82,450.36
2017-12-31,P177,5,82,450.36
2017-01-31,P177,7,176,450.36
2017-02-28,P177,7,208,450.36
2017-03-31,P177,7,190,450.36
2017-04-30,P177,7,184,450.36
2017-05-31,P177,7,140,450.36
2017-06-30,P177,7,188,450.36
2017-07-31,P177,7,209,450.36
2017-08-31,P177,7,190,450.36
2017-09-30,P177,7,12,450.36
2017-10-31,P177,7,66,450.36
2017-11-30,P177,7,65,450.36
2017-12-31,P177,7,68,450.36
2017-01-31,P178,2,172,471.78
2017-02-28,P178,2,191,471.78
2017-03-31,P178,2,184,471.78
2017-04-30,P178,2,172,471.78
2017-05-31,P178,2,163,471.78
2017-06-30,P178,2,189,471.78
2017-07-31,P178,2,202,471.78
2017-08-31,P178,2,55,471.78
2017-09-30,P178,2,56,471.78
2017-10-31,P178,2,58,471.78
2017-11-30,P178,2,84,471.78
2017-12-31,P178,2,109,471.78
2017-01-31,P178,7,389,471.78
2017-02-28,P178,7,220,471.78
2017-03-31,P178,7,44,471.78
2017-04-30,P178,7,98,471.78
2017-05-31,P178,7,103,471.78
2017-06-30,P178,7,89,471.78
2017-07-31,P178,7,110,471.78
2017-08-31,P178,7,138,471.78
2017-09-30,P178,7,143,471.78
2017-10-31,P178,7,135,471.78
2017-11-30,P178,7,149,471.78
2017-12-31,P178,7,122,471.78
2017-01-31,P178,8,0,471.78
2017-02-28,P178,8,0,471.78
2017-03-31,P178,8,0,471.78
2017-04-30,P178,8,0,471.78
2017-05-31,P178,8,0,471.78
2017-06-30,P178,8,0,471.78
2017-07-31,P178,8,0,471.78
2017-08-31,P178,8,0,471.78
2017-09-30,P178,8,0,471.78
2017-10-31,P178,8,0,471.78
2017-11-30,P178,8,0,471.78
2017-12-31,P178,8,0,471.78
2017-01-31,P179,2,34,626.22
2017-02-28,P179,2,40,626.22
2017-03-31,P179,2,10,626.22
2017-04-30,P179,2,7,626.22
2017-05-31,P179,2,14,626.22
2017-06-30,P179,2,8,626.22
2017-07-31,P179,2,39,626.22
2017-08-31,P179,2,36,626.22
2017-09-30,P179,2,13,626.22
2017-10-31,P179,2,40,626.22
2017-11-30,P179,2,6,626.22
2017-12-31,P179,2,9,626.22
2017-01-31,P179,3,35,626.22
2017-02-28,P179,3,35,626.22
2017-03-31,P179,3,35,626.22
2017-04-30,P179,3,35,626.22
2017-05-31,P179,3,35,626.22
2017-06-30,P179,3,35,626.22
2017-07-31,P179,3,35,626.22
2017-08-31,P179,3,35,626.22
2017-09-30,P179,3,35,626.22
2017-10-31,P179,3,35,626.22
2017-11-30,P179,3,35,626.22
2017-12-31,P179,3,35,626.22
2017-01-31,P179,4,0,626.22
2017-02-28,P179,4,0,626.22
2017-03-31,P179,4,0,626.22
2017-04-30,P179,4,0,626.22
2017-05-31,P179,4,0,626.22
2017-06-30,P179,4,0,626.22
2017-07-31,P179,4,0,626.22
2017-08-31,P179,4,0,626.22
2017-09-30,P179,4,0,626.22
2017-10-31,P179,4,0,626.22
2017-11-30,P179,4,0,626.22
2017-12-31,P179,4,0,626.22
2017-01-31,P180,1,16,582.02
2017-02-28,P180,1,24,582.02
2017-03-31,P180,1,29,582.02
2017-04-30,P180,1,25,582.02
2017-05-31,P180,1,19,582.02
2017-06-30,P180,1,27,582.02
2017-07-31,P180,1,3,582.02
2017-08-31,P180,1,3,582.02
2017-09-30,P180,1,11,582.02
2017-10-31,P180,1,17,582.02
2017-11-30,P180,1,12,582.02
2017-12-31,P180,1,8,582.02
2017-01-31,P180,2,103,582.02
2017-02-28,P180,2,145,582.02
2017-03-31,P180,2,139,582.02
2017-04-30,P180,2,0,582.02
2017-05-31,P180,2,30,582.02
2017-06-30,P180,2,11,582.02
2017-07-31,P180,2,151,582.02
2017-08-31,P180,2,140,582.02
2017-09-30,P180,2,133,582.02
2017-10-31,P180,2,112,582.02
2017-11-30,P180,2,112,582.02
2017-12-31,P180,2,125,582.02
2017-01-31,P180,9,83,582.02
2017-02-28,P180,9,87,582.02
2017-03-31,P180,9,88,582.02
2017-04-30,P180,9,107,582.02
2017-05-31,P180,9,91,582.02
2017-06-30,P180,9,112,582.02
2017-07-31,P180,9,117,582.02
2017-08-31,P180,9,110,582.02
2017-09-30,P180,9,114,582.02
2017-10-31,P180,9,117,582.02
2017-11-30,P180,9,114,582.02
2017-12-31,P180,9,121,582.02
2017-01-31,P181,4,76,480.89
2017-02-28,P181,4,101,480.89
2017-03-31,P181,4,90,480.89
2017-04-30,P181,4,102,480.89
2017-05-31,P181,4,99,480.89
2017-06-30,P181,4,110,480.89
2017-07-31,P181,4,140,480.89
2017-08-31,P181,4,133,480.89
2017-09-30,P181,4,27,480.89
2017-10-31,P181,4,27,480.89
2017-11-30,P181,4,55,480.89
2017-12-31,P181,4,70,480.89
2017-01-31,P181,8,48,480.89
2017-02-28,P181,8,77,480.89
2017-03-31,P181,8,99,480.89
2017-04-30,P181,8,99,480.89
2017-05-31,P181,8,85,480.89
2017-06-30,P181,8,68,480.89
2017-07-31,P181,8,88,480.89
2017-08-31,P181,8,98,480.89
2017-09-30,P181,8,157,480.89
2017-10-31,P181,8,182,480.89
2017-11-30,P181,8,191,480.89
2017-12-31,P181,8,152,480.89
2017-01-31,P181,9,261,480.89
2017-02-28,P181,9,179,480.89
2017-03-31,P181,9,105,480.89
2017-04-30,P181,9,102,480.89
2017-05-31,P181,9,108,480.89
2017-06-30,P181,9,52,480.89
2017-07-31,P181,9,46,480.89
2017-08-31,P181,9,59,480.89
2017-09-30,P181,9,50,480.89
2017-10-31,P181,9,43,480.89
2017-11-30,P181,9,43,480.89
2017-12-31,P181,9,70,480.89
2017-01-31,P182,3,464,459
2017-02-28,P182,3,274,459
2017-03-31,P182,3,89,459
2017-04-30,P182,3,79,459
2017-05-31,P182,3,53,459
2017-06-30,P182,3,58,459
2017-07-31,P182,3,74,459
2017-08-31,P182,3,78,459
2017-09-30,P182,3,95,459
2017-10-31,P182,3,88,459
2017-11-30,P182,3,105,459
2017-12-31,P182,3,151,459
2017-01-31,P182,7,70,459
2017-02-28,P182,7,76,459
2017-03-31,P182,7,12,459
2017-04-30,P182,7,23,459
2017-05-31,P182,7,43,459
2017-06-30,P182,7,34,459
2017-07-31,P182,7,78,459
2017-08-31,P182,7,69,459
2017-09-30,P182,7,70,459
2017-10-31,P182,7,65,459
2017-11-30,P182,7,69,459
2017-12-31,P182,7,67,459
2017-01-31,P182,9,74,459
2017-02-28,P182,9,68,459
2017-03-31,P182,9,72,459
2017-04-30,P182,9,86,459
2017-05-31,P182,9,66,459
2017-06-30,P182,9,114,459
2017-07-31,P182,9,138,459
2017-08-31,P182,9,30,459
2017-09-30,P182,9,24,459
2017-10-31,P182,9,132,459
2017-11-30,P182,9,18,459
2017-12-31,P182,9,59,459
2017-01-31,P183,1,303,504.14
2017-02-28,P183,1,188,504.14
2017-03-31,P183,1,78,504.14
2017-04-30,P183,1,91,504.14
2017-05-31,P183,1,120,504.14
2017-06-30,P183,1,121,504.14
2017-07-31,P183,1,138,504.14
2017-08-31,P183,1,26,504.14
2017-09-30,P183,1,31,504.14
2017-10-31,P183,1,137,504.14
2017-11-30,P183,1,21,504.14
2017-12-31,P183,1,38,504.14
2017-01-31,P183,5,12,504.14
2017-02-28,P183,5,21,504.14
2017-03-31,P183,5,23,504.14
2017-04-30,P183,5,21,504.14
2017-05-31,P183,5,25,504.14
2017-06-30,P183,5,19,504.14
2017-07-31,P183,5,21,504.14
2017-08-31,P183,5,24,504.14
2017-09-30,P183,5,5,504.14
2017-10-31,P183,5,33,504.14
2017-11-30,P183,5,6,504.14
2017-12-31,P183,5,0,504.14
2017-01-31,P183,6,41,504.14
2017-02-28,P183,6,37,504.14
2017-03-31,P183,6,42,504.14
2017-04-30,P183,6,49,504.14
2017-05-31,P183,6,47,504.14
2017-06-30,P183,6,39,504.14
2017-07-31,P183,6,21,504.14
2017-08-31,P183,6,44,504.14
2017-09-30,P183,6,57,504.14
2017-10-31,P183,6,69,504.14
2017-11-30,P183,6,77,504.14
2017-12-31,P183,6,18,504.14
2017-01-31,P184,3,30,415
2017-02-28,P184,3,13,415
2017-03-31,P184,3,13,415
2017-04-30,P184,3,25,415
2017-05-31,P184,3,29,415
2017-06-30,P184,3,3,415
2017-07-31,P184,3,10,415
2017-08-31,P184,3,14,415
2017-09-30,P184,3,16,415
2017-10-31,P184,3,15,415
2017-11-30,P184,3,15,415
2017-12-31,P184,3,16,415
2017-01-31,P184,5,130,415
2017-02-28,P184,5,155,415
2017-03-31,P184,5,162,415
2017-04-30,P184,5,0,415
2017-05-31,P184,5,4,415
2017-06-30,P184,5,66,415
2017-07-31,P184,5,66,415
2017-08-31,P184,5,66,415
2017-09-30,P184,5,82,415
2017-10-31,P184,5,83,415
2017-11-30,P184,5,82,415
2017-12-31,P184,5,73,415
2017-01-31,P184,6,76,415
2017-02-28,P184,6,77,415
2017-03-31,P184,6,73,415
2017-04-30,P184,6,12,415
2017-05-31,P184,6,25,415
2017-06-30,P184,6,29,415
2017-07-31,P184,6,28,415
2017-08-31,P184,6,27,415
2017-09-30,P184,6,32,415
2017-10-31,P184,6,48,415
2017-11-30,P184,6,42,415
2017-12-31,P184,6,50,415
2017-01-31,P185,2,78,416.64
2017-02-28,P185,2,93,416.64
2017-03-31,P185,2,83,416.64
2017-04-30,P185,2,102,416.64
2017-05-31,P185,2,118,416.64
2017-06-30,P185,2,138,416.64
2017-07-31,P185,2,148,416.64
2017-08-31,P185,2,132,416.64
2017-09-30,P185,2,138,416.64
2017-10-31,P185,2,147,416.64
2017-11-30,P185,2,143,416.64
2017-12-31,P185,2,18,416.64
2017-01-31,P185,3,433,416.64
2017-02-28,P185,3,239,416.64
2017-03-31,P185,3,38,416.64
2017-04-30,P185,3,42,416.64
2017-05-31,P185,3,57,416.64
2017-06-30,P185,3,70,416.64
2017-07-31,P185,3,80,416.64
2017-08-31,P185,3,99,416.64
2017-09-30,P185,3,60,416.64
2017-10-31,P185,3,80,416.64
2017-11-30,P185,3,95,416.64
2017-12-31,P185,3,127,416.64
2017-01-31,P185,5,152,416.64
2017-02-28,P185,5,11,416.64
2017-03-31,P185,5,39,416.64
2017-04-30,P185,5,66,416.64
2017-05-31,P185,5,92,416.64
2017-06-30,P185,5,95,416.64
2017-07-31,P185,5,128,416.64
2017-08-31,P185,5,148,416.64
2017-09-30,P185,5,8,416.64
2017-10-31,P185,5,153,416.64
2017-11-30,P185,5,16,416.64
2017-12-31,P185,5,17,416.64
2017-01-31,P186,3,59,452.5
2017-02-28,P186,3,2,452.5
2017-03-31,P186,3,1,452.5
2017-04-30,P186,3,9,452.5
2017-05-31,P186,3,4,452.5
2017-06-30,P186,3,14,452.5
2017-07-31,P186,3,21,452.5
2017-08-31,P186,3,15,452.5
2017-09-30,P186,3,25,452.5
2017-10-31,P186,3,9,452.5
2017-11-30,P186,3,0,452.5
2017-12-31,P186,3,14,452.5
2017-01-31,P186,6,0,452.5
2017-02-28,P186,6,0,452.5
2017-03-31,P186,6,0,452.5
2017-04-30,P186,6,0,452.5
2017-05-31,P186,6,0,452.5
2017-06-30,P186,6,0,452.5
2017-07-31,P186,6,0,452.5
2017-08-31,P186,6,0,452.5
2017-09-30,P186,6,0,452.5
2017-10-31,P186,6,0,452.5
2017-11-30,P186,6,0,452.5
2017-12-31,P186,6,0,452.5
2017-01-31,P186,7,0,452.5
2017-02-28,P186,7,0,452.5
2017-03-31,P186,7,0,452.5
2017-04-30,P186,7,0,452.5
2017-05-31,P186,7,0,452.5
2017-06-30,P186,7,0,452.5
2017-07-31,P186,7,0,452.5
2017-08-31,P186,7,0,452.5
2017-09-30,P186,7,0,452.5
2017-10-31,P186,7,0,452.5
2017-11-30,P186,7,0,452.5
2017-12-31,P186,7,0,452.5
2017-01-31,P187,2,517,380.05
2017-02-28,P187,2,337,380.05
2017-03-31,P187,2,128,380.05
2017-04-30,P187,2,97,380.05
2017-05-31,P187,2,98,380.05
2017-06-30,P187,2,104,380.05
2017-07-31,P187,2,118,380.05
2017-08-31,P187,2,138,380.05
2017-09-30,P187,2,167,380.05
2017-10-31,P187,2,166,380.05
2017-11-30,P187,2,172,380.05
2017-12-31,P187,2,165,380.05
2017-01-31,P187,4,0,380.05
2017-02-28,P187,4,0,380.05
2017-03-31,P187,4,0,380.05
2017-04-30,P187,4,0,380.05
2017-05-31,P187,4,0,380.05
2017-06-30,P187,4,0,380.05
2017-07-31,P187,4,0,380.05
2017-08-31,P187,4,0,380.05
2017-09-30,P187,4,0,380.05
2017-10-31,P187,4,0,380.05
2017-11-30,P187,4,0,380.05
2017-12-31,P187,4,0,380.05
2017-01-31,P187,6,6,380.05
2017-02-28,P187,6,0,380.05
2017-03-31,P187,6,0,380.05
2017-04-30,P187,6,0,380.05
2017-05-31,P187,6,0,380.05
2017-06-30,P187,6,0,380.05
2017-07-31,P187,6,0,380.05
2017-08-31,P187,6,0,380.05
2017-09-30,P187,6,0,380.05
2017-10-31,P187,6,0,380.05
2017-11-30,P187,6,0,380.05
2017-12-31,P187,6,0,380.05
2017-01-31,P188,5,46,395.24
2017-02-28,P188,5,36,395.24
2017-03-31,P188,5,35,395.24
2017-04-30,P188,5,36,395.24
2017-05-31,P188,5,43,395.24
2017-06-30,P188,5,55,395.24
2017-07-31,P188,5,50,395.24
2017-08-31,P188,5,57,395.24
2017-09-30,P188,5,64,395.24
2017-10-31,P188,5,42,395.24
2017-11-30,P188,5,44,395.24
2017-12-31,P188,5,54,395.24
2017-01-31,P188,6,134,395.24
2017-02-28,P188,6,120,395.24
2017-03-31,P188,6,112,395.24
2017-04-30,P188,6,161,395.24
2017-05-31,P188,6,173,395.24
2017-06-30,P188,6,205,395.24
2017-07-31,P188,6,70,395.24
2017-08-31,P188,6,76,395.24
2017-09-30,P188,6,100,395.24
2017-10-31,P188,6,108,395.24
2017-11-30,P188,6,105,395.24
2017-12-31,P188,6,101,395.24
2017-01-31,P188,7,79,395.24
2017-02-28,P188,7,114,395.24
2017-03-31,P188,7,111,395.24
2017-04-30,P188,7,133,395.24
2017-05-31,P188,7,140,395.24
2017-06-30,P188,7,168,395.24
2017-07-31,P188,7,178,395.24
2017-08-31,P188,7,178,395.24
2017-09-30,P188,7,32,395.24
2017-10-31,P188,7,58,395.24
2017-11-30,P188,7,75,395.24
2017-12-31,P188,7,36,395.24
2017-01-31,P189,3,107,364.79
2017-02-28,P189,3,76,364.79
2017-03-31,P189,3,86,364.79
2017-04-30,P189,3,96,364.79
2017-05-31,P189,3,112,364.79
2017-06-30,P189,3,125,364.79
2017-07-31,P189,3,112,364.79
2017-08-31,P189,3,118,364.79
2017-09-30,P189,3,23,364.79
2017-10-31,P189,3,135,364.79
2017-11-30,P189,3,130,364.79
2017-12-31,P189,3,2,364.79
2017-01-31,P189,7,115,364.79
2017-02-28,P189,7,132,364.79
2017-03-31,P189,7,142,364.79
2017-04-30,P189,7,141,364.79
2017-05-31,P189,7,125,364.79
2017-06-30,P189,7,136,364.79
2017-07-31,P189,7,145,364.79
2017-08-31,P189,7,159,364.79
2017-09-30,P189,7,140,364.79
2017-10-31,P189,7,143,364.79
2017-11-30,P189,7,151,364.79
2017-12-31,P189,7,136,364.79
2017-01-31,P189,8,21,364.79
2017-02-28,P189,8,44,364.79
2017-03-31,P189,8,40,364.79
2017-04-30,P189,8,33,364.79
2017-05-31,P189,8,29,364.79
2017-06-30,P189,8,33,364.79
2017-07-31,P189,8,38,364.79
2017-08-31,P189,8,28,364.79
2017-09-30,P189,8,38,364.79
2017-10-31,P189,8,29,364.79
2017-11-30,P189,8,36,364.79
2017-12-31,P189,8,30,364.79
2017-01-31,P190,3,215,409.92
2017-02-28,P190,3,129,409.92
2017-03-31,P190,3,44,409.92
2017-04-30,P190,3,46,409.92
2017-05-31,P190,3,52,409.92
2017-06-30,P190,3,83,409.92
2017-07-31,P190,3,79,409.92
2017-08-31,P190,3,72,409.92
2017-09-30,P190,3,75,409.92
2017-10-31,P190,3,89,409.92
2017-11-30,P190,3,93,409.92
2017-12-31,P190,3,83,409.92
2017-01-31,P190,8,464,409.92
2017-02-28,P190,8,273,409.92
2017-03-31,P190,8,117,409.92
2017-04-30,P190,8,120,409.92
2017-05-31,P190,8,109,409.92
2017-06-30,P190,8,105,409.92
2017-07-31,P190,8,136,409.92
2017-08-31,P190,8,138,409.92
2017-09-30,P190,8,138,409.92
2017-10-31,P190,8,169,409.92
2017-11-30,P190,8,186,409.92
2017-12-31,P190,8,156,409.92
2017-01-31,P190,9,331,409.92
2017-02-28,P190,9,191,409.92
2017-03-31,P190,9,9,409.92
2017-04-30,P190,9,10,409.92
2017-05-31,P190,9,147,409.92
2017-06-30,P190,9,131,409.92
2017-07-31,P190,9,151,409.92
2017-08-31,P190,9,9,409.92
2017-09-30,P190,9,41,409.92
2017-10-31,P190,9,60,409.92
2017-11-30,P190,9,67,409.92
2017-12-31,P190,9,67,409.92
2017-01-31,P191,6,32,428.89
2017-02-28,P191,6,40,428.89
2017-03-31,P191,6,41,428.89
2017-04-30,P191,6,52,428.89
2017-05-31,P191,6,41,428.89
2017-06-30,P191,6,40,428.89
2017-07-31,P191,6,20,428.89
2017-08-31,P191,6,25,428.89
2017-09-30,P191,6,39,428.89
2017-10-31,P191,6,50,428.89
2017-11-30,P191,6,9,428.89
2017-12-31,P191,6,10,428.89
2017-01-31,P191,7,63,428.89
2017-02-28,P191,7,13,428.89
2017-03-31,P191,7,18,428.89
2017-04-30,P191,7,26,428.89
2017-05-31,P191,7,25,428.89
2017-06-30,P191,7,29,428.89
2017-07-31,P191,7,35,428.89
2017-08-31,P191,7,30,428.89
2017-09-30,P191,7,46,428.89
2017-10-31,P191,7,47,428.89
2017-11-30,P191,7,68,428.89
2017-12-31,P191,7,56,428.89
2017-01-31,P191,8,203,428.89
2017-02-28,P191,8,134,428.89
2017-03-31,P191,8,24,428.89
2017-04-30,P191,8,18,428.89
2017-05-31,P191,8,20,428.89
2017-06-30,P191,8,35,428.89
2017-07-31,P191,8,33,428.89
2017-08-31,P191,8,53,428.89
2017-09-30,P191,8,43,428.89
2017-10-31,P191,8,56,428.89
2017-11-30,P191,8,62,428.89
2017-12-31,P191,8,71,428.89
2017-01-31,P192,1,38,411.64
2017-02-28,P192,1,40,411.64
2017-03-31,P192,1,12,411.64
2017-04-30,P192,1,13,411.64
2017-05-31,P192,1,41,411.64
2017-06-30,P192,1,38,411.64
2017-07-31,P192,1,32,411.64
2017-08-31,P192,1,29,411.64
2017-09-30,P192,1,31,411.64
2017-10-31,P192,1,32,411.64
2017-11-30,P192,1,41,411.64
2017-12-31,P192,1,9,411.64
2017-01-31,P192,2,66,411.64
2017-02-28,P192,2,38,411.64
2017-03-31,P192,2,1,411.64
2017-04-30,P192,2,5,411.64
2017-05-31,P192,2,9,411.64
2017-06-30,P192,2,11,411.64
2017-07-31,P192,2,11,411.64
2017-08-31,P192,2,11,411.64
2017-09-30,P192,2,16,411.64
2017-10-31,P192,2,11,411.64
2017-11-30,P192,2,12,411.64
2017-12-31,P192,2,5,411.64
2017-01-31,P192,8,29,411.64
2017-02-28,P192,8,34,411.64
2017-03-31,P192,8,24,411.64
2017-04-30,P192,8,35,411.64
2017-05-31,P192,8,31,411.64
2017-06-30,P192,8,42,411.64
2017-07-31,P192,8,48,411.64
2017-08-31,P192,8,38,411.64
2017-09-30,P192,8,49,411.64
2017-10-31,P192,8,41,411.64
2017-11-30,P192,8,44,411.64
2017-12-31,P192,8,37,411.64
2017-01-31,P193,2,0,332.52
2017-02-28,P193,2,0,332.52
2017-03-31,P193,2,0,332.52
2017-04-30,P193,2,0,332.52
2017-05-31,P193,2,0,332.52
2017-06-30,P193,2,0,332.52
2017-07-31,P193,2,0,332.52
2017-08-31,P193,2,0,332.52
2017-09-30,P193,2,0,332.52
2017-10-31,P193,2,0,332.52
2017-11-30,P193,2,0,332.52
2017-12-31,P193,2,0,332.52
2017-01-31,P193,5,143,332.52
2017-02-28,P193,5,197,332.52
2017-03-31,P193,5,198,332.52
2017-04-30,P193,5,193,332.52
2017-05-31,P193,5,216,332.52
2017-06-30,P193,5,218,332.52
2017-07-31,P193,5,236,332.52
2017-08-31,P193,5,216,332.52
2017-09-30,P193,5,41,332.52
2017-10-31,P193,5,73,332.52
2017-11-30,P193,5,78,332.52
2017-12-31,P193,5,74,332.52
2017-01-31,P193,7,281,332.52
2017-02-28,P193,7,156,332.52
2017-03-31,P193,7,25,332.52
2017-04-30,P193,7,55,332.52
2017-05-31,P193,7,68,332.52
2017-06-30,P193,7,77,332.52
2017-07-31,P193,7,97,332.52
2017-08-31,P193,7,73,332.52
2017-09-30,P193,7,71,332.52
2017-10-31,P193,7,94,332.52
2017-11-30,P193,7,114,332.52
2017-12-31,P193,7,0,332.52
2017-01-31,P194,5,62,380.55
2017-02-28,P194,5,58,380.55
2017-03-31,P194,5,49,380.55
2017-04-30,P194,5,49,380.55
2017-05-31,P194,5,59,380.55
2017-06-30,P194,5,48,380.55
2017-07-31,P194,5,51,380.55
2017-08-31,P194,5,54,380.55
2017-09-30,P194,5,52,380.55
2017-10-31,P194,5,43,380.55
2017-11-30,P194,5,40,380.55
2017-12-31,P194,5,48,380.55
2017-01-31,P194,6,67,380.55
2017-02-28,P194,6,63,380.55
2017-03-31,P194,6,62,380.55
2017-04-30,P194,6,59,380.55
2017-05-31,P194,6,66,380.55
2017-06-30,P194,6,95,380.55
2017-07-31,P194,6,75,380.55
2017-08-31,P194,6,75,380.55
2017-09-30,P194,6,97,380.55
2017-10-31,P194,6,110,380.55
2017-11-30,P194,6,118,380.55
2017-12-31,P194,6,25,380.55
2017-01-31,P194,8,131,380.55
2017-02-28,P194,8,139,380.55
2017-03-31,P194,8,165,380.55
2017-04-30,P194,8,33,380.55
2017-05-31,P194,8,183,380.55
2017-06-30,P194,8,165,380.55
2017-07-31,P194,8,188,380.55
2017-08-31,P194,8,175,380.55
2017-09-30,P194,8,21,380.55
2017-10-31,P194,8,176,380.55
2017-11-30,P194,8,181,380.55
2017-12-31,P194,8,152,380.55
2017-01-31,P195,5,103,385.24
2017-02-28,P195,5,131,385.24
2017-03-31,P195,5,109,385.24
2017-04-30,P195,5,110,385.24
2017-05-31,P195,5,84,385.24
2017-06-30,P195,5,96,385.24
2017-07-31,P195,5,65,385.24
2017-08-31,P195,5,29,385.24
2017-09-30,P195,5,61,385.24
2017-10-31,P195,5,206,385.24
2017-11-30,P195,5,69,385.24
2017-12-31,P195,5,57,385.24
2017-01-31,P195,8,91,385.24
2017-02-28,P195,8,15,385.24
2017-03-31,P195,8,12,385.24
2017-04-30,P195,8,10,385.24
2017-05-31,P195,8,0,385.24
2017-06-30,P195,8,11,385.24
2017-07-31,P195,8,13,385.24
2017-08-31,P195,8,14,385.24
2017-09-30,P195,8,18,385.24
2017-10-31,P195,8,17,385.24
2017-11-30,P195,8,19,385.24
2017-12-31,P195,8,13,385.24
2017-01-31,P195,9,41,385.24
2017-02-28,P195,9,46,385.24
2017-03-31,P195,9,59,385.24
2017-04-30,P195,9,51,385.24
2017-05-31,P195,9,55,385.24
2017-06-30,P195,9,69,385.24
2017-07-31,P195,9,60,385.24
2017-08-31,P195,9,70,385.24
2017-09-30,P195,9,81,385.24
2017-10-31,P195,9,84,385.24
2017-11-30,P195,9,74,385.24
2017-12-31,P195,9,78,385.24
2017-01-31,P196,3,140,332.38
2017-02-28,P196,3,162,332.38
2017-03-31,P196,3,151,332.38
2017-04-30,P196,3,144,332.38
2017-05-31,P196,3,153,332.38
2017-06-30,P196,3,38,332.38
2017-07-31,P196,3,163,332.38
2017-08-31,P196,3,33,332.38
2017-09-30,P196,3,53,332.38
2017-10-31,P196,3,159,332.38
2017-11-30,P196,3,144,332.38
2017-12-31,P196,3,146,332.38
2017-01-31,P196,5,35,332.38
2017-02-28,P196,5,40,332.38
2017-03-31,P196,5,50,332.38
2017-04-30,P196,5,55,332.38
2017-05-31,P196,5,61,332.38
2017-06-30,P196,5,54,332.38
2017-07-31,P196,5,55,332.38
2017-08-31,P196,5,59,332.38
2017-09-30,P196,5,61,332.38
2017-10-31,P196,5,64,332.38
2017-11-30,P196,5,55,332.38
2017-12-31,P196,5,57,332.38
2017-01-31,P196,6,15,332.38
2017-02-28,P196,6,15,332.38
2017-03-31,P196,6,21,332.38
2017-04-30,P196,6,31,332.38
2017-05-31,P196,6,35,332.38
2017-06-30,P196,6,33,332.38
2017-07-31,P196,6,35,332.38
2017-08-31,P196,6,9,332.38
2017-09-30,P196,6,7,332.38
2017-10-31,P196,6,34,332.38
2017-11-30,P196,6,30,332.38
2017-12-31,P196,6,27,332.38
2017-01-31,P197,2,0,317.81
2017-02-28,P197,2,0,317.81
2017-03-31,P197,2,0,317.81
2017-04-30,P197,2,0,317.81
2017-05-31,P197,2,0,317.81
2017-06-30,P197,2,0,317.81
2017-07-31,P197,2,0,317.81
2017-08-31,P197,2,0,317.81
2017-09-30,P197,2,0,317.81
2017-10-31,P197,2,0,317.81
2017-11-30,P197,2,0,317.81
2017-12-31,P197,2,0,317.81
2017-01-31,P197,3,344,317.81
2017-02-28,P197,3,221,317.81
2017-03-31,P197,3,92,317.81
2017-04-30,P197,3,110,317.81
2017-05-31,P197,3,105,317.81
2017-06-30,P197,3,131,317.81
2017-07-31,P197,3,151,317.81
2017-08-31,P197,3,144,317.81
2017-09-30,P197,3,32,317.81
2017-10-31,P197,3,38,317.81
2017-11-30,P197,3,55,317.81
2017-12-31,P197,3,79,317.81
2017-01-31,P197,7,128,317.81
2017-02-28,P197,7,128,317.81
2017-03-31,P197,7,128,317.81
2017-04-30,P197,7,128,317.81
2017-05-31,P197,7,128,317.81
2017-06-30,P197,7,128,317.81
2017-07-31,P197,7,128,317.81
2017-08-31,P197,7,128,317.81
2017-09-30,P197,7,128,317.81
2017-10-31,P197,7,128,317.81
2017-11-30,P197,7,128,317.81
2017-12-31,P197,7,128,317.81
2017-01-31,P198,3,459,360.72
2017-02-28,P198,3,297,360.72
2017-03-31,P198,3,161,360.72
2017-04-30,P198,3,184,360.72
2017-05-31,P198,3,170,360.72
2017-06-30,P198,3,193,360.72
2017-07-31,P198,3,182,360.72
2017-08-31,P198,3,177,360.72
2017-09-30,P198,3,47,360.72
2017-10-31,P198,3,193,360.72
2017-11-30,P198,3,63,360.72
2017-12-31,P198,3,99,360.72
2017-01-31,P198,4,14,360.72
2017-02-28,P198,4,0,360.72
2017-03-31,P198,4,0,360.72
2017-04-30,P198,4,0,360.72
2017-05-31,P198,4,0,360.72
2017-06-30,P198,4,0,360.72
2017-07-31,P198,4,0,360.72
2017-08-31,P198,4,0,360.72
2017-09-30,P198,4,0,360.72
2017-10-31,P198,4,0,360.72
2017-11-30,P198,4,0,360.72
2017-12-31,P198,4,0,360.72
2017-01-31,P198,7,64,360.72
2017-02-28,P198,7,63,360.72
2017-03-31,P198,7,7,360.72
2017-04-30,P198,7,0,360.72
2017-05-31,P198,7,62,360.72
2017-06-30,P198,7,11,360.72
2017-07-31,P198,7,65,360.72
2017-08-31,P198,7,8,360.72
2017-09-30,P198,7,13,360.72
2017-10-31,P198,7,63,360.72
2017-11-30,P198,7,55,360.72
2017-12-31,P198,7,59,360.72
2017-01-31,P199,4,342,293.3
2017-02-28,P199,4,203,293.3
2017-03-31,P199,4,75,293.3
2017-04-30,P199,4,65,293.3
2017-05-31,P199,4,71,293.3
2017-06-30,P199,4,85,293.3
2017-07-31,P199,4,82,293.3
2017-08-31,P199,4,71,293.3
2017-09-30,P199,4,74,293.3
2017-10-31,P199,4,73,293.3
2017-11-30,P199,4,86,293.3
2017-12-31,P199,4,84,293.3
2017-01-31,P199,5,0,293.3
2017-02-28,P199,5,0,293.3
2017-03-31,P199,5,0,293.3
2017-04-30,P199,5,0,293.3
2017-05-31,P199,5,0,293.3
2017-06-30,P199,5,0,293.3
2017-07-31,P199,5,0,293.3
2017-08-31,P199,5,0,293.3
2017-09-30,P199,5,0,293.3
2017-10-31,P199,5,0,293.3
2017-11-30,P199,5,0,293.3
2017-12-31,P199,5,0,293.3
2017-01-31,P199,6,184,293.3
2017-02-28,P199,6,174,293.3
2017-03-31,P199,6,21,293.3
2017-04-30,P199,6,56,293.3
2017-05-31,P199,6,95,293.3
2017-06-30,P199,6,88,293.3
2017-07-31,P199,6,86,293.3
2017-08-31,P199,6,91,293.3
2017-09-30,P199,6,73,293.3
2017-10-31,P199,6,91,293.3
2017-11-30,P199,6,92,293.3
2017-12-31,P199,6,85,293.3
2017-01-31,P200,2,189,339.55
2017-02-28,P200,2,185,339.55
2017-03-31,P200,2,2,339.55
2017-04-30,P200,2,8,339.55
2017-05-31,P200,2,187,339.55
2017-06-30,P200,2,18,339.55
2017-07-31,P200,2,26,339.55
2017-08-31,P200,2,13,339.55
2017-09-30,P200,2,0,339.55
2017-10-31,P200,2,189,339.55
2017-11-30,P200,2,15,339.55
2017-12-31,P200,2,9,339.55
2017-01-31,P200,7,98,339.55
2017-02-28,P200,7,129,339.55
2017-03-31,P200,7,146,339.55
2017-04-30,P200,7,131,339.55
2017-05-31,P200,7,143,339.55
2017-06-30,P200,7,129,339.55
2017-07-31,P200,7,125,339.55
2017-08-31,P200,7,117,339.55
2017-09-30,P200,7,115,339.55
2017-10-31,P200,7,117,339.55
2017-11-30,P200,7,145,339.55
2017-12-31,P200,7,135,339.55
2017-01-31,P200,9,0,339.55
2017-02-28,P200,9,0,339.55
2017-03-31,P200,9,0,339.55
2017-04-30,P200,9,0,339.55
2017-05-31,P200,9,0,339.55
2017-06-30,P200,9,0,339.55
2017-07-31,P200,9,0,339.55
2017-08-31,P200,9,0,339.55
2017-09-30,P200,9,0,339.55
2017-10-31,P200,9,0,339.55
2017-11-30,P200,9,0,339.55
2017-12-31,P200,9,0,339.55
2017-01-31,P201,2,77,283.91
2017-02-28,P201,2,74,283.91
2017-03-31,P201,2,103,283.91
2017-04-30,P201,2,116,283.91
2017-05-31,P201,2,99,283.91
2017-06-30,P201,2,97,283.91
2017-07-31,P201,2,112,283.91
2017-08-31,P201,2,126,283.91
2017-09-30,P201,2,126,283.91
2017-10-31,P201,2,113,283.91
2017-11-30,P201,2,90,283.91
2017-12-31,P201,2,83,283.91
2017-01-31,P201,5,25,283.91
2017-02-28,P201,5,30,283.91
2017-03-31,P201,5,0,283.91
2017-04-30,P201,5,3,283.91
2017-05-31,P201,5,27,283.91
2017-06-30,P201,5,0,283.91
2017-07-31,P201,5,21,283.91
2017-08-31,P201,5,17,283.91
2017-09-30,P201,5,16,283.91
2017-10-31,P201,5,24,283.91
2017-11-30,P201,5,25,283.91
2017-12-31,P201,5,24,283.91
2017-01-31,P201,7,91,283.91
2017-02-28,P201,7,59,283.91
2017-03-31,P201,7,30,283.91
2017-04-30,P201,7,22,283.91
2017-05-31,P201,7,27,283.91
2017-06-30,P201,7,26,283.91
2017-07-31,P201,7,30,283.91
2017-08-31,P201,7,34,283.91
2017-09-30,P201,7,4,283.91
2017-10-31,P201,7,38,283.91
2017-11-30,P201,7,7,283.91
2017-12-31,P201,7,16,283.91
2017-01-31,P202,3,138,302.95
2017-02-28,P202,3,78,302.95
2017-03-31,P202,3,2,302.95
2017-04-30,P202,3,20,302.95
2017-05-31,P202,3,21,302.95
2017-06-30,P202,3,27,302.95
2017-07-31,P202,3,32,302.95
2017-08-31,P202,3,42,302.95
2017-09-30,P202,3,55,302.95
2017-10-31,P202,3,61,302.95
2017-11-30,P202,3,0,302.95
2017-12-31,P202,3,22,302.95
2017-01-31,P202,6,6,302.95
2017-02-28,P202,6,14,302.95
2017-03-31,P202,6,14,302.95
2017-04-30,P202,6,4,302.95
2017-05-31,P202,6,8,302.95
2017-06-30,P202,6,12,302.95
2017-07-31,P202,6,14,302.95
2017-08-31,P202,6,13,302.95
2017-09-30,P202,6,11,302.95
2017-10-31,P202,6,14,302.95
2017-11-30,P202,6,19,302.95
2017-12-31,P202,6,20,302.95
2017-01-31,P202,7,135,302.95
2017-02-28,P202,7,123,302.95
2017-03-31,P202,7,166,302.95
2017-04-30,P202,7,46,302.95
2017-05-31,P202,7,102,302.95
2017-06-30,P202,7,109,302.95
2017-07-31,P202,7,99,302.95
2017-08-31,P202,7,93,302.95
2017-09-30,P202,7,95,302.95
2017-10-31,P202,7,71,302.95
2017-11-30,P202,7,103,302.95
2017-12-31,P202,7,100,302.95
2017-01-31,P203,5,106,278.71
2017-02-28,P203,5,103,278.71
2017-03-31,P203,5,96,278.71
2017-04-30,P203,5,13,278.71
2017-05-31,P203,5,23,278.71
2017-06-30,P203,5,35,278.71
2017-07-31,P203,5,48,278.71
2017-08-31,P203,5,67,278.71
2017-09-30,P203,5,90,278.71
2017-10-31,P203,5,105,278.71
2017-11-30,P203,5,101,278.71
2017-12-31,P203,5,7,278.71
2017-01-31,P203,8,27,278.71
2017-02-28,P203,8,39,278.71
2017-03-31,P203,8,35,278.71
2017-04-30,P203,8,36,278.71
2017-05-31,P203,8,40,278.71
2017-06-30,P203,8,26,278.71
2017-07-31,P203,8,33,278.71
2017-08-31,P203,8,36,278.71
2017-09-30,P203,8,42,278.71
2017-10-31,P203,8,40,278.71
2017-11-30,P203,8,46,278.71
2017-12-31,P203,8,53,278.71
2017-01-31,P203,9,75,278.71
2017-02-28,P203,9,74,278.71
2017-03-31,P203,9,73,278.71
2017-04-30,P203,9,10,278.71
2017-05-31,P203,9,18,278.71
2017-06-30,P203,9,14,278.71
2017-07-31,P203,9,80,278.71
2017-08-31,P203,9,22,278.71
2017-09-30,P203,9,25,278.71
2017-10-31,P203,9,31,278.71
2017-11-30,P203,9,39,278.71
2017-12-31,P203,9,36,278.71
2017-01-31,P204,2,235,291.34
2017-02-28,P204,2,237,291.34
2017-03-31,P204,2,63,291.34
2017-04-30,P204,2,115,291.34
2017-05-31,P204,2,156,291.34
2017-06-30,P204,2,185,291.34
2017-07-31,P204,2,204,291.34
2017-08-31,P204,2,185,291.34
2017-09-30,P204,2,219,291.34
2017-10-31,P204,2,240,291.34
2017-11-30,P204,2,222,291.34
2017-12-31,P204,2,76,291.34
2017-01-31,P204,6,119,291.34
2017-02-28,P204,6,132,291.34
2017-03-31,P204,6,145,291.34
2017-04-30,P204,6,27,291.34
2017-05-31,P204,6,46,291.34
2017-06-30,P204,6,62,291.34
2017-07-31,P204,6,160,291.34
2017-08-31,P204,6,36,291.34
2017-09-30,P204,6,53,291.34
2017-10-31,P204,6,89,291.34
2017-11-30,P204,6,92,291.34
2017-12-31,P204,6,71,291.34
2017-01-31,P204,9,177,291.34
2017-02-28,P204,9,181,291.34
2017-03-31,P204,9,172,291.34
2017-04-30,P204,9,173,291.34
2017-05-31,P204,9,159,291.34
2017-06-30,P204,9,154,291.34
2017-07-31,P204,9,146,291.34
2017-08-31,P204,9,170,291.34
2017-09-30,P204,9,192,291.34
2017-10-31,P204,9,184,291.34
2017-11-30,P204,9,151,291.34
2017-12-31,P204,9,164,291.34
2017-01-31,P205,3,144,339.12
2017-02-28,P205,3,149,339.12
2017-03-31,P205,3,144,339.12
2017-04-30,P205,3,145,339.12
2017-05-31,P205,3,141,339.12
2017-06-30,P205,3,170,339.12
2017-07-31,P205,3,153,339.12
2017-08-31,P205,3,164,339.12
2017-09-30,P205,3,23,339.12
2017-10-31,P205,3,49,339.12
2017-11-30,P205,3,50,339.12
2017-12-31,P205,3,59,339.12
2017-01-31,P205,4,5,339.12
2017-02-28,P205,4,0,339.12
2017-03-31,P205,4,0,339.12
2017-04-30,P205,4,0,339.12
2017-05-31,P205,4,0,339.12
2017-06-30,P205,4,0,339.12
2017-07-31,P205,4,0,339.12
2017-08-31,P205,4,0,339.12
2017-09-30,P205,4,0,339.12
2017-10-31,P205,4,0,339.12
2017-11-30,P205,4,0,339.12
2017-12-31,P205,4,0,339.12
2017-01-31,P205,7,32,339.12
2017-02-28,P205,7,11,339.12
2017-03-31,P205,7,17,339.12
2017-04-30,P205,7,25,339.12
2017-05-31,P205,7,21,339.12
2017-06-30,P205,7,20,339.12
2017-07-31,P205,7,25,339.12
2017-08-31,P205,7,31,339.12
2017-09-30,P205,7,2,339.12
2017-10-31,P205,7,6,339.12
2017-11-30,P205,7,4,339.12
2017-12-31,P205,7,8,339.12
2017-01-31,P206,4,0,289.33
2017-02-28,P206,4,0,289.33
2017-03-31,P206,4,0,289.33
2017-04-30,P206,4,0,289.33
2017-05-31,P206,4,0,289.33
2017-06-30,P206,4,0,289.33
2017-07-31,P206,4,0,289.33
2017-08-31,P206,4,0,289.33
2017-09-30,P206,4,0,289.33
2017-10-31,P206,4,0,289.33
2017-11-30,P206,4,0,289.33
2017-12-31,P206,4,0,289.33
2017-01-31,P206,5,42,289.33
2017-02-28,P206,5,48,289.33
2017-03-31,P206,5,49,289.33
2017-04-30,P206,5,61,289.33
2017-05-31,P206,5,67,289.33
2017-06-30,P206,5,59,289.33
2017-07-31,P206,5,54,289.33
2017-08-31,P206,5,52,289.33
2017-09-30,P206,5,64,289.33
2017-10-31,P206,5,70,289.33
2017-11-30,P206,5,14,289.33
2017-12-31,P206,5,18,289.33
2017-01-31,P206,6,107,289.33
2017-02-28,P206,6,105,289.33
2017-03-31,P206,6,126,289.33
2017-04-30,P206,6,11,289.33
2017-05-31,P206,6,25,289.33
2017-06-30,P206,6,28,289.33
2017-07-31,P206,6,26,289.33
2017-08-31,P206,6,14,289.33
2017-09-30,P206,6,39,289.33
2017-10-31,P206,6,57,289.33
2017-11-30,P206,6,40,289.33
2017-12-31,P206,6,59,289.33
2017-01-31,P207,1,129,287.5
2017-02-28,P207,1,173,287.5
2017-03-31,P207,1,150,287.5
2017-04-30,P207,1,0,287.5
2017-05-31,P207,1,163,287.5
2017-06-30,P207,1,163,287.5
2017-07-31,P207,1,182,287.5
2017-08-31,P207,1,8,287.5
2017-09-30,P207,1,37,287.5
2017-10-31,P207,1,54,287.5
2017-11-30,P207,1,112,287.5
2017-12-31,P207,1,119,287.5
2017-01-31,P207,3,18,287.5
2017-02-28,P207,3,21,287.5
2017-03-31,P207,3,21,287.5
2017-04-30,P207,3,24,287.5
2017-05-31,P207,3,35,287.5
2017-06-30,P207,3,10,287.5
2017-07-31,P207,3,39,287.5
2017-08-31,P207,3,9,287.5
2017-09-30,P207,3,14,287.5
2017-10-31,P207,3,21,287.5
2017-11-30,P207,3,21,287.5
2017-12-31,P207,3,29,287.5
2017-01-31,P207,9,13,287.5
2017-02-28,P207,9,10,287.5
2017-03-31,P207,9,9,287.5
2017-04-30,P207,9,7,287.5
2017-05-31,P207,9,26,287.5
2017-06-30,P207,9,30,287.5
2017-07-31,P207,9,6,287.5
2017-08-31,P207,9,6,287.5
2017-09-30,P207,9,7,287.5
2017-10-31,P207,9,8,287.5
2017-11-30,P207,9,3,287.5
2017-12-31,P207,9,2,287.5
2017-01-31,P208,1,51,308.84
2017-02-28,P208,1,51,308.84
2017-03-31,P208,1,51,308.84
2017-04-30,P208,1,51,308.84
2017-05-31,P208,1,51,308.84
2017-06-30,P208,1,51,308.84
2017-07-31,P208,1,51,308.84
2017-08-31,P208,1,51,308.84
2017-09-30,P208,1,51,308.84
2017-10-31,P208,1,51,308.84
2017-11-30,P208,1,51,308.84
2017-12-31,P208,1,51,308.84
2017-01-31,P208,2,21,308.84
2017-02-28,P208,2,21,308.84
2017-03-31,P208,2,21,308.84
2017-04-30,P208,2,21,308.84
2017-05-31,P208,2,21,308.84
2017-06-30,P208,2,21,308.84
2017-07-31,P208,2,21,308.84
2017-08-31,P208,2,21,308.84
2017-09-30,P208,2,21,308.84
2017-10-31,P208,2,21,308.84
2017-11-30,P208,2,21,308.84
2017-12-31,P208,2,21,308.84
2017-01-31,P208,9,83,308.84
2017-02-28,P208,9,90,308.84
2017-03-31,P208,9,99,308.84
2017-04-30,P208,9,114,308.84
2017-05-31,P208,9,114,308.84
2017-06-30,P208,9,149,308.84
2017-07-31,P208,9,153,308.84
2017-08-31,P208,9,147,308.84
2017-09-30,P208,9,42,308.84
2017-10-31,P208,9,35,308.84
2017-11-30,P208,9,79,308.84
2017-12-31,P208,9,94,308.84
2017-01-31,P209,1,71,264.35
2017-02-28,P209,1,41,264.35
2017-03-31,P209,1,5,264.35
2017-04-30,P209,1,8,264.35
2017-05-31,P209,1,3,264.35
2017-06-30,P209,1,8,264.35
2017-07-31,P209,1,15,264.35
2017-08-31,P209,1,13,264.35
2017-09-30,P209,1,6,264.35
2017-10-31,P209,1,8,264.35
2017-11-30,P209,1,8,264.35
2017-12-31,P209,1,10,264.35
2017-01-31,P209,3,0,264.35
2017-02-28,P209,3,0,264.35
2017-03-31,P209,3,0,264.35
2017-04-30,P209,3,0,264.35
2017-05-31,P209,3,0,264.35
2017-06-30,P209,3,0,264.35
2017-07-31,P209,3,0,264.35
2017-08-31,P209,3,0,264.35
2017-09-30,P209,3,0,264.35
2017-10-31,P209,3,0,264.35
2017-11-30,P209,3,0,264.35
2017-12-31,P209,3,0,264.35
2017-01-31,P209,4,81,264.35
2017-02-28,P209,4,97,264.35
2017-03-31,P209,4,110,264.35
2017-04-30,P209,4,8,264.35
2017-05-31,P209,4,23,264.35
2017-06-30,P209,4,34,264.35
2017-07-31,P209,4,60,264.35
2017-08-31,P209,4,82,264.35
2017-09-30,P209,4,76,264.35
2017-10-31,P209,4,93,264.35
2017-11-30,P209,4,82,264.35
2017-12-31,P209,4,74,264.35
2017-01-31,P210,3,54,253.41
2017-02-28,P210,3,53,253.41
2017-03-31,P210,3,65,253.41
2017-04-30,P210,3,85,253.41
2017-05-31,P210,3,99,253.41
2017-06-30,P210,3,147,253.41
2017-07-31,P210,3,126,253.41
2017-08-31,P210,3,128,253.41
2017-09-30,P210,3,141,253.41
2017-10-31,P210,3,148,253.41
2017-11-30,P210,3,140,253.41
2017-12-31,P210,3,137,253.41
2017-01-31,P210,5,0,253.41
2017-02-28,P210,5,0,253.41
2017-03-31,P210,5,0,253.41
2017-04-30,P210,5,0,253.41
2017-05-31,P210,5,0,253.41
2017-06-30,P210,5,0,253.41
2017-07-31,P210,5,0,253.41
2017-08-31,P210,5,0,253.41
2017-09-30,P210,5,0,253.41
2017-10-31,P210,5,0,253.41
2017-11-30,P210,5,0,253.41
2017-12-31,P210,5,0,253.41
2017-01-31,P210,8,33,253.41
2017-02-28,P210,8,36,253.41
2017-03-31,P210,8,5,253.41
2017-04-30,P210,8,9,253.41
2017-05-31,P210,8,9,253.41
2017-06-30,P210,8,11,253.41
2017-07-31,P210,8,38,253.41
2017-08-31,P210,8,38,253.41
2017-09-30,P210,8,36,253.41
2017-10-31,P210,8,37,253.41
2017-11-30,P210,8,35,253.41
2017-12-31,P210,8,8,253.41
2017-01-31,P211,3,30,306
2017-02-28,P211,3,3,306
2017-03-31,P211,3,5,306
2017-04-30,P211,3,9,306
2017-05-31,P211,3,5,306
2017-06-30,P211,3,6,306
2017-07-31,P211,3,10,306
2017-08-31,P211,3,9,306
2017-09-30,P211,3,9,306
2017-10-31,P211,3,13,306
2017-11-30,P211,3,10,306
2017-12-31,P211,3,7,306
2017-01-31,P211,5,68,306
2017-02-28,P211,5,67,306
2017-03-31,P211,5,18,306
2017-04-30,P211,5,8,306
2017-05-31,P211,5,66,306
2017-06-30,P211,5,60,306
2017-07-31,P211,5,55,306
2017-08-31,P211,5,64,306
2017-09-30,P211,5,9,306
2017-10-31,P211,5,20,306
2017-11-30,P211,5,15,306
2017-12-31,P211,5,25,306
2017-01-31,P211,6,193,306
2017-02-28,P211,6,209,306
2017-03-31,P211,6,213,306
2017-04-30,P211,6,216,306
2017-05-31,P211,6,75,306
2017-06-30,P211,6,123,306
2017-07-31,P211,6,163,306
2017-08-31,P211,6,135,306
2017-09-30,P211,6,196,306
2017-10-31,P211,6,198,306
2017-11-30,P211,6,219,306
2017-12-31,P211,6,211,306
2017-01-31,P212,1,49,287.78
2017-02-28,P212,1,0,287.78
2017-03-31,P212,1,0,287.78
2017-04-30,P212,1,0,287.78
2017-05-31,P212,1,0,287.78
2017-06-30,P212,1,0,287.78
2017-07-31,P212,1,0,287.78
2017-08-31,P212,1,0,287.78
2017-09-30,P212,1,0,287.78
2017-10-31,P212,1,0,287.78
2017-11-30,P212,1,0,287.78
2017-12-31,P212,1,0,287.78
2017-01-31,P212,5,0,287.78
2017-02-28,P212,5,0,287.78
2017-03-31,P212,5,0,287.78
2017-04-30,P212,5,0,287.78
2017-05-31,P212,5,0,287.78
2017-06-30,P212,5,0,287.78
2017-07-31,P212,5,0,287.78
2017-08-31,P212,5,0,287.78
2017-09-30,P212,5,0,287.78
2017-10-31,P212,5,0,287.78
2017-11-30,P212,5,0,287.78
2017-12-31,P212,5,0,287.78
2017-01-31,P212,6,129,287.78
2017-02-28,P212,6,20,287.78
2017-03-31,P212,6,38,287.78
2017-04-30,P212,6,58,287.78
2017-05-31,P212,6,78,287.78
2017-06-30,P212,6,49,287.78
2017-07-31,P212,6,38,287.78
2017-08-31,P212,6,38,287.78
2017-09-30,P212,6,43,287.78
2017-10-31,P212,6,44,287.78
2017-11-30,P212,6,23,287.78
2017-12-31,P212,6,26,287.78
2017-01-31,P213,1,145,241.15
2017-02-28,P213,1,161,241.15
2017-03-31,P213,1,160,241.15
2017-04-30,P213,1,142,241.15
2017-05-31,P213,1,187,241.15
2017-06-30,P213,1,19,241.15
2017-07-31,P213,1,64,241.15
2017-08-31,P213,1,58,241.15
2017-09-30,P213,1,36,241.15
2017-10-31,P213,1,46,241.15
2017-11-30,P213,1,60,241.15
2017-12-31,P213,1,55,241.15
2017-01-31,P213,4,259,241.15
2017-02-28,P213,4,159,241.15
2017-03-31,P213,4,66,241.15
2017-04-30,P213,4,73,241.15
2017-05-31,P213,4,48,241.15
2017-06-30,P213,4,58,241.15
2017-07-31,P213,4,67,241.15
2017-08-31,P213,4,52,241.15
2017-09-30,P213,4,44,241.15
2017-10-31,P213,4,47,241.15
2017-11-30,P213,4,45,241.15
2017-12-31,P213,4,39,241.15
2017-01-31,P213,8,0,241.15
2017-02-28,P213,8,0,241.15
2017-03-31,P213,8,0,241.15
2017-04-30,P213,8,0,241.15
2017-05-31,P213,8,0,241.15
2017-06-30,P213,8,0,241.15
2017-07-31,P213,8,0,241.15
2017-08-31,P213,8,0,241.15
2017-09-30,P213,8,0,241.15
2017-10-31,P213,8,0,241.15
2017-11-30,P213,8,0,241.15
2017-12-31,P213,8,0,241.15
2017-01-31,P214,3,48,279.4
2017-02-28,P214,3,61,279.4
2017-03-31,P214,3,71,279.4
2017-04-30,P214,3,68,279.4
2017-05-31,P214,3,54,279.4
2017-06-30,P214,3,62,279.4
2017-07-31,P214,3,70,279.4
2017-08-31,P214,3,73,279.4
2017-09-30,P214,3,70,279.4
2017-10-31,P214,3,63,279.4
2017-11-30,P214,3,60,279.4
2017-12-31,P214,3,74,279.4
2017-01-31,P214,6,32,279.4
2017-02-28,P214,6,41,279.4
2017-03-31,P214,6,15,279.4
2017-04-30,P214,6,15,279.4
2017-05-31,P214,6,19,279.4
2017-06-30,P214,6,21,279.4
2017-07-31,P214,6,29,279.4
2017-08-31,P214,6,6,279.4
2017-09-30,P214,6,16,279.4
2017-10-31,P214,6,16,279.4
2017-11-30,P214,6,14,279.4
2017-12-31,P214,6,18,279.4
2017-01-31,P214,8,195,279.4
2017-02-28,P214,8,130,279.4
2017-03-31,P214,8,32,279.4
2017-04-30,P214,8,49,279.4
2017-05-31,P214,8,43,279.4
2017-06-30,P214,8,34,279.4
2017-07-31,P214,8,34,279.4
2017-08-31,P214,8,31,279.4
2017-09-30,P214,8,38,279.4
2017-10-31,P214,8,50,279.4
2017-11-30,P214,8,69,279.4
2017-12-31,P214,8,79,279.4
2017-01-31,P215,2,159,238.8
2017-02-28,P215,2,36,238.8
2017-03-31,P215,2,6,238.8
2017-04-30,P215,2,8,238.8
2017-05-31,P215,2,6,238.8
2017-06-30,P215,2,13,238.8
2017-07-31,P215,2,30,238.8
2017-08-31,P215,2,47,238.8
2017-09-30,P215,2,52,238.8
2017-10-31,P215,2,70,238.8
2017-11-30,P215,2,86,238.8
2017-12-31,P215,2,95,238.8
2017-01-31,P215,3,119,238.8
2017-02-28,P215,3,138,238.8
2017-03-31,P215,3,171,238.8
2017-04-30,P215,3,43,238.8
2017-05-31,P215,3,48,238.8
2017-06-30,P215,3,54,238.8
2017-07-31,P215,3,66,238.8
2017-08-31,P215,3,88,238.8
2017-09-30,P215,3,84,238.8
2017-10-31,P215,3,53,238.8
2017-11-30,P215,3,61,238.8
2017-12-31,P215,3,34,238.8
2017-01-31,P215,5,25,238.8
2017-02-28,P215,5,35,238.8
2017-03-31,P215,5,32,238.8
2017-04-30,P215,5,8,238.8
2017-05-31,P215,5,7,238.8
2017-06-30,P215,5,12,238.8
2017-07-31,P215,5,17,238.8
2017-08-31,P215,5,24,238.8
2017-09-30,P215,5,30,238.8
2017-10-31,P215,5,34,238.8
2017-11-30,P215,5,34,238.8
2017-12-31,P215,5,4,238.8
2017-01-31,P216,1,35,257.23
2017-02-28,P216,1,7,257.23
2017-03-31,P216,1,8,257.23
2017-04-30,P216,1,9,257.23
2017-05-31,P216,1,13,257.23
2017-06-30,P216,1,15,257.23
2017-07-31,P216,1,10,257.23
2017-08-31,P216,1,21,257.23
2017-09-30,P216,1,21,257.23
2017-10-31,P216,1,16,257.23
2017-11-30,P216,1,22,257.23
2017-12-31,P216,1,17,257.23
2017-01-31,P216,3,270,257.23
2017-02-28,P216,3,163,257.23
2017-03-31,P216,3,16,257.23
2017-04-30,P216,3,21,257.23
2017-05-31,P216,3,124,257.23
2017-06-30,P216,3,6,257.23
2017-07-31,P216,3,30,257.23
2017-08-31,P216,3,28,257.23
2017-09-30,P216,3,50,257.23
2017-10-31,P216,3,40,257.23
2017-11-30,P216,3,34,257.23
2017-12-31,P216,3,63,257.23
2017-01-31,P216,4,173,257.23
2017-02-28,P216,4,170,257.23
2017-03-31,P216,4,166,257.23
2017-04-30,P216,4,29,257.23
2017-05-31,P216,4,177,257.23
2017-06-30,P216,4,28,257.23
2017-07-31,P216,4,176,257.23
2017-08-31,P216,4,163,257.23
2017-09-30,P216,4,28,257.23
2017-10-31,P216,4,45,257.23
2017-11-30,P216,4,47,257.23
2017-12-31,P216,4,38,257.23
2017-01-31,P217,3,69,255.86
2017-02-28,P217,3,122,255.86
2017-03-31,P217,3,115,255.86
2017-04-30,P217,3,124,255.86
2017-05-31,P217,3,137,255.86
2017-06-30,P217,3,161,255.86
2017-07-31,P217,3,176,255.86
2017-08-31,P217,3,163,255.86
2017-09-30,P217,3,23,255.86
2017-10-31,P217,3,76,255.86
2017-11-30,P217,3,41,255.86
2017-12-31,P217,3,76,255.86
2017-01-31,P217,4,33,255.86
2017-02-28,P217,4,33,255.86
2017-03-31,P217,4,27,255.86
2017-04-30,P217,4,25,255.86
2017-05-31,P217,4,32,255.86
2017-06-30,P217,4,35,255.86
2017-07-31,P217,4,34,255.86
2017-08-31,P217,4,11,255.86
2017-09-30,P217,4,19,255.86
2017-10-31,P217,4,33,255.86
2017-11-30,P217,4,36,255.86
2017-12-31,P217,4,37,255.86
2017-01-31,P217,7,54,255.86
2017-02-28,P217,7,0,255.86
2017-03-31,P217,7,0,255.86
2017-04-30,P217,7,0,255.86
2017-05-31,P217,7,0,255.86
2017-06-30,P217,7,0,255.86
2017-07-31,P217,7,0,255.86
2017-08-31,P217,7,0,255.86
2017-09-30,P217,7,0,255.86
2017-10-31,P217,7,0,255.86
2017-11-30,P217,7,0,255.86
2017-12-31,P217,7,0,255.86
2017-01-31,P218,3,0,252.57
2017-02-28,P218,3,0,252.57
2017-03-31,P218,3,0,252.57
2017-04-30,P218,3,0,252.57
2017-05-31,P218,3,0,252.57
2017-06-30,P218,3,0,252.57
2017-07-31,P218,3,0,252.57
2017-08-31,P218,3,0,252.57
2017-09-30,P218,3,0,252.57
2017-10-31,P218,3,0,252.57
2017-11-30,P218,3,0,252.57
2017-12-31,P218,3,0,252.57
2017-01-31,P218,7,528,252.57
2017-02-28,P218,7,352,252.57
2017-03-31,P218,7,175,252.57
2017-04-30,P218,7,157,252.57
2017-05-31,P218,7,132,252.57
2017-06-30,P218,7,172,252.57
2017-07-31,P218,7,179,252.57
2017-08-31,P218,7,172,252.57
2017-09-30,P218,7,204,252.57
2017-10-31,P218,7,185,252.57
2017-11-30,P218,7,182,252.57
2017-12-31,P218,7,162,252.57
2017-01-31,P218,9,52,252.57
2017-02-28,P218,9,54,252.57
2017-03-31,P218,9,55,252.57
2017-04-30,P218,9,36,252.57
2017-05-31,P218,9,201,252.57
2017-06-30,P218,9,23,252.57
2017-07-31,P218,9,213,252.57
2017-08-31,P218,9,34,252.57
2017-09-30,P218,9,13,252.57
2017-10-31,P218,9,68,252.57
2017-11-30,P218,9,89,252.57
2017-12-31,P218,9,89,252.57
2017-01-31,P219,2,82,274.56
2017-02-28,P219,2,83,274.56
2017-03-31,P219,2,79,274.56
2017-04-30,P219,2,93,274.56
2017-05-31,P219,2,87,274.56
2017-06-30,P219,2,102,274.56
2017-07-31,P219,2,103,274.56
2017-08-31,P219,2,106,274.56
2017-09-30,P219,2,121,274.56
2017-10-31,P219,2,125,274.56
2017-11-30,P219,2,153,274.56
2017-12-31,P219,2,24,274.56
2017-01-31,P219,4,30,274.56
2017-02-28,P219,4,29,274.56
2017-03-31,P219,4,29,274.56
2017-04-30,P219,4,34,274.56
2017-05-31,P219,4,9,274.56
2017-06-30,P219,4,16,274.56
2017-07-31,P219,4,17,274.56
2017-08-31,P219,4,18,274.56
2017-09-30,P219,4,18,274.56
2017-10-31,P219,4,20,274.56
2017-11-30,P219,4,18,274.56
2017-12-31,P219,4,24,274.56
2017-01-31,P219,8,132,274.56
2017-02-28,P219,8,132,274.56
2017-03-31,P219,8,132,274.56
2017-04-30,P219,8,132,274.56
2017-05-31,P219,8,132,274.56
2017-06-30,P219,8,132,274.56
2017-07-31,P219,8,132,274.56
2017-08-31,P219,8,132,274.56
2017-09-30,P219,8,132,274.56
2017-10-31,P219,8,132,274.56
2017-11-30,P219,8,132,274.56
2017-12-31,P219,8,132,274.56
2017-01-31,P220,2,0,217.83
2017-02-28,P220,2,0,217.83
2017-03-31,P220,2,0,217.83
2017-04-30,P220,2,0,217.83
2017-05-31,P220,2,0,217.83
2017-06-30,P220,2,0,217.83
2017-07-31,P220,2,0,217.83
2017-08-31,P220,2,0,217.83
2017-09-30,P220,2,0,217.83
2017-10-31,P220,2,0,217.83
2017-11-30,P220,2,0,217.83
2017-12-31,P220,2,0,217.83
2017-01-31,P220,5,17,217.83
2017-02-28,P220,5,19,217.83
2017-03-31,P220,5,22,217.83
2017-04-30,P220,5,19,217.83
2017-05-31,P220,5,13,217.83
2017-06-30,P220,5,16,217.83
2017-07-31,P220,5,14,217.83
2017-08-31,P220,5,14,217.83
2017-09-30,P220,5,15,217.83
2017-10-31,P220,5,16,217.83
2017-11-30,P220,5,14,217.83
2017-12-31,P220,5,14,217.83
2017-01-31,P220,6,307,217.83
2017-02-28,P220,6,233,217.83
2017-03-31,P220,6,114,217.83
2017-04-30,P220,6,116,217.83
2017-05-31,P220,6,119,217.83
2017-06-30,P220,6,20,217.83
2017-07-31,P220,6,144,217.83
2017-08-31,P220,6,128,217.83
2017-09-30,P220,6,120,217.83
2017-10-31,P220,6,120,217.83
2017-11-30,P220,6,36,217.83
2017-12-31,P220,6,35,217.83
2017-01-31,P221,3,132,225.47
2017-02-28,P221,3,132,225.47
2017-03-31,P221,3,132,225.47
2017-04-30,P221,3,132,225.47
2017-05-31,P221,3,132,225.47
2017-06-30,P221,3,132,225.47
2017-07-31,P221,3,132,225.47
2017-08-31,P221,3,132,225.47
2017-09-30,P221,3,132,225.47
2017-10-31,P221,3,132,225.47
2017-11-30,P221,3,132,225.47
2017-12-31,P221,3,132,225.47
2017-01-31,P221,4,35,225.47
2017-02-28,P221,4,14,225.47
2017-03-31,P221,4,14,225.47
2017-04-30,P221,4,16,225.47
2017-05-31,P221,4,18,225.47
2017-06-30,P221,4,20,225.47
2017-07-31,P221,4,19,225.47
2017-08-31,P221,4,22,225.47
2017-09-30,P221,4,29,225.47
2017-10-31,P221,4,37,225.47
2017-11-30,P221,4,5,225.47
2017-12-31,P221,4,4,225.47
2017-01-31,P221,9,67,225.47
2017-02-28,P221,9,9,225.47
2017-03-31,P221,9,31,225.47
2017-04-30,P221,9,39,225.47
2017-05-31,P221,9,51,225.47
2017-06-30,P221,9,52,225.47
2017-07-31,P221,9,54,225.47
2017-08-31,P221,9,67,225.47
2017-09-30,P221,9,7,225.47
2017-10-31,P221,9,22,225.47
2017-11-30,P221,9,21,225.47
2017-12-31,P221,9,38,225.47
2017-01-31,P222,3,104,245.4
2017-02-28,P222,3,102,245.4
2017-03-31,P222,3,110,245.4
2017-04-30,P222,3,97,245.4
2017-05-31,P222,3,108,245.4
2017-06-30,P222,3,127,245.4
2017-07-31,P222,3,146,245.4
2017-08-31,P222,3,133,245.4
2017-09-30,P222,3,0,245.4
2017-10-31,P222,3,152,245.4
2017-11-30,P222,3,138,245.4
2017-12-31,P222,3,0,245.4
2017-01-31,P222,4,120,245.4
2017-02-28,P222,4,152,245.4
2017-03-31,P222,4,131,245.4
2017-04-30,P222,4,118,245.4
2017-05-31,P222,4,125,245.4
2017-06-30,P222,4,126,245.4
2017-07-31,P222,4,106,245.4
2017-08-31,P222,4,116,245.4
2017-09-30,P222,4,133,245.4
2017-10-31,P222,4,103,245.4
2017-11-30,P222,4,92,245.4
2017-12-31,P222,4,92,245.4
2017-01-31,P222,5,329,245.4
2017-02-28,P222,5,215,245.4
2017-03-31,P222,5,113,245.4
2017-04-30,P222,5,133,245.4
2017-05-31,P222,5,141,245.4
2017-06-30,P222,5,54,245.4
2017-07-31,P222,5,77,245.4
2017-08-31,P222,5,83,245.4
2017-09-30,P222,5,58,245.4
2017-10-31,P222,5,51,245.4
2017-11-30,P222,5,70,245.4
2017-12-31,P222,5,51,245.4
2017-01-31,P223,2,0,231.58
2017-02-28,P223,2,0,231.58
2017-03-31,P223,2,0,231.58
2017-04-30,P223,2,0,231.58
2017-05-31,P223,2,0,231.58
2017-06-30,P223,2,0,231.58
2017-07-31,P223,2,0,231.58
2017-08-31,P223,2,0,231.58
2017-09-30,P223,2,0,231.58
2017-10-31,P223,2,0,231.58
2017-11-30,P223,2,0,231.58
2017-12-31,P223,2,0,231.58
2017-01-31,P223,5,139,231.58
2017-02-28,P223,5,203,231.58
2017-03-31,P223,5,33,231.58
2017-04-30,P223,5,53,231.58
2017-05-31,P223,5,194,231.58
2017-06-30,P223,5,183,231.58
2017-07-31,P223,5,199,231.58
2017-08-31,P223,5,62,231.58
2017-09-30,P223,5,63,231.58
2017-10-31,P223,5,63,231.58
2017-11-30,P223,5,94,231.58
2017-12-31,P223,5,92,231.58
2017-01-31,P223,6,89,231.58
2017-02-28,P223,6,89,231.58
2017-03-31,P223,6,89,231.58
2017-04-30,P223,6,89,231.58
2017-05-31,P223,6,89,231.58
2017-06-30,P223,6,89,231.58
2017-07-31,P223,6,89,231.58
2017-08-31,P223,6,89,231.58
2017-09-30,P223,6,89,231.58
2017-10-31,P223,6,89,231.58
2017-11-30,P223,6,89,231.58
2017-12-31,P223,6,89,231.58
2017-01-31,P224,4,29,262.4
2017-02-28,P224,4,31,262.4
2017-03-31,P224,4,28,262.4
2017-04-30,P224,4,0,262.4
2017-05-31,P224,4,1,262.4
2017-06-30,P224,4,8,262.4
2017-07-31,P224,4,8,262.4
2017-08-31,P224,4,11,262.4
2017-09-30,P224,4,19,262.4
2017-10-31,P224,4,19,262.4
2017-11-30,P224,4,18,262.4
2017-12-31,P224,4,25,262.4
2017-01-31,P224,8,113,262.4
2017-02-28,P224,8,114,262.4
2017-03-31,P224,8,107,262.4
2017-04-30,P224,8,27,262.4
2017-05-31,P224,8,116,262.4
2017-06-30,P224,8,117,262.4
2017-07-31,P224,8,95,262.4
2017-08-31,P224,8,93,262.4
2017-09-30,P224,8,77,262.4
2017-10-31,P224,8,94,262.4
2017-11-30,P224,8,90,262.4
2017-12-31,P224,8,107,262.4
2017-01-31,P224,9,186,262.4
2017-02-28,P224,9,209,262.4
2017-03-31,P224,9,224,262.4
2017-04-30,P224,9,39,262.4
2017-05-31,P224,9,74,262.4
2017-06-30,P224,9,120,262.4
2017-07-31,P224,9,135,262.4
2017-08-31,P224,9,134,262.4
2017-09-30,P224,9,161,262.4
2017-10-31,P224,9,146,262.4
2017-11-30,P224,9,162,262.4
2017-12-31,P224,9,162,262.4
2017-01-31,P225,1,177,266.15
2017-02-28,P225,1,201,266.15
2017-03-31,P225,1,51,266.15
2017-04-30,P225,1,56,266.15
2017-05-31,P225,1,63,266.15
2017-06-30,P225,1,97,266.15
2017-07-31,P225,1,66,266.15
2017-08-31,P225,1,61,266.15
2017-09-30,P225,1,64,266.15
2017-10-31,P225,1,75,266.15
2017-11-30,P225,1,123,266.15
2017-12-31,P225,1,100,266.15
2017-01-31,P225,3,107,266.15
2017-02-28,P225,3,114,266.15
2017-03-31,P225,3,114,266.15
2017-04-30,P225,3,154,266.15
2017-05-31,P225,3,162,266.15
2017-06-30,P225,3,17,266.15
2017-07-31,P225,3,164,266.15
2017-08-31,P225,3,28,266.15
2017-09-30,P225,3,37,266.15
2017-10-31,P225,3,24,266.15
2017-11-30,P225,3,44,266.15
2017-12-31,P225,3,71,266.15
2017-01-31,P225,6,64,266.15
2017-02-28,P225,6,75,266.15
2017-03-31,P225,6,74,266.15
2017-04-30,P225,6,75,266.15
2017-05-31,P225,6,87,266.15
2017-06-30,P225,6,9,266.15
2017-07-31,P225,6,91,266.15
2017-08-31,P225,6,75,266.15
2017-09-30,P225,6,76,266.15
2017-10-31,P225,6,62,266.15
2017-11-30,P225,6,73,266.15
2017-12-31,P225,6,0,266.15
2017-01-31,P226,3,43,252.31
2017-02-28,P226,3,47,252.31
2017-03-31,P226,3,35,252.31
2017-04-30,P226,3,38,252.31
2017-05-31,P226,3,34,252.31
2017-06-30,P226,3,43,252.31
2017-07-31,P226,3,33,252.31
2017-08-31,P226,3,36,252.31
2017-09-30,P226,3,40,252.31
2017-10-31,P226,3,36,252.31
2017-11-30,P226,3,51,252.31
2017-12-31,P226,3,51,252.31
2017-01-31,P226,6,127,252.31
2017-02-28,P226,6,35,252.31
2017-03-31,P226,6,28,252.31
2017-04-30,P226,6,38,252.31
2017-05-31,P226,6,38,252.31
2017-06-30,P226,6,65,252.31
2017-07-31,P226,6,73,252.31
2017-08-31,P226,6,33,252.31
2017-09-30,P226,6,30,252.31
2017-10-31,P226,6,40,252.31
2017-11-30,P226,6,62,252.31
2017-12-31,P226,6,53,252.31
2017-01-31,P226,9,0,252.31
2017-02-28,P226,9,0,252.31
2017-03-31,P226,9,0,252.31
2017-04-30,P226,9,0,252.31
2017-05-31,P226,9,0,252.31
2017-06-30,P226,9,0,252.31
2017-07-31,P226,9,0,252.31
2017-08-31,P226,9,0,252.31
2017-09-30,P226,9,0,252.31
2017-10-31,P226,9,0,252.31
2017-11-30,P226,9,0,252.31
2017-12-31,P226,9,0,252.31
2017-01-31,P227,3,27,239.95
2017-02-28,P227,3,27,239.95
2017-03-31,P227,3,27,239.95
2017-04-30,P227,3,27,239.95
2017-05-31,P227,3,27,239.95
2017-06-30,P227,3,27,239.95
2017-07-31,P227,3,27,239.95
2017-08-31,P227,3,27,239.95
2017-09-30,P227,3,27,239.95
2017-10-31,P227,3,27,239.95
2017-11-30,P227,3,27,239.95
2017-12-31,P227,3,27,239.95
2017-01-31,P227,6,546,239.95
2017-02-28,P227,6,357,239.95
2017-03-31,P227,6,207,239.95
2017-04-30,P227,6,225,239.95
2017-05-31,P227,6,175,239.95
2017-06-30,P227,6,160,239.95
2017-07-31,P227,6,129,239.95
2017-08-31,P227,6,131,239.95
2017-09-30,P227,6,181,239.95
2017-10-31,P227,6,195,239.95
2017-11-30,P227,6,210,239.95
2017-12-31,P227,6,37,239.95
2017-01-31,P227,9,118,239.95
2017-02-28,P227,9,129,239.95
2017-03-31,P227,9,110,239.95
2017-04-30,P227,9,59,239.95
2017-05-31,P227,9,58,239.95
2017-06-30,P227,9,49,239.95
2017-07-31,P227,9,81,239.95
2017-08-31,P227,9,81,239.95
2017-09-30,P227,9,98,239.95
2017-10-31,P227,9,96,239.95
2017-11-30,P227,9,109,239.95
2017-12-31,P227,9,143,239.95
2017-01-31,P228,5,47,219.69
2017-02-28,P228,5,47,219.69
2017-03-31,P228,5,47,219.69
2017-04-30,P228,5,47,219.69
2017-05-31,P228,5,47,219.69
2017-06-30,P228,5,47,219.69
2017-07-31,P228,5,47,219.69
2017-08-31,P228,5,47,219.69
2017-09-30,P228,5,47,219.69
2017-10-31,P228,5,47,219.69
2017-11-30,P228,5,47,219.69
2017-12-31,P228,5,47,219.69
2017-01-31,P228,8,26,219.69
2017-02-28,P228,8,0,219.69
2017-03-31,P228,8,0,219.69
2017-04-30,P228,8,0,219.69
2017-05-31,P228,8,0,219.69
2017-06-30,P228,8,0,219.69
2017-07-31,P228,8,0,219.69
2017-08-31,P228,8,0,219.69
2017-09-30,P228,8,0,219.69
2017-10-31,P228,8,0,219.69
2017-11-30,P228,8,0,219.69
2017-12-31,P228,8,0,219.69
2017-01-31,P228,9,223,219.69
2017-02-28,P228,9,78,219.69
2017-03-31,P228,9,70,219.69
2017-04-30,P228,9,59,219.69
2017-05-31,P228,9,53,219.69
2017-06-30,P228,9,64,219.69
2017-07-31,P228,9,240,219.69
2017-08-31,P228,9,207,219.69
2017-09-30,P228,9,205,219.69
2017-10-31,P228,9,221,219.69
2017-11-30,P228,9,213,219.69
2017-12-31,P228,9,6,219.69
2017-01-31,P229,2,59,258.1
2017-02-28,P229,2,60,258.1
2017-03-31,P229,2,81,258.1
2017-04-30,P229,2,60,258.1
2017-05-31,P229,2,47,258.1
2017-06-30,P229,2,83,258.1
2017-07-31,P229,2,61,258.1
2017-08-31,P229,2,50,258.1
2017-09-30,P229,2,55,258.1
2017-10-31,P229,2,82,258.1
2017-11-30,P229,2,99,258.1
2017-12-31,P229,2,106,258.1
2017-01-31,P229,5,13,258.1
2017-02-28,P229,5,10,258.1
2017-03-31,P229,5,16,258.1
2017-04-30,P229,5,17,258.1
2017-05-31,P229,5,24,258.1
2017-06-30,P229,5,36,258.1
2017-07-31,P229,5,38,258.1
2017-08-31,P229,5,12,258.1
2017-09-30,P229,5,12,258.1
2017-10-31,P229,5,13,258.1
2017-11-30,P229,5,21,258.1
2017-12-31,P229,5,23,258.1
2017-01-31,P229,9,26,258.1
2017-02-28,P229,9,26,258.1
2017-03-31,P229,9,26,258.1
2017-04-30,P229,9,26,258.1
2017-05-31,P229,9,26,258.1
2017-06-30,P229,9,26,258.1
2017-07-31,P229,9,26,258.1
2017-08-31,P229,9,26,258.1
2017-09-30,P229,9,26,258.1
2017-10-31,P229,9,26,258.1
2017-11-30,P229,9,26,258.1
2017-12-31,P229,9,26,258.1
2017-01-31,P230,3,135,234.26
2017-02-28,P230,3,158,234.26
2017-03-31,P230,3,138,234.26
2017-04-30,P230,3,159,234.26
2017-05-31,P230,3,131,234.26
2017-06-30,P230,3,157,234.26
2017-07-31,P230,3,169,234.26
2017-08-31,P230,3,158,234.26
2017-09-30,P230,3,147,234.26
2017-10-31,P230,3,122,234.26
2017-11-30,P230,3,110,234.26
2017-12-31,P230,3,105,234.26
2017-01-31,P230,5,86,234.26
2017-02-28,P230,5,94,234.26
2017-03-31,P230,5,80,234.26
2017-04-30,P230,5,74,234.26
2017-05-31,P230,5,116,234.26
2017-06-30,P230,5,104,234.26
2017-07-31,P230,5,129,234.26
2017-08-31,P230,5,86,234.26
2017-09-30,P230,5,115,234.26
2017-10-31,P230,5,109,234.26
2017-11-30,P230,5,132,234.26
2017-12-31,P230,5,141,234.26
2017-01-31,P230,9,45,234.26
2017-02-28,P230,9,52,234.26
2017-03-31,P230,9,49,234.26
2017-04-30,P230,9,52,234.26
2017-05-31,P230,9,24,234.26
2017-06-30,P230,9,27,234.26
2017-07-31,P230,9,111,234.26
2017-08-31,P230,9,99,234.26
2017-09-30,P230,9,92,234.26
2017-10-31,P230,9,103,234.26
2017-11-30,P230,9,106,234.26
2017-12-31,P230,9,15,234.26
2017-01-31,P231,2,0,240.62
2017-02-28,P231,2,0,240.62
2017-03-31,P231,2,0,240.62
2017-04-30,P231,2,0,240.62
2017-05-31,P231,2,0,240.62
2017-06-30,P231,2,0,240.62
2017-07-31,P231,2,0,240.62
2017-08-31,P231,2,0,240.62
2017-09-30,P231,2,0,240.62
2017-10-31,P231,2,0,240.62
2017-11-30,P231,2,0,240.62
2017-12-31,P231,2,0,240.62
2017-01-31,P231,4,31,240.62
2017-02-28,P231,4,62,240.62
2017-03-31,P231,4,11,240.62
2017-04-30,P231,4,28,240.62
2017-05-31,P231,4,28,240.62
2017-06-30,P231,4,59,240.62
2017-07-31,P231,4,89,240.62
2017-08-31,P231,4,88,240.62
2017-09-30,P231,4,106,240.62
2017-10-31,P231,4,144,240.62
2017-11-30,P231,4,170,240.62
2017-12-31,P231,4,167,240.62
2017-01-31,P231,6,57,240.62
2017-02-28,P231,6,65,240.62
2017-03-31,P231,6,12,240.62
2017-04-30,P231,6,12,240.62
2017-05-31,P231,6,23,240.62
2017-06-30,P231,6,17,240.62
2017-07-31,P231,6,27,240.62
2017-08-31,P231,6,27,240.62
2017-09-30,P231,6,23,240.62
2017-10-31,P231,6,13,240.62
2017-11-30,P231,6,14,240.62
2017-12-31,P231,6,16,240.62
2017-01-31,P232,2,72,212.69
2017-02-28,P232,2,47,212.69
2017-03-31,P232,2,18,212.69
2017-04-30,P232,2,20,212.69
2017-05-31,P232,2,29,212.69
2017-06-30,P232,2,7,212.69
2017-07-31,P232,2,6,212.69
2017-08-31,P232,2,9,212.69
2017-09-30,P232,2,21,212.69
2017-10-31,P232,2,28,212.69
2017-11-30,P232,2,26,212.69
2017-12-31,P232,2,25,212.69
2017-01-31,P232,7,51,212.69
2017-02-28,P232,7,41,212.69
2017-03-31,P232,7,56,212.69
2017-04-30,P232,7,7,212.69
2017-05-31,P232,7,63,212.69
2017-06-30,P232,7,6,212.69
2017-07-31,P232,7,10,212.69
2017-08-31,P232,7,19,212.69
2017-09-30,P232,7,1,212.69
2017-10-31,P232,7,65,212.69
2017-11-30,P232,7,7,212.69
2017-12-31,P232,7,2,212.69
2017-01-31,P232,9,9,212.69
2017-02-28,P232,9,12,212.69
2017-03-31,P232,9,20,212.69
2017-04-30,P232,9,28,212.69
2017-05-31,P232,9,14,212.69
2017-06-30,P232,9,8,212.69
2017-07-31,P232,9,93,212.69
2017-08-31,P232,9,0,212.69
2017-09-30,P232,9,17,212.69
2017-10-31,P232,9,22,212.69
2017-11-30,P232,9,9,212.69
2017-12-31,P232,9,33,212.69
2017-01-31,P233,3,10,214.36
2017-02-28,P233,3,0,214.36
2017-03-31,P233,3,0,214.36
2017-04-30,P233,3,0,214.36
2017-05-31,P233,3,0,214.36
2017-06-30,P233,3,0,214.36
2017-07-31,P233,3,0,214.36
2017-08-31,P233,3,0,214.36
2017-09-30,P233,3,0,214.36
2017-10-31,P233,3,0,214.36
2017-11-30,P233,3,0,214.36
2017-12-31,P233,3,0,214.36
2017-01-31,P233,6,94,214.36
2017-02-28,P233,6,108,214.36
2017-03-31,P233,6,121,214.36
2017-04-30,P233,6,130,214.36
2017-05-31,P233,6,141,214.36
2017-06-30,P233,6,25,214.36
2017-07-31,P233,6,146,214.36
2017-08-31,P233,6,123,214.36
2017-09-30,P233,6,122,214.36
2017-10-31,P233,6,137,214.36
2017-11-30,P233,6,125,214.36
2017-12-31,P233,6,120,214.36
2017-01-31,P233,8,173,214.36
2017-02-28,P233,8,63,214.36
2017-03-31,P233,8,64,214.36
2017-04-30,P233,8,81,214.36
2017-05-31,P233,8,102,214.36
2017-06-30,P233,8,124,214.36
2017-07-31,P233,8,125,214.36
2017-08-31,P233,8,141,214.36
2017-09-30,P233,8,143,214.36
2017-10-31,P233,8,149,214.36
2017-11-30,P233,8,163,214.36
2017-12-31,P233,8,165,214.36
2017-01-31,P234,2,27,223.92
2017-02-28,P234,2,38,223.92
2017-03-31,P234,2,43,223.92
2017-04-30,P234,2,51,223.92
2017-05-31,P234,2,56,223.92
2017-06-30,P234,2,56,223.92
2017-07-31,P234,2,64,223.92
2017-08-31,P234,2,0,223.92
2017-09-30,P234,2,0,223.92
2017-10-31,P234,2,15,223.92
2017-11-30,P234,2,26,223.92
2017-12-31,P234,2,18,223.92
2017-01-31,P234,5,114,223.92
2017-02-28,P234,5,43,223.92
2017-03-31,P234,5,35,223.92
2017-04-30,P234,5,36,223.92
2017-05-31,P234,5,30,223.92
2017-06-30,P234,5,68,223.92
2017-07-31,P234,5,102,223.92
2017-08-31,P234,5,104,223.92
2017-09-30,P234,5,103,223.92
2017-10-31,P234,5,109,223.92
2017-11-30,P234,5,109,223.92
2017-12-31,P234,5,23,223.92
2017-01-31,P234,7,1,223.92
2017-02-28,P234,7,0,223.92
2017-03-31,P234,7,0,223.92
2017-04-30,P234,7,0,223.92
2017-05-31,P234,7,0,223.92
2017-06-30,P234,7,0,223.92
2017-07-31,P234,7,0,223.92
2017-08-31,P234,7,0,223.92
2017-09-30,P234,7,0,223.92
2017-10-31,P234,7,0,223.92
2017-11-30,P234,7,0,223.92
2017-12-31,P234,7,0,223.92
2017-01-31,P235,1,127,207.08
2017-02-28,P235,1,127,207.08
2017-03-31,P235,1,127,207.08
2017-04-30,P235,1,127,207.08
2017-05-31,P235,1,127,207.08
2017-06-30,P235,1,127,207.08
2017-07-31,P235,1,127,207.08
2017-08-31,P235,1,127,207.08
2017-09-30,P235,1,127,207.08
2017-10-31,P235,1,127,207.08
2017-11-30,P235,1,127,207.08
2017-12-31,P235,1,127,207.08
2017-01-31,P235,4,5,207.08
2017-02-28,P235,4,0,207.08
2017-03-31,P235,4,0,207.08
2017-04-30,P235,4,0,207.08
2017-05-31,P235,4,0,207.08
2017-06-30,P235,4,0,207.08
2017-07-31,P235,4,0,207.08
2017-08-31,P235,4,0,207.08
2017-09-30,P235,4,0,207.08
2017-10-31,P235,4,0,207.08
2017-11-30,P235,4,0,207.08
2017-12-31,P235,4,0,207.08
2017-01-31,P235,6,23,207.08
2017-02-28,P235,6,25,207.08
2017-03-31,P235,6,26,207.08
2017-04-30,P235,6,0,207.08
2017-05-31,P235,6,33,207.08
2017-06-30,P235,6,28,207.08
2017-07-31,P235,6,27,207.08
2017-08-31,P235,6,6,207.08
2017-09-30,P235,6,16,207.08
2017-10-31,P235,6,23,207.08
2017-11-30,P235,6,30,207.08
2017-12-31,P235,6,30,207.08
2017-01-31,P236,3,0,227.48
2017-02-28,P236,3,0,227.48
2017-03-31,P236,3,0,227.48
2017-04-30,P236,3,0,227.48
2017-05-31,P236,3,0,227.48
2017-06-30,P236,3,0,227.48
2017-07-31,P236,3,0,227.48
2017-08-31,P236,3,0,227.48
2017-09-30,P236,3,0,227.48
2017-10-31,P236,3,0,227.48
2017-11-30,P236,3,0,227.48
2017-12-31,P236,3,0,227.48
2017-01-31,P236,5,71,227.48
2017-02-28,P236,5,70,227.48
2017-03-31,P236,5,34,227.48
2017-04-30,P236,5,39,227.48
2017-05-31,P236,5,66,227.48
2017-06-30,P236,5,68,227.48
2017-07-31,P236,5,82,227.48
2017-08-31,P236,5,64,227.48
2017-09-30,P236,5,48,227.48
2017-10-31,P236,5,34,227.48
2017-11-30,P236,5,53,227.48
2017-12-31,P236,5,76,227.48
2017-01-31,P236,8,30,227.48
2017-02-28,P236,8,34,227.48
2017-03-31,P236,8,5,227.48
2017-04-30,P236,8,11,227.48
2017-05-31,P236,8,16,227.48
2017-06-30,P236,8,14,227.48
2017-07-31,P236,8,14,227.48
2017-08-31,P236,8,18,227.48
2017-09-30,P236,8,26,227.48
2017-10-31,P236,8,33,227.48
2017-11-30,P236,8,35,227.48
2017-12-31,P236,8,6,227.48
2017-01-31,P237,1,83,239.28
2017-02-28,P237,1,78,239.28
2017-03-31,P237,1,113,239.28
2017-04-30,P237,1,112,239.28
2017-05-31,P237,1,113,239.28
2017-06-30,P237,1,122,239.28
2017-07-31,P237,1,117,239.28
2017-08-31,P237,1,106,239.28
2017-09-30,P237,1,125,239.28
2017-10-31,P237,1,146,239.28
2017-11-30,P237,1,141,239.28
2017-12-31,P237,1,9,239.28
2017-01-31,P237,2,32,239.28
2017-02-28,P237,2,69,239.28
2017-03-31,P237,2,83,239.28
2017-04-30,P237,2,83,239.28
2017-05-31,P237,2,104,239.28
2017-06-30,P237,2,135,239.28
2017-07-31,P237,2,161,239.28
2017-08-31,P237,2,167,239.28
2017-09-30,P237,2,154,239.28
2017-10-31,P237,2,132,239.28
2017-11-30,P237,2,123,239.28
2017-12-31,P237,2,156,239.28
2017-01-31,P237,4,205,239.28
2017-02-28,P237,4,242,239.28
2017-03-31,P237,4,59,239.28
2017-04-30,P237,4,74,239.28
2017-05-31,P237,4,232,239.28
2017-06-30,P237,4,73,239.28
2017-07-31,P237,4,97,239.28
2017-08-31,P237,4,100,239.28
2017-09-30,P237,4,92,239.28
2017-10-31,P237,4,115,239.28
2017-11-30,P237,4,100,239.28
2017-12-31,P237,4,92,239.28
2017-01-31,P238,3,13,35.83
2017-02-28,P238,3,14,35.83
2017-03-31,P238,3,19,35.83
2017-04-30,P238,3,17,35.83
2017-05-31,P238,3,23,35.83
2017-06-30,P238,3,28,35.83
2017-07-31,P238,3,22,35.83
2017-08-31,P238,3,24,35.83
2017-09-30,P238,3,26,35.83
2017-10-31,P238,3,23,35.83
2017-11-30,P238,3,22,35.83
2017-12-31,P238,3,24,35.83
2017-01-31,P238,5,3,35.83
2017-02-28,P238,5,9,35.83
2017-03-31,P238,5,11,35.83
2017-04-30,P238,5,10,35.83
2017-05-31,P238,5,10,35.83
2017-06-30,P238,5,4,35.83
2017-07-31,P238,5,9,35.83
2017-08-31,P238,5,6,35.83
2017-09-30,P238,5,7,35.83
2017-10-31,P238,5,10,35.83
2017-11-30,P238,5,18,35.83
2017-12-31,P238,5,16,35.83
2017-01-31,P238,7,381,35.83
2017-02-28,P238,7,257,35.83
2017-03-31,P238,7,117,35.83
2017-04-30,P238,7,148,35.83
2017-05-31,P238,7,171,35.83
2017-06-30,P238,7,22,35.83
2017-07-31,P238,7,54,35.83
2017-08-31,P238,7,28,35.83
2017-09-30,P238,7,20,35.83
2017-10-31,P238,7,169,35.83
2017-11-30,P238,7,51,35.83
2017-12-31,P238,7,48,35.83
2017-01-31,P239,5,109,47.93
2017-02-28,P239,5,114,47.93
2017-03-31,P239,5,126,47.93
2017-04-30,P239,5,181,47.93
2017-05-31,P239,5,210,47.93
2017-06-30,P239,5,180,47.93
2017-07-31,P239,5,43,47.93
2017-08-31,P239,5,75,47.93
2017-09-30,P239,5,121,47.93
2017-10-31,P239,5,101,47.93
2017-11-30,P239,5,122,47.93
2017-12-31,P239,5,117,47.93
2017-01-31,P239,6,146,47.93
2017-02-28,P239,6,45,47.93
2017-03-31,P239,6,53,47.93
2017-04-30,P239,6,93,47.93
2017-05-31,P239,6,106,47.93
2017-06-30,P239,6,104,47.93
2017-07-31,P239,6,123,47.93
2017-08-31,P239,6,135,47.93
2017-09-30,P239,6,33,47.93
2017-10-31,P239,6,142,47.93
2017-11-30,P239,6,140,47.93
2017-12-31,P239,6,22,47.93
2017-01-31,P239,7,2,47.93
2017-02-28,P239,7,0,47.93
2017-03-31,P239,7,0,47.93
2017-04-30,P239,7,0,47.93
2017-05-31,P239,7,0,47.93
2017-06-30,P239,7,0,47.93
2017-07-31,P239,7,0,47.93
2017-08-31,P239,7,0,47.93
2017-09-30,P239,7,0,47.93
2017-10-31,P239,7,0,47.93
2017-11-30,P239,7,0,47.93
2017-12-31,P239,7,0,47.93
2017-01-31,P240,3,196,87.98
2017-02-28,P240,3,117,87.98
2017-03-31,P240,3,25,87.98
2017-04-30,P240,3,35,87.98
2017-05-31,P240,3,22,87.98
2017-06-30,P240,3,27,87.98
2017-07-31,P240,3,24,87.98
2017-08-31,P240,3,24,87.98
2017-09-30,P240,3,22,87.98
2017-10-31,P240,3,26,87.98
2017-11-30,P240,3,10,87.98
2017-12-31,P240,3,12,87.98
2017-01-31,P240,5,85,87.98
2017-02-28,P240,5,107,87.98
2017-03-31,P240,5,103,87.98
2017-04-30,P240,5,102,87.98
2017-05-31,P240,5,112,87.98
2017-06-30,P240,5,28,87.98
2017-07-31,P240,5,57,87.98
2017-08-31,P240,5,60,87.98
2017-09-30,P240,5,47,87.98
2017-10-31,P240,5,58,87.98
2017-11-30,P240,5,62,87.98
2017-12-31,P240,5,84,87.98
2017-01-31,P240,6,30,87.98
2017-02-28,P240,6,28,87.98
2017-03-31,P240,6,19,87.98
2017-04-30,P240,6,22,87.98
2017-05-31,P240,6,26,87.98
2017-06-30,P240,6,22,87.98
2017-07-31,P240,6,30,87.98
2017-08-31,P240,6,33,87.98
2017-09-30,P240,6,32,87.98
2017-10-31,P240,6,33,87.98
2017-11-30,P240,6,23,87.98
2017-12-31,P240,6,37,87.98
2017-01-31,P241,1,59,157.81
2017-02-28,P241,1,76,157.81
2017-03-31,P241,1,89,157.81
2017-04-30,P241,1,0,157.81
2017-05-31,P241,1,21,157.81
2017-06-30,P241,1,9,157.81
2017-07-31,P241,1,17,157.81
2017-08-31,P241,1,15,157.81
2017-09-30,P241,1,12,157.81
2017-10-31,P241,1,17,157.81
2017-11-30,P241,1,25,157.81
2017-12-31,P241,1,14,157.81
2017-01-31,P241,2,141,157.81
2017-02-28,P241,2,141,157.81
2017-03-31,P241,2,141,157.81
2017-04-30,P241,2,141,157.81
2017-05-31,P241,2,141,157.81
2017-06-30,P241,2,141,157.81
2017-07-31,P241,2,141,157.81
2017-08-31,P241,2,141,157.81
2017-09-30,P241,2,141,157.81
2017-10-31,P241,2,141,157.81
2017-11-30,P241,2,141,157.81
2017-12-31,P241,2,141,157.81
2017-01-31,P241,9,32,157.81
2017-02-28,P241,9,37,157.81
2017-03-31,P241,9,13,157.81
2017-04-30,P241,9,17,157.81
2017-05-31,P241,9,12,157.81
2017-06-30,P241,9,12,157.81
2017-07-31,P241,9,40,157.81
2017-08-31,P241,9,38,157.81
2017-09-30,P241,9,8,157.81
2017-10-31,P241,9,39,157.81
2017-11-30,P241,9,37,157.81
2017-12-31,P241,9,35,157.81
2017-01-31,P242,1,111,61.1
2017-02-28,P242,1,139,61.1
2017-03-31,P242,1,26,61.1
2017-04-30,P242,1,27,61.1
2017-05-31,P242,1,27,61.1
2017-06-30,P242,1,53,61.1
2017-07-31,P242,1,58,61.1
2017-08-31,P242,1,57,61.1
2017-09-30,P242,1,67,61.1
2017-10-31,P242,1,91,61.1
2017-11-30,P242,1,107,61.1
2017-12-31,P242,1,130,61.1
2017-01-31,P242,2,24,61.1
2017-02-28,P242,2,29,61.1
2017-03-31,P242,2,1,61.1
2017-04-30,P242,2,0,61.1
2017-05-31,P242,2,0,61.1
2017-06-30,P242,2,9,61.1
2017-07-31,P242,2,8,61.1
2017-08-31,P242,2,28,61.1
2017-09-30,P242,2,25,61.1
2017-10-31,P242,2,28,61.1
2017-11-30,P242,2,30,61.1
2017-12-31,P242,2,0,61.1
2017-01-31,P242,7,31,61.1
2017-02-28,P242,7,6,61.1
2017-03-31,P242,7,1,61.1
2017-04-30,P242,7,5,61.1
2017-05-31,P242,7,12,61.1
2017-06-30,P242,7,20,61.1
2017-07-31,P242,7,26,61.1
2017-08-31,P242,7,27,61.1
2017-09-30,P242,7,29,61.1
2017-10-31,P242,7,3,61.1
2017-11-30,P242,7,2,61.1
2017-12-31,P242,7,23,61.1
2017-01-31,P243,2,66,92.98
2017-02-28,P243,2,20,92.98
2017-03-31,P243,2,16,92.98
2017-04-30,P243,2,21,92.98
2017-05-31,P243,2,17,92.98
2017-06-30,P243,2,26,92.98
2017-07-31,P243,2,12,92.98
2017-08-31,P243,2,31,92.98
2017-09-30,P243,2,36,92.98
2017-10-31,P243,2,42,92.98
2017-11-30,P243,2,50,92.98
2017-12-31,P243,2,59,92.98
2017-01-31,P243,3,92,92.98
2017-02-28,P243,3,96,92.98
2017-03-31,P243,3,104,92.98
2017-04-30,P243,3,119,92.98
2017-05-31,P243,3,132,92.98
2017-06-30,P243,3,110,92.98
2017-07-31,P243,3,115,92.98
2017-08-31,P243,3,127,92.98
2017-09-30,P243,3,121,92.98
2017-10-31,P243,3,138,92.98
2017-11-30,P243,3,133,92.98
2017-12-31,P243,3,109,92.98
2017-01-31,P243,7,43,92.98
2017-02-28,P243,7,48,92.98
2017-03-31,P243,7,38,92.98
2017-04-30,P243,7,42,92.98
2017-05-31,P243,7,44,92.98
2017-06-30,P243,7,40,92.98
2017-07-31,P243,7,44,92.98
2017-08-31,P243,7,51,92.98
2017-09-30,P243,7,55,92.98
2017-10-31,P243,7,52,92.98
2017-11-30,P243,7,59,92.98
2017-12-31,P243,7,3,92.98
2017-01-31,P244,1,63,40.63
2017-02-28,P244,1,64,40.63
2017-03-31,P244,1,62,40.63
2017-04-30,P244,1,20,40.63
2017-05-31,P244,1,8,40.63
2017-06-30,P244,1,18,40.63
2017-07-31,P244,1,28,40.63
2017-08-31,P244,1,30,40.63
2017-09-30,P244,1,30,40.63
2017-10-31,P244,1,42,40.63
2017-11-30,P244,1,50,40.63
2017-12-31,P244,1,61,40.63
2017-01-31,P244,2,0,40.63
2017-02-28,P244,2,0,40.63
2017-03-31,P244,2,0,40.63
2017-04-30,P244,2,0,40.63
2017-05-31,P244,2,0,40.63
2017-06-30,P244,2,0,40.63
2017-07-31,P244,2,0,40.63
2017-08-31,P244,2,0,40.63
2017-09-30,P244,2,0,40.63
2017-10-31,P244,2,0,40.63
2017-11-30,P244,2,0,40.63
2017-12-31,P244,2,0,40.63
2017-01-31,P244,4,42,40.63
2017-02-28,P244,4,47,40.63
2017-03-31,P244,4,60,40.63
2017-04-30,P244,4,69,40.63
2017-05-31,P244,4,64,40.63
2017-06-30,P244,4,61,40.63
2017-07-31,P244,4,64,40.63
2017-08-31,P244,4,59,40.63
2017-09-30,P244,4,56,40.63
2017-10-31,P244,4,53,40.63
2017-11-30,P244,4,62,40.63
2017-12-31,P244,4,78,40.63
2017-01-31,P245,2,330,260.23
2017-02-28,P245,2,216,260.23
2017-03-31,P245,2,75,260.23
2017-04-30,P245,2,75,260.23
2017-05-31,P245,2,72,260.23
2017-06-30,P245,2,63,260.23
2017-07-31,P245,2,70,260.23
2017-08-31,P245,2,114,260.23
2017-09-30,P245,2,127,260.23
2017-10-31,P245,2,146,260.23
2017-11-30,P245,2,31,260.23
2017-12-31,P245,2,38,260.23
2017-01-31,P245,3,98,260.23
2017-02-28,P245,3,122,260.23
2017-03-31,P245,3,117,260.23
2017-04-30,P245,3,26,260.23
2017-05-31,P245,3,117,260.23
2017-06-30,P245,3,35,260.23
2017-07-31,P245,3,63,260.23
2017-08-31,P245,3,81,260.23
2017-09-30,P245,3,90,260.23
2017-10-31,P245,3,97,260.23
2017-11-30,P245,3,119,260.23
2017-12-31,P245,3,110,260.23
2017-01-31,P245,5,0,260.23
2017-02-28,P245,5,0,260.23
2017-03-31,P245,5,0,260.23
2017-04-30,P245,5,0,260.23
2017-05-31,P245,5,0,260.23
2017-06-30,P245,5,0,260.23
2017-07-31,P245,5,0,260.23
2017-08-31,P245,5,0,260.23
2017-09-30,P245,5,0,260.23
2017-10-31,P245,5,0,260.23
2017-11-30,P245,5,0,260.23
2017-12-31,P245,5,0,260.23
2017-01-31,P246,2,433,209.62
2017-02-28,P246,2,287,209.62
2017-03-31,P246,2,102,209.62
2017-04-30,P246,2,138,209.62
2017-05-31,P246,2,164,209.62
2017-06-30,P246,2,21,209.62
2017-07-31,P246,2,68,209.62
2017-08-31,P246,2,74,209.62
2017-09-30,P246,2,78,209.62
2017-10-31,P246,2,112,209.62
2017-11-30,P246,2,126,209.62
2017-12-31,P246,2,108,209.62
2017-01-31,P246,4,55,209.62
2017-02-28,P246,4,59,209.62
2017-03-31,P246,4,83,209.62
2017-04-30,P246,4,91,209.62
2017-05-31,P246,4,77,209.62
2017-06-30,P246,4,93,209.62
2017-07-31,P246,4,83,209.62
2017-08-31,P246,4,64,209.62
2017-09-30,P246,4,60,209.62
2017-10-31,P246,4,142,209.62
2017-11-30,P246,4,21,209.62
2017-12-31,P246,4,33,209.62
2017-01-31,P246,5,5,209.62
2017-02-28,P246,5,6,209.62
2017-03-31,P246,5,14,209.62
2017-04-30,P246,5,20,209.62
2017-05-31,P246,5,27,209.62
2017-06-30,P246,5,23,209.62
2017-07-31,P246,5,18,209.62
2017-08-31,P246,5,24,209.62
2017-09-30,P246,5,23,209.62
2017-10-31,P246,5,24,209.62
2017-11-30,P246,5,26,209.62
2017-12-31,P246,5,20,209.62
2017-01-31,P247,2,58,61.63
2017-02-28,P247,2,62,61.63
2017-03-31,P247,2,84,61.63
2017-04-30,P247,2,63,61.63
2017-05-31,P247,2,49,61.63
2017-06-30,P247,2,30,61.63
2017-07-31,P247,2,33,61.63
2017-08-31,P247,2,34,61.63
2017-09-30,P247,2,30,61.63
2017-10-31,P247,2,34,61.63
2017-11-30,P247,2,39,61.63
2017-12-31,P247,2,14,61.63
2017-01-31,P247,3,8,61.63
2017-02-28,P247,3,0,61.63
2017-03-31,P247,3,0,61.63
2017-04-30,P247,3,0,61.63
2017-05-31,P247,3,0,61.63
2017-06-30,P247,3,0,61.63
2017-07-31,P247,3,0,61.63
2017-08-31,P247,3,0,61.63
2017-09-30,P247,3,0,61.63
2017-10-31,P247,3,0,61.63
2017-11-30,P247,3,0,61.63
2017-12-31,P247,3,0,61.63
2017-01-31,P247,5,454,61.63
2017-02-28,P247,5,289,61.63
2017-03-31,P247,5,127,61.63
2017-04-30,P247,5,119,61.63
2017-05-31,P247,5,134,61.63
2017-06-30,P247,5,126,61.63
2017-07-31,P247,5,107,61.63
2017-08-31,P247,5,106,61.63
2017-09-30,P247,5,155,61.63
2017-10-31,P247,5,135,61.63
2017-11-30,P247,5,141,61.63
2017-12-31,P247,5,134,61.63
2017-01-31,P248,1,134,72.54
2017-02-28,P248,1,167,72.54
2017-03-31,P248,1,57,72.54
2017-04-30,P248,1,95,72.54
2017-05-31,P248,1,91,72.54
2017-06-30,P248,1,134,72.54
2017-07-31,P248,1,131,72.54
2017-08-31,P248,1,120,72.54
2017-09-30,P248,1,150,72.54
2017-10-31,P248,1,164,72.54
2017-11-30,P248,1,27,72.54
2017-12-31,P248,1,41,72.54
2017-01-31,P248,6,464,72.54
2017-02-28,P248,6,322,72.54
2017-03-31,P248,6,136,72.54
2017-04-30,P248,6,158,72.54
2017-05-31,P248,6,206,72.54
2017-06-30,P248,6,24,72.54
2017-07-31,P248,6,51,72.54
2017-08-31,P248,6,35,72.54
2017-09-30,P248,6,74,72.54
2017-10-31,P248,6,87,72.54
2017-11-30,P248,6,71,72.54
2017-12-31,P248,6,39,72.54
2017-01-31,P248,7,100,72.54
2017-02-28,P248,7,129,72.54
2017-03-31,P248,7,101,72.54
2017-04-30,P248,7,116,72.54
2017-05-31,P248,7,150,72.54
2017-06-30,P248,7,154,72.54
2017-07-31,P248,7,182,72.54
2017-08-31,P248,7,165,72.54
2017-09-30,P248,7,160,72.54
2017-10-31,P248,7,178,72.54
2017-11-30,P248,7,179,72.54
2017-12-31,P248,7,133,72.54
2017-01-31,P249,1,157,37.78
2017-02-28,P249,1,200,37.78
2017-03-31,P249,1,173,37.78
2017-04-30,P249,1,0,37.78
2017-05-31,P249,1,26,37.78
2017-06-30,P249,1,60,37.78
2017-07-31,P249,1,58,37.78
2017-08-31,P249,1,59,37.78
2017-09-30,P249,1,89,37.78
2017-10-31,P249,1,87,37.78
2017-11-30,P249,1,100,37.78
2017-12-31,P249,1,133,37.78
2017-01-31,P249,3,83,37.78
2017-02-28,P249,3,59,37.78
2017-03-31,P249,3,28,37.78
2017-04-30,P249,3,27,37.78
2017-05-31,P249,3,21,37.78
2017-06-30,P249,3,24,37.78
2017-07-31,P249,3,22,37.78
2017-08-31,P249,3,27,37.78
2017-09-30,P249,3,26,37.78
2017-10-31,P249,3,21,37.78
2017-11-30,P249,3,21,37.78
2017-12-31,P249,3,24,37.78
2017-01-31,P249,4,390,37.78
2017-02-28,P249,4,246,37.78
2017-03-31,P249,4,125,37.78
2017-04-30,P249,4,105,37.78
2017-05-31,P249,4,77,37.78
2017-06-30,P249,4,79,37.78
2017-07-31,P249,4,113,37.78
2017-08-31,P249,4,102,37.78
2017-09-30,P249,4,139,37.78
2017-10-31,P249,4,142,37.78
2017-11-30,P249,4,119,37.78
2017-12-31,P249,4,105,37.78
2017-01-31,P250,3,38,42.18
2017-02-28,P250,3,42,42.18
2017-03-31,P250,3,13,42.18
2017-04-30,P250,3,30,42.18
2017-05-31,P250,3,42,42.18
2017-06-30,P250,3,14,42.18
2017-07-31,P250,3,36,42.18
2017-08-31,P250,3,9,42.18
2017-09-30,P250,3,16,42.18
2017-10-31,P250,3,13,42.18
2017-11-30,P250,3,11,42.18
2017-12-31,P250,3,16,42.18
2017-01-31,P250,6,31,42.18
2017-02-28,P250,6,64,42.18
2017-03-31,P250,6,53,42.18
2017-04-30,P250,6,40,42.18
2017-05-31,P250,6,190,42.18
2017-06-30,P250,6,174,42.18
2017-07-31,P250,6,156,42.18
2017-08-31,P250,6,189,42.18
2017-09-30,P250,6,29,42.18
2017-10-31,P250,6,198,42.18
2017-11-30,P250,6,200,42.18
2017-12-31,P250,6,27,42.18
2017-01-31,P250,7,54,42.18
2017-02-28,P250,7,56,42.18
2017-03-31,P250,7,55,42.18
2017-04-30,P250,7,3,42.18
2017-05-31,P250,7,65,42.18
2017-06-30,P250,7,60,42.18
2017-07-31,P250,7,72,42.18
2017-08-31,P250,7,62,42.18
2017-09-30,P250,7,62,42.18
2017-10-31,P250,7,71,42.18
2017-11-30,P250,7,11,42.18
2017-12-31,P250,7,10,42.18
2017-01-31,P251,1,165,1153.64
2017-02-28,P251,1,193,1153.64
2017-03-31,P251,1,25,1153.64
2017-04-30,P251,1,73,1153.64
2017-05-31,P251,1,84,1153.64
2017-06-30,P251,1,64,1153.64
2017-07-31,P251,1,69,1153.64
2017-08-31,P251,1,92,1153.64
2017-09-30,P251,1,85,1153.64
2017-10-31,P251,1,93,1153.64
2017-11-30,P251,1,64,1153.64
2017-12-31,P251,1,76,1153.64
2017-01-31,P251,6,104,1153.64
2017-02-28,P251,6,26,1153.64
2017-03-31,P251,6,41,1153.64
2017-04-30,P251,6,40,1153.64
2017-05-31,P251,6,24,1153.64
2017-06-30,P251,6,30,1153.64
2017-07-31,P251,6,35,1153.64
2017-08-31,P251,6,21,1153.64
2017-09-30,P251,6,16,1153.64
2017-10-31,P251,6,31,1153.64
2017-11-30,P251,6,33,1153.64
2017-12-31,P251,6,72,1153.64
2017-01-31,P251,7,10,1153.64
2017-02-28,P251,7,0,1153.64
2017-03-31,P251,7,0,1153.64
2017-04-30,P251,7,0,1153.64
2017-05-31,P251,7,0,1153.64
2017-06-30,P251,7,0,1153.64
2017-07-31,P251,7,0,1153.64
2017-08-31,P251,7,0,1153.64
2017-09-30,P251,7,0,1153.64
2017-10-31,P251,7,0,1153.64
2017-11-30,P251,7,0,1153.64
2017-12-31,P251,7,0,1153.64
2017-01-31,P252,3,373,7123.66
2017-02-28,P252,3,291,7123.66
2017-03-31,P252,3,169,7123.66
2017-04-30,P252,3,63,7123.66
2017-05-31,P252,3,83,7123.66
2017-06-30,P252,3,97,7123.66
2017-07-31,P252,3,90,7123.66
2017-08-31,P252,3,72,7123.66
2017-09-30,P252,3,72,7123.66
2017-10-31,P252,3,65,7123.66
2017-11-30,P252,3,56,7123.66
2017-12-31,P252,3,59,7123.66
2017-01-31,P252,6,68,7123.66
2017-02-28,P252,6,69,7123.66
2017-03-31,P252,6,67,7123.66
2017-04-30,P252,6,4,7123.66
2017-05-31,P252,6,9,7123.66
2017-06-30,P252,6,20,7123.66
2017-07-31,P252,6,27,7123.66
2017-08-31,P252,6,35,7123.66
2017-09-30,P252,6,30,7123.66
2017-10-31,P252,6,38,7123.66
2017-11-30,P252,6,52,7123.66
2017-12-31,P252,6,61,7123.66
2017-01-31,P252,7,9,7123.66
2017-02-28,P252,7,23,7123.66
2017-03-31,P252,7,26,7123.66
2017-04-30,P252,7,34,7123.66
2017-05-31,P252,7,31,7123.66
2017-06-30,P252,7,33,7123.66
2017-07-31,P252,7,33,7123.66
2017-08-31,P252,7,32,7123.66
2017-09-30,P252,7,35,7123.66
2017-10-31,P252,7,34,7123.66
2017-11-30,P252,7,11,7123.66
2017-12-31,P252,7,10,7123.66
2017-01-31,P253,3,120,7123.66
2017-02-28,P253,3,116,7123.66
2017-03-31,P253,3,139,7123.66
2017-04-30,P253,3,0,7123.66
2017-05-31,P253,3,50,7123.66
2017-06-30,P253,3,66,7123.66
2017-07-31,P253,3,49,7123.66
2017-08-31,P253,3,30,7123.66
2017-09-30,P253,3,25,7123.66
2017-10-31,P253,3,17,7123.66
2017-11-30,P253,3,12,7123.66
2017-12-31,P253,3,0,7123.66
2017-01-31,P253,8,43,7123.66
2017-02-28,P253,8,61,7123.66
2017-03-31,P253,8,61,7123.66
2017-04-30,P253,8,92,7123.66
2017-05-31,P253,8,95,7123.66
2017-06-30,P253,8,83,7123.66
2017-07-31,P253,8,88,7123.66
2017-08-31,P253,8,90,7123.66
2017-09-30,P253,8,83,7123.66
2017-10-31,P253,8,79,7123.66
2017-11-30,P253,8,35,7123.66
2017-12-31,P253,8,5,7123.66
2017-01-31,P253,9,14,7123.66
2017-02-28,P253,9,23,7123.66
2017-03-31,P253,9,26,7123.66
2017-04-30,P253,9,17,7123.66
2017-05-31,P253,9,24,7123.66
2017-06-30,P253,9,22,7123.66
2017-07-31,P253,9,21,7123.66
2017-08-31,P253,9,21,7123.66
2017-09-30,P253,9,26,7123.66
2017-10-31,P253,9,36,7123.66
2017-11-30,P253,9,42,7123.66
2017-12-31,P253,9,51,7123.66
2017-01-31,P254,4,97,7123.66
2017-02-28,P254,4,161,7123.66
2017-03-31,P254,4,17,7123.66
2017-04-30,P254,4,31,7123.66
2017-05-31,P254,4,73,7123.66
2017-06-30,P254,4,77,7123.66
2017-07-31,P254,4,52,7123.66
2017-08-31,P254,4,94,7123.66
2017-09-30,P254,4,111,7123.66
2017-10-31,P254,4,110,7123.66
2017-11-30,P254,4,122,7123.66
2017-12-31,P254,4,139,7123.66
2017-01-31,P254,6,0,7123.66
2017-02-28,P254,6,0,7123.66
2017-03-31,P254,6,0,7123.66
2017-04-30,P254,6,0,7123.66
2017-05-31,P254,6,0,7123.66
2017-06-30,P254,6,0,7123.66
2017-07-31,P254,6,0,7123.66
2017-08-31,P254,6,0,7123.66
2017-09-30,P254,6,0,7123.66
2017-10-31,P254,6,0,7123.66
2017-11-30,P254,6,0,7123.66
2017-12-31,P254,6,0,7123.66
2017-01-31,P254,8,64,7123.66
2017-02-28,P254,8,60,7123.66
2017-03-31,P254,8,75,7123.66
2017-04-30,P254,8,84,7123.66
2017-05-31,P254,8,88,7123.66
2017-06-30,P254,8,76,7123.66
2017-07-31,P254,8,88,7123.66
2017-08-31,P254,8,86,7123.66
2017-09-30,P254,8,76,7123.66
2017-10-31,P254,8,80,7123.66
2017-11-30,P254,8,82,7123.66
2017-12-31,P254,8,98,7123.66
2017-01-31,P255,3,92,7123.66
2017-02-28,P255,3,23,7123.66
2017-03-31,P255,3,42,7123.66
2017-04-30,P255,3,49,7123.66
2017-05-31,P255,3,31,7123.66
2017-06-30,P255,3,32,7123.66
2017-07-31,P255,3,31,7123.66
2017-08-31,P255,3,39,7123.66
2017-09-30,P255,3,47,7123.66
2017-10-31,P255,3,45,7123.66
2017-11-30,P255,3,59,7123.66
2017-12-31,P255,3,86,7123.66
2017-01-31,P255,6,59,7123.66
2017-02-28,P255,6,29,7123.66
2017-03-31,P255,6,27,7123.66
2017-04-30,P255,6,21,7123.66
2017-05-31,P255,6,31,7123.66
2017-06-30,P255,6,0,7123.66
2017-07-31,P255,6,5,7123.66
2017-08-31,P255,6,9,7123.66
2017-09-30,P255,6,16,7123.66
2017-10-31,P255,6,13,7123.66
2017-11-30,P255,6,23,7123.66
2017-12-31,P255,6,7,7123.66
2017-01-31,P255,8,97,7123.66
2017-02-28,P255,8,13,7123.66
2017-03-31,P255,8,7,7123.66
2017-04-30,P255,8,14,7123.66
2017-05-31,P255,8,93,7123.66
2017-06-30,P255,8,82,7123.66
2017-07-31,P255,8,80,7123.66
2017-08-31,P255,8,89,7123.66
2017-09-30,P255,8,0,7123.66
2017-10-31,P255,8,98,7123.66
2017-11-30,P255,8,14,7123.66
2017-12-31,P255,8,27,7123.66
2017-01-31,P256,1,80,7123.66
2017-02-28,P256,1,23,7123.66
2017-03-31,P256,1,28,7123.66
2017-04-30,P256,1,31,7123.66
2017-05-31,P256,1,36,7123.66
2017-06-30,P256,1,48,7123.66
2017-07-31,P256,1,56,7123.66
2017-08-31,P256,1,61,7123.66
2017-09-30,P256,1,75,7123.66
2017-10-31,P256,1,70,7123.66
2017-11-30,P256,1,72,7123.66
2017-12-31,P256,1,9,7123.66
2017-01-31,P256,6,0,7123.66
2017-02-28,P256,6,0,7123.66
2017-03-31,P256,6,0,7123.66
2017-04-30,P256,6,0,7123.66
2017-05-31,P256,6,0,7123.66
2017-06-30,P256,6,0,7123.66
2017-07-31,P256,6,0,7123.66
2017-08-31,P256,6,0,7123.66
2017-09-30,P256,6,0,7123.66
2017-10-31,P256,6,0,7123.66
2017-11-30,P256,6,0,7123.66
2017-12-31,P256,6,0,7123.66
2017-01-31,P256,9,73,7123.66
2017-02-28,P256,9,111,7123.66
2017-03-31,P256,9,136,7123.66
2017-04-30,P256,9,157,7123.66
2017-05-31,P256,9,137,7123.66
2017-06-30,P256,9,182,7123.66
2017-07-31,P256,9,201,7123.66
2017-08-31,P256,9,37,7123.66
2017-09-30,P256,9,51,7123.66
2017-10-31,P256,9,54,7123.66
2017-11-30,P256,9,50,7123.66
2017-12-31,P256,9,57,7123.66
2017-01-31,P257,2,15,7123.66
2017-02-28,P257,2,33,7123.66
2017-03-31,P257,2,52,7123.66
2017-04-30,P257,2,0,7123.66
2017-05-31,P257,2,57,7123.66
2017-06-30,P257,2,2,7123.66
2017-07-31,P257,2,61,7123.66
2017-08-31,P257,2,6,7123.66
2017-09-30,P257,2,5,7123.66
2017-10-31,P257,2,56,7123.66
2017-11-30,P257,2,58,7123.66
2017-12-31,P257,2,5,7123.66
2017-01-31,P257,4,45,7123.66
2017-02-28,P257,4,53,7123.66
2017-03-31,P257,4,65,7123.66
2017-04-30,P257,4,60,7123.66
2017-05-31,P257,4,68,7123.66
2017-06-30,P257,4,2,7123.66
2017-07-31,P257,4,19,7123.66
2017-08-31,P257,4,31,7123.66
2017-09-30,P257,4,36,7123.66
2017-10-31,P257,4,36,7123.66
2017-11-30,P257,4,52,7123.66
2017-12-31,P257,4,63,7123.66
2017-01-31,P257,8,386,7123.66
2017-02-28,P257,8,261,7123.66
2017-03-31,P257,8,129,7123.66
2017-04-30,P257,8,137,7123.66
2017-05-31,P257,8,148,7123.66
2017-06-30,P257,8,41,7123.66
2017-07-31,P257,8,77,7123.66
2017-08-31,P257,8,103,7123.66
2017-09-30,P257,8,110,7123.66
2017-10-31,P257,8,93,7123.66
2017-11-30,P257,8,79,7123.66
2017-12-31,P257,8,96,7123.66
2017-01-31,P258,1,57,7123.66
2017-02-28,P258,1,56,7123.66
2017-03-31,P258,1,86,7123.66
2017-04-30,P258,1,67,7123.66
2017-05-31,P258,1,62,7123.66
2017-06-30,P258,1,93,7123.66
2017-07-31,P258,1,81,7123.66
2017-08-31,P258,1,62,7123.66
2017-09-30,P258,1,82,7123.66
2017-10-31,P258,1,52,7123.66
2017-11-30,P258,1,58,7123.66
2017-12-31,P258,1,28,7123.66
2017-01-31,P258,2,68,7123.66
2017-02-28,P258,2,101,7123.66
2017-03-31,P258,2,114,7123.66
2017-04-30,P258,2,4,7123.66
2017-05-31,P258,2,33,7123.66
2017-06-30,P258,2,18,7123.66
2017-07-31,P258,2,21,7123.66
2017-08-31,P258,2,9,7123.66
2017-09-30,P258,2,30,7123.66
2017-10-31,P258,2,39,7123.66
2017-11-30,P258,2,19,7123.66
2017-12-31,P258,2,12,7123.66
2017-01-31,P258,7,89,7123.66
2017-02-28,P258,7,89,7123.66
2017-03-31,P258,7,89,7123.66
2017-04-30,P258,7,89,7123.66
2017-05-31,P258,7,89,7123.66
2017-06-30,P258,7,89,7123.66
2017-07-31,P258,7,89,7123.66
2017-08-31,P258,7,89,7123.66
2017-09-30,P258,7,89,7123.66
2017-10-31,P258,7,89,7123.66
2017-11-30,P258,7,89,7123.66
2017-12-31,P258,7,89,7123.66
2017-01-31,P259,1,80,7123.66
2017-02-28,P259,1,125,7123.66
2017-03-31,P259,1,124,7123.66
2017-04-30,P259,1,80,7123.66
2017-05-31,P259,1,87,7123.66
2017-06-30,P259,1,83,7123.66
2017-07-31,P259,1,49,7123.66
2017-08-31,P259,1,39,7123.66
2017-09-30,P259,1,5,7123.66
2017-10-31,P259,1,169,7123.66
2017-11-30,P259,1,46,7123.66
2017-12-31,P259,1,32,7123.66
2017-01-31,P259,5,76,7123.66
2017-02-28,P259,5,44,7123.66
2017-03-31,P259,5,14,7123.66
2017-04-30,P259,5,11,7123.66
2017-05-31,P259,5,8,7123.66
2017-06-30,P259,5,10,7123.66
2017-07-31,P259,5,6,7123.66
2017-08-31,P259,5,2,7123.66
2017-09-30,P259,5,7,7123.66
2017-10-31,P259,5,13,7123.66
2017-11-30,P259,5,14,7123.66
2017-12-31,P259,5,14,7123.66
2017-01-31,P259,9,49,7123.66
2017-02-28,P259,9,3,7123.66
2017-03-31,P259,9,6,7123.66
2017-04-30,P259,9,0,7123.66
2017-05-31,P259,9,27,7123.66
2017-06-30,P259,9,20,7123.66
2017-07-31,P259,9,24,7123.66
2017-08-31,P259,9,27,7123.66
2017-09-30,P259,9,44,7123.66
2017-10-31,P259,9,45,7123.66
2017-11-30,P259,9,54,7123.66
2017-12-31,P259,9,0,7123.66
2017-01-31,P260,6,218,7123.66
2017-02-28,P260,6,126,7123.66
2017-03-31,P260,6,36,7123.66
2017-04-30,P260,6,41,7123.66
2017-05-31,P260,6,19,7123.66
2017-06-30,P260,6,30,7123.66
2017-07-31,P260,6,32,7123.66
2017-08-31,P260,6,24,7123.66
2017-09-30,P260,6,47,7123.66
2017-10-31,P260,6,58,7123.66
2017-11-30,P260,6,61,7123.66
2017-12-31,P260,6,67,7123.66
2017-01-31,P260,7,0,7123.66
2017-02-28,P260,7,0,7123.66
2017-03-31,P260,7,0,7123.66
2017-04-30,P260,7,0,7123.66
2017-05-31,P260,7,0,7123.66
2017-06-30,P260,7,0,7123.66
2017-07-31,P260,7,0,7123.66
2017-08-31,P260,7,0,7123.66
2017-09-30,P260,7,0,7123.66
2017-10-31,P260,7,0,7123.66
2017-11-30,P260,7,0,7123.66
2017-12-31,P260,7,0,7123.66
2017-01-31,P260,9,478,7123.66
2017-02-28,P260,9,306,7123.66
2017-03-31,P260,9,90,7123.66
2017-04-30,P260,9,134,7123.66
2017-05-31,P260,9,109,7123.66
2017-06-30,P260,9,107,7123.66
2017-07-31,P260,9,119,7123.66
2017-08-31,P260,9,104,7123.66
2017-09-30,P260,9,121,7123.66
2017-10-31,P260,9,119,7123.66
2017-11-30,P260,9,141,7123.66
2017-12-31,P260,9,146,7123.66
2017-01-31,P261,1,46,7123.66
2017-02-28,P261,1,46,7123.66
2017-03-31,P261,1,42,7123.66
2017-04-30,P261,1,46,7123.66
2017-05-31,P261,1,30,7123.66
2017-06-30,P261,1,40,7123.66
2017-07-31,P261,1,63,7123.66
2017-08-31,P261,1,56,7123.66
2017-09-30,P261,1,62,7123.66
2017-10-31,P261,1,54,7123.66
2017-11-30,P261,1,60,7123.66
2017-12-31,P261,1,95,7123.66
2017-01-31,P261,5,0,7123.66
2017-02-28,P261,5,0,7123.66
2017-03-31,P261,5,0,7123.66
2017-04-30,P261,5,0,7123.66
2017-05-31,P261,5,0,7123.66
2017-06-30,P261,5,0,7123.66
2017-07-31,P261,5,0,7123.66
2017-08-31,P261,5,0,7123.66
2017-09-30,P261,5,0,7123.66
2017-10-31,P261,5,0,7123.66
2017-11-30,P261,5,0,7123.66
2017-12-31,P261,5,0,7123.66
2017-01-31,P261,7,124,7123.66
2017-02-28,P261,7,165,7123.66
2017-03-31,P261,7,125,7123.66
2017-04-30,P261,7,177,7123.66
2017-05-31,P261,7,193,7123.66
2017-06-30,P261,7,184,7123.66
2017-07-31,P261,7,189,7123.66
2017-08-31,P261,7,193,7123.66
2017-09-30,P261,7,22,7123.66
2017-10-31,P261,7,205,7123.66
2017-11-30,P261,7,72,7123.66
2017-12-31,P261,7,97,7123.66
2017-01-31,P262,1,96,7123.66
2017-02-28,P262,1,94,7123.66
2017-03-31,P262,1,103,7123.66
2017-04-30,P262,1,122,7123.66
2017-05-31,P262,1,137,7123.66
2017-06-30,P262,1,127,7123.66
2017-07-31,P262,1,150,7123.66
2017-08-31,P262,1,170,7123.66
2017-09-30,P262,1,153,7123.66
2017-10-31,P262,1,141,7123.66
2017-11-30,P262,1,138,7123.66
2017-12-31,P262,1,152,7123.66
2017-01-31,P262,2,113,7123.66
2017-02-28,P262,2,113,7123.66
2017-03-31,P262,2,113,7123.66
2017-04-30,P262,2,113,7123.66
2017-05-31,P262,2,113,7123.66
2017-06-30,P262,2,113,7123.66
2017-07-31,P262,2,113,7123.66
2017-08-31,P262,2,113,7123.66
2017-09-30,P262,2,113,7123.66
2017-10-31,P262,2,113,7123.66
2017-11-30,P262,2,113,7123.66
2017-12-31,P262,2,113,7123.66
2017-01-31,P262,4,96,7123.66
2017-02-28,P262,4,130,7123.66
2017-03-31,P262,4,0,7123.66
2017-04-30,P262,4,0,7123.66
2017-05-31,P262,4,0,7123.66
2017-06-30,P262,4,52,7123.66
2017-07-31,P262,4,118,7123.66
2017-08-31,P262,4,98,7123.66
2017-09-30,P262,4,122,7123.66
2017-10-31,P262,4,154,7123.66
2017-11-30,P262,4,17,7123.66
2017-12-31,P262,4,21,7123.66
2017-01-31,P263,3,68,7123.66
2017-02-28,P263,3,24,7123.66
2017-03-31,P263,3,24,7123.66
2017-04-30,P263,3,28,7123.66
2017-05-31,P263,3,33,7123.66
2017-06-30,P263,3,51,7123.66
2017-07-31,P263,3,45,7123.66
2017-08-31,P263,3,39,7123.66
2017-09-30,P263,3,42,7123.66
2017-10-31,P263,3,40,7123.66
2017-11-30,P263,3,64,7123.66
2017-12-31,P263,3,63,7123.66
2017-01-31,P263,4,21,7123.66
2017-02-28,P263,4,23,7123.66
2017-03-31,P263,4,23,7123.66
2017-04-30,P263,4,24,7123.66
2017-05-31,P263,4,27,7123.66
2017-06-30,P263,4,35,7123.66
2017-07-31,P263,4,11,7123.66
2017-08-31,P263,4,18,7123.66
2017-09-30,P263,4,20,7123.66
2017-10-31,P263,4,22,7123.66
2017-11-30,P263,4,25,7123.66
2017-12-31,P263,4,27,7123.66
2017-01-31,P263,9,0,7123.66
2017-02-28,P263,9,0,7123.66
2017-03-31,P263,9,0,7123.66
2017-04-30,P263,9,0,7123.66
2017-05-31,P263,9,0,7123.66
2017-06-30,P263,9,0,7123.66
2017-07-31,P263,9,0,7123.66
2017-08-31,P263,9,0,7123.66
2017-09-30,P263,9,0,7123.66
2017-10-31,P263,9,0,7123.66
2017-11-30,P263,9,0,7123.66
2017-12-31,P263,9,0,7123.66
2017-01-31,P264,1,88,7123.66
2017-02-28,P264,1,59,7123.66
2017-03-31,P264,1,27,7123.66
2017-04-30,P264,1,19,7123.66
2017-05-31,P264,1,23,7123.66
2017-06-30,P264,1,26,7123.66
2017-07-31,P264,1,28,7123.66
2017-08-31,P264,1,34,7123.66
2017-09-30,P264,1,11,7123.66
2017-10-31,P264,1,17,7123.66
2017-11-30,P264,1,23,7123.66
2017-12-31,P264,1,19,7123.66
2017-01-31,P264,3,30,7123.66
2017-02-28,P264,3,55,7123.66
2017-03-31,P264,3,72,7123.66
2017-04-30,P264,3,10,7123.66
2017-05-31,P264,3,70,7123.66
2017-06-30,P264,3,9,7123.66
2017-07-31,P264,3,25,7123.66
2017-08-31,P264,3,21,7123.66
2017-09-30,P264,3,22,7123.66
2017-10-31,P264,3,37,7123.66
2017-11-30,P264,3,44,7123.66
2017-12-31,P264,3,51,7123.66
2017-01-31,P264,6,121,7123.66
2017-02-28,P264,6,6,7123.66
2017-03-31,P264,6,24,7123.66
2017-04-30,P264,6,0,7123.66
2017-05-31,P264,6,8,7123.66
2017-06-30,P264,6,62,7123.66
2017-07-31,P264,6,51,7123.66
2017-08-31,P264,6,69,7123.66
2017-09-30,P264,6,76,7123.66
2017-10-31,P264,6,86,7123.66
2017-11-30,P264,6,106,7123.66
2017-12-31,P264,6,0,7123.66
2017-01-31,P265,1,98,7123.66
2017-02-28,P265,1,23,7123.66
2017-03-31,P265,1,32,7123.66
2017-04-30,P265,1,42,7123.66
2017-05-31,P265,1,46,7123.66
2017-06-30,P265,1,47,7123.66
2017-07-31,P265,1,44,7123.66
2017-08-31,P265,1,43,7123.66
2017-09-30,P265,1,54,7123.66
2017-10-31,P265,1,26,7123.66
2017-11-30,P265,1,36,7123.66
2017-12-31,P265,1,9,7123.66
2017-01-31,P265,2,0,7123.66
2017-02-28,P265,2,0,7123.66
2017-03-31,P265,2,0,7123.66
2017-04-30,P265,2,0,7123.66
2017-05-31,P265,2,0,7123.66
2017-06-30,P265,2,0,7123.66
2017-07-31,P265,2,0,7123.66
2017-08-31,P265,2,0,7123.66
2017-09-30,P265,2,0,7123.66
2017-10-31,P265,2,0,7123.66
2017-11-30,P265,2,0,7123.66
2017-12-31,P265,2,0,7123.66
2017-01-31,P265,6,54,7123.66
2017-02-28,P265,6,65,7123.66
2017-03-31,P265,6,63,7123.66
2017-04-30,P265,6,61,7123.66
2017-05-31,P265,6,65,7123.66
2017-06-30,P265,6,59,7123.66
2017-07-31,P265,6,51,7123.66
2017-08-31,P265,6,67,7123.66
2017-09-30,P265,6,1,7123.66
2017-10-31,P265,6,27,7123.66
2017-11-30,P265,6,36,7123.66
2017-12-31,P265,6,50,7123.66
2017-01-31,P266,4,165,7123.66
2017-02-28,P266,4,207,7123.66
2017-03-31,P266,4,219,7123.66
2017-04-30,P266,4,180,7123.66
2017-05-31,P266,4,212,7123.66
2017-06-30,P266,4,217,7123.66
2017-07-31,P266,4,227,7123.66
2017-08-31,P266,4,219,7123.66
2017-09-30,P266,4,225,7123.66
2017-10-31,P266,4,210,7123.66
2017-11-30,P266,4,231,7123.66
2017-12-31,P266,4,48,7123.66
2017-01-31,P266,5,6,7123.66
2017-02-28,P266,5,10,7123.66
2017-03-31,P266,5,6,7123.66
2017-04-30,P266,5,2,7123.66
2017-05-31,P266,5,32,7123.66
2017-06-30,P266,5,2,7123.66
2017-07-31,P266,5,15,7123.66
2017-08-31,P266,5,21,7123.66
2017-09-30,P266,5,25,7123.66
2017-10-31,P266,5,22,7123.66
2017-11-30,P266,5,23,7123.66
2017-12-31,P266,5,15,7123.66
2017-01-31,P266,8,17,7123.66
2017-02-28,P266,8,11,7123.66
2017-03-31,P266,8,18,7123.66
2017-04-30,P266,8,21,7123.66
2017-05-31,P266,8,36,7123.66
2017-06-30,P266,8,60,7123.66
2017-07-31,P266,8,79,7123.66
2017-08-31,P266,8,85,7123.66
2017-09-30,P266,8,0,7123.66
2017-10-31,P266,8,82,7123.66
2017-11-30,P266,8,76,7123.66
2017-12-31,P266,8,75,7123.66
2017-01-31,P267,4,75,7123.66
2017-02-28,P267,4,107,7123.66
2017-03-31,P267,4,113,7123.66
2017-04-30,P267,4,152,7123.66
2017-05-31,P267,4,163,7123.66
2017-06-30,P267,4,25,7123.66
2017-07-31,P267,4,66,7123.66
2017-08-31,P267,4,83,7123.66
2017-09-30,P267,4,80,7123.66
2017-10-31,P267,4,74,7123.66
2017-11-30,P267,4,95,7123.66
2017-12-31,P267,4,88,7123.66
2017-01-31,P267,5,165,7123.66
2017-02-28,P267,5,157,7123.66
2017-03-31,P267,5,156,7123.66
2017-04-30,P267,5,144,7123.66
2017-05-31,P267,5,180,7123.66
2017-06-30,P267,5,164,7123.66
2017-07-31,P267,5,166,7123.66
2017-08-31,P267,5,168,7123.66
2017-09-30,P267,5,175,7123.66
2017-10-31,P267,5,160,7123.66
2017-11-30,P267,5,172,7123.66
2017-12-31,P267,5,195,7123.66
2017-01-31,P267,9,143,7123.66
2017-02-28,P267,9,90,7123.66
2017-03-31,P267,9,18,7123.66
2017-04-30,P267,9,27,7123.66
2017-05-31,P267,9,27,7123.66
2017-06-30,P267,9,38,7123.66
2017-07-31,P267,9,39,7123.66
2017-08-31,P267,9,28,7123.66
2017-09-30,P267,9,19,7123.66
2017-10-31,P267,9,32,7123.66
2017-11-30,P267,9,46,7123.66
2017-12-31,P267,9,47,7123.66
2017-01-31,P268,2,0,7123.66
2017-02-28,P268,2,0,7123.66
2017-03-31,P268,2,0,7123.66
2017-04-30,P268,2,0,7123.66
2017-05-31,P268,2,0,7123.66
2017-06-30,P268,2,0,7123.66
2017-07-31,P268,2,0,7123.66
2017-08-31,P268,2,0,7123.66
2017-09-30,P268,2,0,7123.66
2017-10-31,P268,2,0,7123.66
2017-11-30,P268,2,0,7123.66
2017-12-31,P268,2,0,7123.66
2017-01-31,P268,7,179,7123.66
2017-02-28,P268,7,68,7123.66
2017-03-31,P268,7,105,7123.66
2017-04-30,P268,7,118,7123.66
2017-05-31,P268,7,76,7123.66
2017-06-30,P268,7,81,7123.66
2017-07-31,P268,7,67,7123.66
2017-08-31,P268,7,87,7123.66
2017-09-30,P268,7,98,7123.66
2017-10-31,P268,7,130,7123.66
2017-11-30,P268,7,134,7123.66
2017-12-31,P268,7,156,7123.66
2017-01-31,P268,9,104,7123.66
2017-02-28,P268,9,143,7123.66
2017-03-31,P268,9,139,7123.66
2017-04-30,P268,9,152,7123.66
2017-05-31,P268,9,153,7123.66
2017-06-30,P268,9,161,7123.66
2017-07-31,P268,9,168,7123.66
2017-08-31,P268,9,167,7123.66
2017-09-30,P268,9,163,7123.66
2017-10-31,P268,9,170,7123.66
2017-11-30,P268,9,174,7123.66
2017-12-31,P268,9,0,7123.66
2017-01-31,P269,3,51,7123.66
2017-02-28,P269,3,47,7123.66
2017-03-31,P269,3,54,7123.66
2017-04-30,P269,3,59,7123.66
2017-05-31,P269,3,63,7123.66
2017-06-30,P269,3,46,7123.66
2017-07-31,P269,3,38,7123.66
2017-08-31,P269,3,44,7123.66
2017-09-30,P269,3,58,7123.66
2017-10-31,P269,3,10,7123.66
2017-11-30,P269,3,19,7123.66
2017-12-31,P269,3,24,7123.66
2017-01-31,P269,4,24,7123.66
2017-02-28,P269,4,34,7123.66
2017-03-31,P269,4,0,7123.66
2017-04-30,P269,4,6,7123.66
2017-05-31,P269,4,13,7123.66
2017-06-30,P269,4,17,7123.66
2017-07-31,P269,4,19,7123.66
2017-08-31,P269,4,19,7123.66
2017-09-30,P269,4,20,7123.66
2017-10-31,P269,4,23,7123.66
2017-11-30,P269,4,30,7123.66
2017-12-31,P269,4,5,7123.66
2017-01-31,P269,8,60,7123.66
2017-02-28,P269,8,89,7123.66
2017-03-31,P269,8,116,7123.66
2017-04-30,P269,8,123,7123.66
2017-05-31,P269,8,105,7123.66
2017-06-30,P269,8,128,7123.66
2017-07-31,P269,8,113,7123.66
2017-08-31,P269,8,127,7123.66
2017-09-30,P269,8,157,7123.66
2017-10-31,P269,8,120,7123.66
2017-11-30,P269,8,130,7123.66
2017-12-31,P269,8,120,7123.66
2017-01-31,P270,4,35,7123.66
2017-02-28,P270,4,55,7123.66
2017-03-31,P270,4,61,7123.66
2017-04-30,P270,4,80,7123.66
2017-05-31,P270,4,82,7123.66
2017-06-30,P270,4,80,7123.66
2017-07-31,P270,4,91,7123.66
2017-08-31,P270,4,89,7123.66
2017-09-30,P270,4,0,7123.66
2017-10-31,P270,4,90,7123.66
2017-11-30,P270,4,86,7123.66
2017-12-31,P270,4,12,7123.66
2017-01-31,P270,7,143,7123.66
2017-02-28,P270,7,151,7123.66
2017-03-31,P270,7,161,7123.66
2017-04-30,P270,7,22,7123.66
2017-05-31,P270,7,68,7123.66
2017-06-30,P270,7,82,7123.66
2017-07-31,P270,7,92,7123.66
2017-08-31,P270,7,65,7123.66
2017-09-30,P270,7,106,7123.66
2017-10-31,P270,7,78,7123.66
2017-11-30,P270,7,91,7123.66
2017-12-31,P270,7,78,7123.66
2017-01-31,P270,9,55,7123.66
2017-02-28,P270,9,1,7123.66
2017-03-31,P270,9,12,7123.66
2017-04-30,P270,9,16,7123.66
2017-05-31,P270,9,15,7123.66
2017-06-30,P270,9,27,7123.66
2017-07-31,P270,9,25,7123.66
2017-08-31,P270,9,22,7123.66
2017-09-30,P270,9,25,7123.66
2017-10-31,P270,9,33,7123.66
2017-11-30,P270,9,33,7123.66
2017-12-31,P270,9,47,7123.66
2017-01-31,P271,3,0,7123.66
2017-02-28,P271,3,0,7123.66
2017-03-31,P271,3,0,7123.66
2017-04-30,P271,3,0,7123.66
2017-05-31,P271,3,0,7123.66
2017-06-30,P271,3,0,7123.66
2017-07-31,P271,3,0,7123.66
2017-08-31,P271,3,0,7123.66
2017-09-30,P271,3,0,7123.66
2017-10-31,P271,3,0,7123.66
2017-11-30,P271,3,0,7123.66
2017-12-31,P271,3,0,7123.66
2017-01-31,P271,8,205,7123.66
2017-02-28,P271,8,43,7123.66
2017-03-31,P271,8,79,7123.66
2017-04-30,P271,8,115,7123.66
2017-05-31,P271,8,157,7123.66
2017-06-30,P271,8,156,7123.66
2017-07-31,P271,8,173,7123.66
2017-08-31,P271,8,150,7123.66
2017-09-30,P271,8,185,7123.66
2017-10-31,P271,8,168,7123.66
2017-11-30,P271,8,195,7123.66
2017-12-31,P271,8,18,7123.66
2017-01-31,P271,9,67,7123.66
2017-02-28,P271,9,94,7123.66
2017-03-31,P271,9,104,7123.66
2017-04-30,P271,9,104,7123.66
2017-05-31,P271,9,75,7123.66
2017-06-30,P271,9,77,7123.66
2017-07-31,P271,9,51,7123.66
2017-08-31,P271,9,46,7123.66
2017-09-30,P271,9,35,7123.66
2017-10-31,P271,9,163,7123.66
2017-11-30,P271,9,23,7123.66
2017-12-31,P271,9,19,7123.66
2017-01-31,P272,2,70,7123.66
2017-02-28,P272,2,80,7123.66
2017-03-31,P272,2,84,7123.66
2017-04-30,P272,2,68,7123.66
2017-05-31,P272,2,66,7123.66
2017-06-30,P272,2,52,7123.66
2017-07-31,P272,2,58,7123.66
2017-08-31,P272,2,66,7123.66
2017-09-30,P272,2,64,7123.66
2017-10-31,P272,2,64,7123.66
2017-11-30,P272,2,68,7123.66
2017-12-31,P272,2,70,7123.66
2017-01-31,P272,6,82,7123.66
2017-02-28,P272,6,102,7123.66
2017-03-31,P272,6,123,7123.66
2017-04-30,P272,6,150,7123.66
2017-05-31,P272,6,139,7123.66
2017-06-30,P272,6,123,7123.66
2017-07-31,P272,6,141,7123.66
2017-08-31,P272,6,111,7123.66
2017-09-30,P272,6,142,7123.66
2017-10-31,P272,6,106,7123.66
2017-11-30,P272,6,133,7123.66
2017-12-31,P272,6,0,7123.66
2017-01-31,P272,8,48,7123.66
2017-02-28,P272,8,64,7123.66
2017-03-31,P272,8,66,7123.66
2017-04-30,P272,8,11,7123.66
2017-05-31,P272,8,76,7123.66
2017-06-30,P272,8,26,7123.66
2017-07-31,P272,8,22,7123.66
2017-08-31,P272,8,22,7123.66
2017-09-30,P272,8,15,7123.66
2017-10-31,P272,8,71,7123.66
2017-11-30,P272,8,70,7123.66
2017-12-31,P272,8,14,7123.66
2017-01-31,P273,1,2,74.41
2017-02-28,P273,1,0,74.41
2017-03-31,P273,1,0,74.41
2017-04-30,P273,1,0,74.41
2017-05-31,P273,1,0,74.41
2017-06-30,P273,1,0,74.41
2017-07-31,P273,1,0,74.41
2017-08-31,P273,1,0,74.41
2017-09-30,P273,1,0,74.41
2017-10-31,P273,1,0,74.41
2017-11-30,P273,1,0,74.41
2017-12-31,P273,1,0,74.41
2017-01-31,P273,6,0,74.41
2017-02-28,P273,6,0,74.41
2017-03-31,P273,6,0,74.41
2017-04-30,P273,6,0,74.41
2017-05-31,P273,6,0,74.41
2017-06-30,P273,6,0,74.41
2017-07-31,P273,6,0,74.41
2017-08-31,P273,6,0,74.41
2017-09-30,P273,6,0,74.41
2017-10-31,P273,6,0,74.41
2017-11-30,P273,6,0,74.41
2017-12-31,P273,6,0,74.41
2017-01-31,P273,7,0,74.41
2017-02-28,P273,7,0,74.41
2017-03-31,P273,7,0,74.41
2017-04-30,P273,7,0,74.41
2017-05-31,P273,7,0,74.41
2017-06-30,P273,7,0,74.41
2017-07-31,P273,7,0,74.41
2017-08-31,P273,7,0,74.41
2017-09-30,P273,7,0,74.41
2017-10-31,P273,7,0,74.41
2017-11-30,P273,7,0,74.41
2017-12-31,P273,7,0,74.41
2017-01-31,P274,2,168,106.89
2017-02-28,P274,2,209,106.89
2017-03-31,P274,2,193,106.89
2017-04-30,P274,2,180,106.89
2017-05-31,P274,2,155,106.89
2017-06-30,P274,2,140,106.89
2017-07-31,P274,2,118,106.89
2017-08-31,P274,2,166,106.89
2017-09-30,P274,2,206,106.89
2017-10-31,P274,2,211,106.89
2017-11-30,P274,2,50,106.89
2017-12-31,P274,2,47,106.89
2017-01-31,P274,6,139,106.89
2017-02-28,P274,6,165,106.89
2017-03-31,P274,6,157,106.89
2017-04-30,P274,6,189,106.89
2017-05-31,P274,6,159,106.89
2017-06-30,P274,6,149,106.89
2017-07-31,P274,6,160,106.89
2017-08-31,P274,6,141,106.89
2017-09-30,P274,6,175,106.89
2017-10-31,P274,6,169,106.89
2017-11-30,P274,6,152,106.89
2017-12-31,P274,6,164,106.89
2017-01-31,P274,8,0,106.89
2017-02-28,P274,8,0,106.89
2017-03-31,P274,8,0,106.89
2017-04-30,P274,8,0,106.89
2017-05-31,P274,8,0,106.89
2017-06-30,P274,8,0,106.89
2017-07-31,P274,8,0,106.89
2017-08-31,P274,8,0,106.89
2017-09-30,P274,8,0,106.89
2017-10-31,P274,8,0,106.89
2017-11-30,P274,8,0,106.89
2017-12-31,P274,8,0,106.89
2017-01-31,P275,4,409,45.18
2017-02-28,P275,4,285,45.18
2017-03-31,P275,4,137,45.18
2017-04-30,P275,4,157,45.18
2017-05-31,P275,4,141,45.18
2017-06-30,P275,4,164,45.18
2017-07-31,P275,4,193,45.18
2017-08-31,P275,4,49,45.18
2017-09-30,P275,4,88,45.18
2017-10-31,P275,4,70,45.18
2017-11-30,P275,4,47,45.18
2017-12-31,P275,4,61,45.18
2017-01-31,P275,8,26,45.18
2017-02-28,P275,8,30,45.18
2017-03-31,P275,8,27,45.18
2017-04-30,P275,8,26,45.18
2017-05-31,P275,8,32,45.18
2017-06-30,P275,8,8,45.18
2017-07-31,P275,8,36,45.18
2017-08-31,P275,8,10,45.18
2017-09-30,P275,8,12,45.18
2017-10-31,P275,8,12,45.18
2017-11-30,P275,8,15,45.18
2017-12-31,P275,8,15,45.18
2017-01-31,P275,9,31,45.18
2017-02-28,P275,9,37,45.18
2017-03-31,P275,9,34,45.18
2017-04-30,P275,9,35,45.18
2017-05-31,P275,9,28,45.18
2017-06-30,P275,9,32,45.18
2017-07-31,P275,9,29,45.18
2017-08-31,P275,9,34,45.18
2017-09-30,P275,9,30,45.18
2017-10-31,P275,9,35,45.18
2017-11-30,P275,9,6,45.18
2017-12-31,P275,9,13,45.18
2017-01-31,P276,6,177,12.63
2017-02-28,P276,6,154,12.63
2017-03-31,P276,6,153,12.63
2017-04-30,P276,6,160,12.63
2017-05-31,P276,6,156,12.63
2017-06-30,P276,6,158,12.63
2017-07-31,P276,6,170,12.63
2017-08-31,P276,6,201,12.63
2017-09-30,P276,6,53,12.63
2017-10-31,P276,6,221,12.63
2017-11-30,P276,6,75,12.63
2017-12-31,P276,6,95,12.63
2017-01-31,P276,7,0,12.63
2017-02-28,P276,7,0,12.63
2017-03-31,P276,7,0,12.63
2017-04-30,P276,7,0,12.63
2017-05-31,P276,7,0,12.63
2017-06-30,P276,7,0,12.63
2017-07-31,P276,7,0,12.63
2017-08-31,P276,7,0,12.63
2017-09-30,P276,7,0,12.63
2017-10-31,P276,7,0,12.63
2017-11-30,P276,7,0,12.63
2017-12-31,P276,7,0,12.63
2017-01-31,P276,9,93,12.63
2017-02-28,P276,9,112,12.63
2017-03-31,P276,9,116,12.63
2017-04-30,P276,9,33,12.63
2017-05-31,P276,9,113,12.63
2017-06-30,P276,9,21,12.63
2017-07-31,P276,9,42,12.63
2017-08-31,P276,9,33,12.63
2017-09-30,P276,9,41,12.63
2017-10-31,P276,9,118,12.63
2017-11-30,P276,9,112,12.63
2017-12-31,P276,9,99,12.63
2017-01-31,P277,1,46,55.41
2017-02-28,P277,1,119,55.41
2017-03-31,P277,1,120,55.41
2017-04-30,P277,1,131,55.41
2017-05-31,P277,1,163,55.41
2017-06-30,P277,1,134,55.41
2017-07-31,P277,1,136,55.41
2017-08-31,P277,1,155,55.41
2017-09-30,P277,1,159,55.41
2017-10-31,P277,1,104,55.41
2017-11-30,P277,1,112,55.41
2017-12-31,P277,1,122,55.41
2017-01-31,P277,6,159,55.41
2017-02-28,P277,6,144,55.41
2017-03-31,P277,6,138,55.41
2017-04-30,P277,6,173,55.41
2017-05-31,P277,6,204,55.41
2017-06-30,P277,6,50,55.41
2017-07-31,P277,6,39,55.41
2017-08-31,P277,6,48,55.41
2017-09-30,P277,6,40,55.41
2017-10-31,P277,6,206,55.41
2017-11-30,P277,6,19,55.41
2017-12-31,P277,6,29,55.41
2017-01-31,P277,8,167,55.41
2017-02-28,P277,8,161,55.41
2017-03-31,P277,8,162,55.41
2017-04-30,P277,8,168,55.41
2017-05-31,P277,8,191,55.41
2017-06-30,P277,8,188,55.41
2017-07-31,P277,8,210,55.41
2017-08-31,P277,8,64,55.41
2017-09-30,P277,8,59,55.41
2017-10-31,P277,8,74,55.41
2017-11-30,P277,8,68,55.41
2017-12-31,P277,8,81,55.41
2017-01-31,P278,5,64,79.21
2017-02-28,P278,5,79,79.21
2017-03-31,P278,5,74,79.21
2017-04-30,P278,5,89,79.21
2017-05-31,P278,5,94,79.21
2017-06-30,P278,5,90,79.21
2017-07-31,P278,5,94,79.21
2017-08-31,P278,5,111,79.21
2017-09-30,P278,5,24,79.21
2017-10-31,P278,5,38,79.21
2017-11-30,P278,5,46,79.21
2017-12-31,P278,5,35,79.21
2017-01-31,P278,7,87,79.21
2017-02-28,P278,7,57,79.21
2017-03-31,P278,7,34,79.21
2017-04-30,P278,7,4,79.21
2017-05-31,P278,7,10,79.21
2017-06-30,P278,7,16,79.21
2017-07-31,P278,7,14,79.21
2017-08-31,P278,7,13,79.21
2017-09-30,P278,7,33,79.21
2017-10-31,P278,7,28,79.21
2017-11-30,P278,7,29,79.21
2017-12-31,P278,7,3,79.21
2017-01-31,P278,9,161,79.21
2017-02-28,P278,9,161,79.21
2017-03-31,P278,9,13,79.21
2017-04-30,P278,9,40,79.21
2017-05-31,P278,9,76,79.21
2017-06-30,P278,9,103,79.21
2017-07-31,P278,9,133,79.21
2017-08-31,P278,9,148,79.21
2017-09-30,P278,9,133,79.21
2017-10-31,P278,9,160,79.21
2017-11-30,P278,9,35,79.21
2017-12-31,P278,9,29,79.21
2017-01-31,P279,3,18,34.4
2017-02-28,P279,3,24,34.4
2017-03-31,P279,3,28,34.4
2017-04-30,P279,3,30,34.4
2017-05-31,P279,3,27,34.4
2017-06-30,P279,3,25,34.4
2017-07-31,P279,3,24,34.4
2017-08-31,P279,3,24,34.4
2017-09-30,P279,3,22,34.4
2017-10-31,P279,3,14,34.4
2017-11-30,P279,3,12,34.4
2017-12-31,P279,3,12,34.4
2017-01-31,P279,5,88,34.4
2017-02-28,P279,5,65,34.4
2017-03-31,P279,5,30,34.4
2017-04-30,P279,5,19,34.4
2017-05-31,P279,5,13,34.4
2017-06-30,P279,5,6,34.4
2017-07-31,P279,5,38,34.4
2017-08-31,P279,5,15,34.4
2017-09-30,P279,5,12,34.4
2017-10-31,P279,5,14,34.4
2017-11-30,P279,5,35,34.4
2017-12-31,P279,5,25,34.4
2017-01-31,P279,6,24,34.4
2017-02-28,P279,6,33,34.4
2017-03-31,P279,6,34,34.4
2017-04-30,P279,6,34,34.4
2017-05-31,P279,6,37,34.4
2017-06-30,P279,6,9,34.4
2017-07-31,P279,6,38,34.4
2017-08-31,P279,6,18,34.4
2017-09-30,P279,6,21,34.4
2017-10-31,P279,6,25,34.4
2017-11-30,P279,6,23,34.4
2017-12-31,P279,6,21,34.4
2017-01-31,P280,1,60,313.96
2017-02-28,P280,1,70,313.96
2017-03-31,P280,1,14,313.96
2017-04-30,P280,1,16,313.96
2017-05-31,P280,1,24,313.96
2017-06-30,P280,1,12,313.96
2017-07-31,P280,1,31,313.96
2017-08-31,P280,1,30,313.96
2017-09-30,P280,1,30,313.96
2017-10-31,P280,1,48,313.96
2017-11-30,P280,1,63,313.96
2017-12-31,P280,1,12,313.96
2017-01-31,P280,5,61,313.96
2017-02-28,P280,5,75,313.96
2017-03-31,P280,5,86,313.96
2017-04-30,P280,5,81,313.96
2017-05-31,P280,5,95,313.96
2017-06-30,P280,5,119,313.96
2017-07-31,P280,5,137,313.96
2017-08-31,P280,5,170,313.96
2017-09-30,P280,5,65,313.96
2017-10-31,P280,5,75,313.96
2017-11-30,P280,5,99,313.96
2017-12-31,P280,5,89,313.96
2017-01-31,P280,6,14,313.96
2017-02-28,P280,6,0,313.96
2017-03-31,P280,6,0,313.96
2017-04-30,P280,6,0,313.96
2017-05-31,P280,6,0,313.96
2017-06-30,P280,6,0,313.96
2017-07-31,P280,6,0,313.96
2017-08-31,P280,6,0,313.96
2017-09-30,P280,6,0,313.96
2017-10-31,P280,6,0,313.96
2017-11-30,P280,6,0,313.96
2017-12-31,P280,6,0,313.96
2017-01-31,P281,1,5,121.92
2017-02-28,P281,1,0,121.92
2017-03-31,P281,1,0,121.92
2017-04-30,P281,1,0,121.92
2017-05-31,P281,1,0,121.92
2017-06-30,P281,1,0,121.92
2017-07-31,P281,1,0,121.92
2017-08-31,P281,1,0,121.92
2017-09-30,P281,1,0,121.92
2017-10-31,P281,1,0,121.92
2017-11-30,P281,1,0,121.92
2017-12-31,P281,1,0,121.92
2017-01-31,P281,5,98,121.92
2017-02-28,P281,5,98,121.92
2017-03-31,P281,5,98,121.92
2017-04-30,P281,5,98,121.92
2017-05-31,P281,5,98,121.92
2017-06-30,P281,5,98,121.92
2017-07-31,P281,5,98,121.92
2017-08-31,P281,5,98,121.92
2017-09-30,P281,5,98,121.92
2017-10-31,P281,5,98,121.92
2017-11-30,P281,5,98,121.92
2017-12-31,P281,5,98,121.92
2017-01-31,P281,7,125,121.92
2017-02-28,P281,7,125,121.92
2017-03-31,P281,7,125,121.92
2017-04-30,P281,7,125,121.92
2017-05-31,P281,7,125,121.92
2017-06-30,P281,7,125,121.92
2017-07-31,P281,7,125,121.92
2017-08-31,P281,7,125,121.92
2017-09-30,P281,7,125,121.92
2017-10-31,P281,7,125,121.92
2017-11-30,P281,7,125,121.92
2017-12-31,P281,7,125,121.92
2017-01-31,P282,2,0,15.23
2017-02-28,P282,2,0,15.23
2017-03-31,P282,2,0,15.23
2017-04-30,P282,2,0,15.23
2017-05-31,P282,2,0,15.23
2017-06-30,P282,2,0,15.23
2017-07-31,P282,2,0,15.23
2017-08-31,P282,2,0,15.23
2017-09-30,P282,2,0,15.23
2017-10-31,P282,2,0,15.23
2017-11-30,P282,2,0,15.23
2017-12-31,P282,2,0,15.23
2017-01-31,P282,5,123,15.23
2017-02-28,P282,5,152,15.23
2017-03-31,P282,5,133,15.23
2017-04-30,P282,5,122,15.23
2017-05-31,P282,5,125,15.23
2017-06-30,P282,5,134,15.23
2017-07-31,P282,5,156,15.23
2017-08-31,P282,5,24,15.23
2017-09-30,P282,5,32,15.23
2017-10-31,P282,5,61,15.23
2017-11-30,P282,5,87,15.23
2017-12-31,P282,5,92,15.23
2017-01-31,P282,7,27,15.23
2017-02-28,P282,7,33,15.23
2017-03-31,P282,7,35,15.23
2017-04-30,P282,7,20,15.23
2017-05-31,P282,7,19,15.23
2017-06-30,P282,7,28,15.23
2017-07-31,P282,7,32,15.23
2017-08-31,P282,7,35,15.23
2017-09-30,P282,7,35,15.23
2017-10-31,P282,7,38,15.23
2017-11-30,P282,7,10,15.23
2017-12-31,P282,7,5,15.23
2017-01-31,P283,1,23,58.01
2017-02-28,P283,1,27,58.01
2017-03-31,P283,1,30,58.01
2017-04-30,P283,1,20,58.01
2017-05-31,P283,1,21,58.01
2017-06-30,P283,1,20,58.01
2017-07-31,P283,1,30,58.01
2017-08-31,P283,1,31,58.01
2017-09-30,P283,1,37,58.01
2017-10-31,P283,1,38,58.01
2017-11-30,P283,1,36,58.01
2017-12-31,P283,1,31,58.01
2017-01-31,P283,3,119,58.01
2017-02-28,P283,3,23,58.01
2017-03-31,P283,3,25,58.01
2017-04-30,P283,3,64,58.01
2017-05-31,P283,3,59,58.01
2017-06-30,P283,3,58,58.01
2017-07-31,P283,3,102,58.01
2017-08-31,P283,3,104,58.01
2017-09-30,P283,3,0,58.01
2017-10-31,P283,3,118,58.01
2017-11-30,P283,3,0,58.01
2017-12-31,P283,3,9,58.01
2017-01-31,P283,5,0,58.01
2017-02-28,P283,5,0,58.01
2017-03-31,P283,5,0,58.01
2017-04-30,P283,5,0,58.01
2017-05-31,P283,5,0,58.01
2017-06-30,P283,5,0,58.01
2017-07-31,P283,5,0,58.01
2017-08-31,P283,5,0,58.01
2017-09-30,P283,5,0,58.01
2017-10-31,P283,5,0,58.01
2017-11-30,P283,5,0,58.01
2017-12-31,P283,5,0,58.01
2017-01-31,P284,1,72,85.87
2017-02-28,P284,1,100,85.87
2017-03-31,P284,1,110,85.87
2017-04-30,P284,1,109,85.87
2017-05-31,P284,1,92,85.87
2017-06-30,P284,1,100,85.87
2017-07-31,P284,1,110,85.87
2017-08-31,P284,1,129,85.87
2017-09-30,P284,1,119,85.87
2017-10-31,P284,1,114,85.87
2017-11-30,P284,1,116,85.87
2017-12-31,P284,1,143,85.87
2017-01-31,P284,4,0,85.87
2017-02-28,P284,4,0,85.87
2017-03-31,P284,4,0,85.87
2017-04-30,P284,4,0,85.87
2017-05-31,P284,4,0,85.87
2017-06-30,P284,4,0,85.87
2017-07-31,P284,4,0,85.87
2017-08-31,P284,4,0,85.87
2017-09-30,P284,4,0,85.87
2017-10-31,P284,4,0,85.87
2017-11-30,P284,4,0,85.87
2017-12-31,P284,4,0,85.87
2017-01-31,P284,7,138,85.87
2017-02-28,P284,7,152,85.87
2017-03-31,P284,7,29,85.87
2017-04-30,P284,7,79,85.87
2017-05-31,P284,7,82,85.87
2017-06-30,P284,7,117,85.87
2017-07-31,P284,7,128,85.87
2017-08-31,P284,7,134,85.87
2017-09-30,P284,7,98,85.87
2017-10-31,P284,7,109,85.87
2017-11-30,P284,7,122,85.87
2017-12-31,P284,7,149,85.87
2017-01-31,P285,7,61,102.62
2017-02-28,P285,7,57,102.62
2017-03-31,P285,7,60,102.62
2017-04-30,P285,7,62,102.62
2017-05-31,P285,7,73,102.62
2017-06-30,P285,7,90,102.62
2017-07-31,P285,7,100,102.62
2017-08-31,P285,7,106,102.62
2017-09-30,P285,7,16,102.62
2017-10-31,P285,7,115,102.62
2017-11-30,P285,7,17,102.62
2017-12-31,P285,7,23,102.62
2017-01-31,P285,8,157,102.62
2017-02-28,P285,8,2,102.62
2017-03-31,P285,8,47,102.62
2017-04-30,P285,8,81,102.62
2017-05-31,P285,8,77,102.62
2017-06-30,P285,8,100,102.62
2017-07-31,P285,8,114,102.62
2017-08-31,P285,8,104,102.62
2017-09-30,P285,8,92,102.62
2017-10-31,P285,8,122,102.62
2017-11-30,P285,8,116,102.62
2017-12-31,P285,8,107,102.62
2017-01-31,P285,9,258,102.62
2017-02-28,P285,9,155,102.62
2017-03-31,P285,9,6,102.62
2017-04-30,P285,9,28,102.62
2017-05-31,P285,9,32,102.62
2017-06-30,P285,9,47,102.62
2017-07-31,P285,9,52,102.62
2017-08-31,P285,9,44,102.62
2017-09-30,P285,9,76,102.62
2017-10-31,P285,9,81,102.62
2017-11-30,P285,9,107,102.62
2017-12-31,P285,9,87,102.62
2017-01-31,P286,2,103,45.93
2017-02-28,P286,2,131,45.93
2017-03-31,P286,2,145,45.93
2017-04-30,P286,2,154,45.93
2017-05-31,P286,2,141,45.93
2017-06-30,P286,2,176,45.93
2017-07-31,P286,2,152,45.93
2017-08-31,P286,2,139,45.93
2017-09-30,P286,2,126,45.93
2017-10-31,P286,2,87,45.93
2017-11-30,P286,2,105,45.93
2017-12-31,P286,2,112,45.93
2017-01-31,P286,3,72,45.93
2017-02-28,P286,3,87,45.93
2017-03-31,P286,3,83,45.93
2017-04-30,P286,3,89,45.93
2017-05-31,P286,3,85,45.93
2017-06-30,P286,3,78,45.93
2017-07-31,P286,3,69,45.93
2017-08-31,P286,3,96,45.93
2017-09-30,P286,3,104,45.93
2017-10-31,P286,3,102,45.93
2017-11-30,P286,3,121,45.93
2017-12-31,P286,3,105,45.93
2017-01-31,P286,8,0,45.93
2017-02-28,P286,8,0,45.93
2017-03-31,P286,8,0,45.93
2017-04-30,P286,8,0,45.93
2017-05-31,P286,8,0,45.93
2017-06-30,P286,8,0,45.93
2017-07-31,P286,8,0,45.93
2017-08-31,P286,8,0,45.93
2017-09-30,P286,8,0,45.93
2017-10-31,P286,8,0,45.93
2017-11-30,P286,8,0,45.93
2017-12-31,P286,8,0,45.93
2017-01-31,P287,4,30,760
2017-02-28,P287,4,32,760
2017-03-31,P287,4,32,760
2017-04-30,P287,4,35,760
2017-05-31,P287,4,38,760
2017-06-30,P287,4,37,760
2017-07-31,P287,4,39,760
2017-08-31,P287,4,14,760
2017-09-30,P287,4,13,760
2017-10-31,P287,4,15,760
2017-11-30,P287,4,13,760
2017-12-31,P287,4,15,760
2017-01-31,P287,8,136,760
2017-02-28,P287,8,181,760
2017-03-31,P287,8,156,760
2017-04-30,P287,8,0,760
2017-05-31,P287,8,164,760
2017-06-30,P287,8,158,760
2017-07-31,P287,8,164,760
2017-08-31,P287,8,180,760
2017-09-30,P287,8,25,760
2017-10-31,P287,8,21,760
2017-11-30,P287,8,53,760
2017-12-31,P287,8,78,760
2017-01-31,P287,9,0,760
2017-02-28,P287,9,0,760
2017-03-31,P287,9,0,760
2017-04-30,P287,9,0,760
2017-05-31,P287,9,0,760
2017-06-30,P287,9,0,760
2017-07-31,P287,9,0,760
2017-08-31,P287,9,0,760
2017-09-30,P287,9,0,760
2017-10-31,P287,9,0,760
2017-11-30,P287,9,0,760
2017-12-31,P287,9,0,760
2017-01-31,P288,4,0,1365
2017-02-28,P288,4,0,1365
2017-03-31,P288,4,0,1365
2017-04-30,P288,4,0,1365
2017-05-31,P288,4,0,1365
2017-06-30,P288,4,0,1365
2017-07-31,P288,4,0,1365
2017-08-31,P288,4,0,1365
2017-09-30,P288,4,0,1365
2017-10-31,P288,4,0,1365
2017-11-30,P288,4,0,1365
2017-12-31,P288,4,0,1365
2017-01-31,P288,6,374,1365
2017-02-28,P288,6,244,1365
2017-03-31,P288,6,132,1365
2017-04-30,P288,6,26,1365
2017-05-31,P288,6,146,1365
2017-06-30,P288,6,46,1365
2017-07-31,P288,6,53,1365
2017-08-31,P288,6,63,1365
2017-09-30,P288,6,84,1365
2017-10-31,P288,6,93,1365
2017-11-30,P288,6,124,1365
2017-12-31,P288,6,134,1365
2017-01-31,P288,7,123,1365
2017-02-28,P288,7,183,1365
2017-03-31,P288,7,174,1365
2017-04-30,P288,7,176,1365
2017-05-31,P288,7,166,1365
2017-06-30,P288,7,197,1365
2017-07-31,P288,7,216,1365
2017-08-31,P288,7,51,1365
2017-09-30,P288,7,46,1365
2017-10-31,P288,7,84,1365
2017-11-30,P288,7,62,1365
2017-12-31,P288,7,76,1365
2017-01-31,P289,3,165,2980
2017-02-28,P289,3,107,2980
2017-03-31,P289,3,35,2980
2017-04-30,P289,3,31,2980
2017-05-31,P289,3,38,2980
2017-06-30,P289,3,43,2980
2017-07-31,P289,3,62,2980
2017-08-31,P289,3,73,2980
2017-09-30,P289,3,63,2980
2017-10-31,P289,3,60,2980
2017-11-30,P289,3,62,2980
2017-12-31,P289,3,60,2980
2017-01-31,P289,5,12,2980
2017-02-28,P289,5,20,2980
2017-03-31,P289,5,19,2980
2017-04-30,P289,5,26,2980
2017-05-31,P289,5,26,2980
2017-06-30,P289,5,27,2980
2017-07-31,P289,5,20,2980
2017-08-31,P289,5,23,2980
2017-09-30,P289,5,26,2980
2017-10-31,P289,5,2,2980
2017-11-30,P289,5,26,2980
2017-12-31,P289,5,27,2980
2017-01-31,P289,7,47,2980
2017-02-28,P289,7,80,2980
2017-03-31,P289,7,72,2980
2017-04-30,P289,7,72,2980
2017-05-31,P289,7,64,2980
2017-06-30,P289,7,91,2980
2017-07-31,P289,7,88,2980
2017-08-31,P289,7,77,2980
2017-09-30,P289,7,88,2980
2017-10-31,P289,7,95,2980
2017-11-30,P289,7,92,2980
2017-12-31,P289,7,82,2980
2017-01-31,P290,1,86,5790
2017-02-28,P290,1,88,5790
2017-03-31,P290,1,11,5790
2017-04-30,P290,1,7,5790
2017-05-31,P290,1,90,5790
2017-06-30,P290,1,3,5790
2017-07-31,P290,1,87,5790
2017-08-31,P290,1,2,5790
2017-09-30,P290,1,10,5790
2017-10-31,P290,1,0,5790
2017-11-30,P290,1,14,5790
2017-12-31,P290,1,11,5790
2017-01-31,P290,3,165,5790
2017-02-28,P290,3,165,5790
2017-03-31,P290,3,165,5790
2017-04-30,P290,3,165,5790
2017-05-31,P290,3,165,5790
2017-06-30,P290,3,165,5790
2017-07-31,P290,3,165,5790
2017-08-31,P290,3,165,5790
2017-09-30,P290,3,165,5790
2017-10-31,P290,3,165,5790
2017-11-30,P290,3,165,5790
2017-12-31,P290,3,165,5790
2017-01-31,P290,6,6,5790
2017-02-28,P290,6,0,5790
2017-03-31,P290,6,0,5790
2017-04-30,P290,6,0,5790
2017-05-31,P290,6,0,5790
2017-06-30,P290,6,0,5790
2017-07-31,P290,6,0,5790
2017-08-31,P290,6,0,5790
2017-09-30,P290,6,0,5790
2017-10-31,P290,6,0,5790
2017-11-30,P290,6,0,5790
2017-12-31,P290,6,0,5790
2017-01-31,P291,2,82,299
2017-02-28,P291,2,102,299
2017-03-31,P291,2,13,299
2017-04-30,P291,2,30,299
2017-05-31,P291,2,34,299
2017-06-30,P291,2,48,299
2017-07-31,P291,2,52,299
2017-08-31,P291,2,59,299
2017-09-30,P291,2,64,299
2017-10-31,P291,2,55,299
2017-11-30,P291,2,44,299
2017-12-31,P291,2,30,299
2017-01-31,P291,6,95,299
2017-02-28,P291,6,80,299
2017-03-31,P291,6,96,299
2017-04-30,P291,6,77,299
2017-05-31,P291,6,70,299
2017-06-30,P291,6,53,299
2017-07-31,P291,6,54,299
2017-08-31,P291,6,52,299
2017-09-30,P291,6,48,299
2017-10-31,P291,6,47,299
2017-11-30,P291,6,62,299
2017-12-31,P291,6,43,299
2017-01-31,P291,8,226,299
2017-02-28,P291,8,102,299
2017-03-31,P291,8,89,299
2017-04-30,P291,8,101,299
2017-05-31,P291,8,114,299
2017-06-30,P291,8,102,299
2017-07-31,P291,8,99,299
2017-08-31,P291,8,99,299
2017-09-30,P291,8,5,299
2017-10-31,P291,8,24,299
2017-11-30,P291,8,29,299
2017-12-31,P291,8,5,299
2017-01-31,P292,4,57,1565
2017-02-28,P292,4,67,1565
2017-03-31,P292,4,75,1565
2017-04-30,P292,4,72,1565
2017-05-31,P292,4,54,1565
2017-06-30,P292,4,61,1565
2017-07-31,P292,4,65,1565
2017-08-31,P292,4,59,1565
2017-09-30,P292,4,57,1565
2017-10-31,P292,4,57,1565
2017-11-30,P292,4,70,1565
2017-12-31,P292,4,67,1565
2017-01-31,P292,8,35,1565
2017-02-28,P292,8,41,1565
2017-03-31,P292,8,49,1565
2017-04-30,P292,8,54,1565
2017-05-31,P292,8,67,1565
2017-06-30,P292,8,3,1565
2017-07-31,P292,8,15,1565
2017-08-31,P292,8,15,1565
2017-09-30,P292,8,9,1565
2017-10-31,P292,8,7,1565
2017-11-30,P292,8,15,1565
2017-12-31,P292,8,17,1565
2017-01-31,P292,9,205,1565
2017-02-28,P292,9,127,1565
2017-03-31,P292,9,20,1565
2017-04-30,P292,9,12,1565
2017-05-31,P292,9,11,1565
2017-06-30,P292,9,30,1565
2017-07-31,P292,9,28,1565
2017-08-31,P292,9,33,1565
2017-09-30,P292,9,37,1565
2017-10-31,P292,9,30,1565
2017-11-30,P292,9,32,1565
2017-12-31,P292,9,26,1565
2017-01-31,P293,1,405,2425
2017-02-28,P293,1,240,2425
2017-03-31,P293,1,57,2425
2017-04-30,P293,1,108,2425
2017-05-31,P293,1,88,2425
2017-06-30,P293,1,98,2425
2017-07-31,P293,1,99,2425
2017-08-31,P293,1,103,2425
2017-09-30,P293,1,132,2425
2017-10-31,P293,1,147,2425
2017-11-30,P293,1,177,2425
2017-12-31,P293,1,0,2425
2017-01-31,P293,5,89,2425
2017-02-28,P293,5,92,2425
2017-03-31,P293,5,99,2425
2017-04-30,P293,5,107,2425
2017-05-31,P293,5,118,2425
2017-06-30,P293,5,134,2425
2017-07-31,P293,5,144,2425
2017-08-31,P293,5,27,2425
2017-09-30,P293,5,49,2425
2017-10-31,P293,5,44,2425
2017-11-30,P293,5,41,2425
2017-12-31,P293,5,20,2425
2017-01-31,P293,6,172,2425
2017-02-28,P293,6,170,2425
2017-03-31,P293,6,177,2425
2017-04-30,P293,6,42,2425
2017-05-31,P293,6,198,2425
2017-06-30,P293,6,187,2425
2017-07-31,P293,6,201,2425
2017-08-31,P293,6,189,2425
2017-09-30,P293,6,195,2425
2017-10-31,P293,6,154,2425
2017-11-30,P293,6,160,2425
2017-12-31,P293,6,175,2425
2017-01-31,P294,5,147,465
2017-02-28,P294,5,175,465
2017-03-31,P294,5,177,465
2017-04-30,P294,5,196,465
2017-05-31,P294,5,229,465
2017-06-30,P294,5,215,465
2017-07-31,P294,5,238,465
2017-08-31,P294,5,55,465
2017-09-30,P294,5,54,465
2017-10-31,P294,5,62,465
2017-11-30,P294,5,81,465
2017-12-31,P294,5,73,465
2017-01-31,P294,7,50,465
2017-02-28,P294,7,60,465
2017-03-31,P294,7,56,465
2017-04-30,P294,7,54,465
2017-05-31,P294,7,52,465
2017-06-30,P294,7,64,465
2017-07-31,P294,7,41,465
2017-08-31,P294,7,48,465
2017-09-30,P294,7,46,465
2017-10-31,P294,7,57,465
2017-11-30,P294,7,81,465
2017-12-31,P294,7,57,465
2017-01-31,P294,9,18,465
2017-02-28,P294,9,20,465
2017-03-31,P294,9,16,465
2017-04-30,P294,9,24,465
2017-05-31,P294,9,23,465
2017-06-30,P294,9,20,465
2017-07-31,P294,9,22,465
2017-08-31,P294,9,31,465
2017-09-30,P294,9,29,465
2017-10-31,P294,9,26,465
2017-11-30,P294,9,36,465
2017-12-31,P294,9,6,465
2017-01-31,P295,2,295,1165
2017-02-28,P295,2,200,1165
2017-03-31,P295,2,82,1165
2017-04-30,P295,2,80,1165
2017-05-31,P295,2,85,1165
2017-06-30,P295,2,74,1165
2017-07-31,P295,2,76,1165
2017-08-31,P295,2,62,1165
2017-09-30,P295,2,83,1165
2017-10-31,P295,2,95,1165
2017-11-30,P295,2,101,1165
2017-12-31,P295,2,67,1165
2017-01-31,P295,3,0,1165
2017-02-28,P295,3,0,1165
2017-03-31,P295,3,0,1165
2017-04-30,P295,3,0,1165
2017-05-31,P295,3,0,1165
2017-06-30,P295,3,0,1165
2017-07-31,P295,3,0,1165
2017-08-31,P295,3,0,1165
2017-09-30,P295,3,0,1165
2017-10-31,P295,3,0,1165
2017-11-30,P295,3,0,1165
2017-12-31,P295,3,0,1165
2017-01-31,P295,6,190,1165
2017-02-28,P295,6,28,1165
2017-03-31,P295,6,64,1165
2017-04-30,P295,6,96,1165
2017-05-31,P295,6,116,1165
2017-06-30,P295,6,143,1165
2017-07-31,P295,6,166,1165
2017-08-31,P295,6,15,1165
2017-09-30,P295,6,40,1165
2017-10-31,P295,6,29,1165
2017-11-30,P295,6,78,1165
2017-12-31,P295,6,69,1165
2017-01-31,P296,5,67,2756
2017-02-28,P296,5,93,2756
2017-03-31,P296,5,86,2756
2017-04-30,P296,5,81,2756
2017-05-31,P296,5,86,2756
2017-06-30,P296,5,116,2756
2017-07-31,P296,5,132,2756
2017-08-31,P296,5,26,2756
2017-09-30,P296,5,36,2756
2017-10-31,P296,5,53,2756
2017-11-30,P296,5,45,2756
2017-12-31,P296,5,56,2756
2017-01-31,P296,7,143,2756
2017-02-28,P296,7,151,2756
2017-03-31,P296,7,180,2756
2017-04-30,P296,7,4,2756
2017-05-31,P296,7,51,2756
2017-06-30,P296,7,72,2756
2017-07-31,P296,7,93,2756
2017-08-31,P296,7,122,2756
2017-09-30,P296,7,147,2756
2017-10-31,P296,7,108,2756
2017-11-30,P296,7,90,2756
2017-12-31,P296,7,75,2756
2017-01-31,P296,8,25,2756
2017-02-28,P296,8,25,2756
2017-03-31,P296,8,25,2756
2017-04-30,P296,8,25,2756
2017-05-31,P296,8,25,2756
2017-06-30,P296,8,25,2756
2017-07-31,P296,8,25,2756
2017-08-31,P296,8,25,2756
2017-09-30,P296,8,25,2756
2017-10-31,P296,8,25,2756
2017-11-30,P296,8,25,2756
2017-12-31,P296,8,25,2756
2017-01-31,P297,4,30,1850
2017-02-28,P297,4,30,1850
2017-03-31,P297,4,19,1850
2017-04-30,P297,4,8,1850
2017-05-31,P297,4,20,1850
2017-06-30,P297,4,36,1850
2017-07-31,P297,4,38,1850
2017-08-31,P297,4,38,1850
2017-09-30,P297,4,37,1850
2017-10-31,P297,4,30,1850
2017-11-30,P297,4,32,1850
2017-12-31,P297,4,30,1850
2017-01-31,P297,5,49,1850
2017-02-28,P297,5,44,1850
2017-03-31,P297,5,39,1850
2017-04-30,P297,5,72,1850
2017-05-31,P297,5,70,1850
2017-06-30,P297,5,74,1850
2017-07-31,P297,5,105,1850
2017-08-31,P297,5,90,1850
2017-09-30,P297,5,83,1850
2017-10-31,P297,5,69,1850
2017-11-30,P297,5,73,1850
2017-12-31,P297,5,68,1850
2017-01-31,P297,9,130,1850
2017-02-28,P297,9,127,1850
2017-03-31,P297,9,141,1850
2017-04-30,P297,9,153,1850
2017-05-31,P297,9,155,1850
2017-06-30,P297,9,44,1850
2017-07-31,P297,9,162,1850
2017-08-31,P297,9,153,1850
2017-09-30,P297,9,149,1850
2017-10-31,P297,9,131,1850
2017-11-30,P297,9,142,1850
2017-12-31,P297,9,142,1850
2017-01-31,P298,2,57,925
2017-02-28,P298,2,95,925
2017-03-31,P298,2,105,925
2017-04-30,P298,2,0,925
2017-05-31,P298,2,0,925
2017-06-30,P298,2,111,925
2017-07-31,P298,2,119,925
2017-08-31,P298,2,104,925
2017-09-30,P298,2,0,925
2017-10-31,P298,2,120,925
2017-11-30,P298,2,14,925
2017-12-31,P298,2,9,925
2017-01-31,P298,3,34,925
2017-02-28,P298,3,26,925
2017-03-31,P298,3,39,925
2017-04-30,P298,3,38,925
2017-05-31,P298,3,31,925
2017-06-30,P298,3,46,925
2017-07-31,P298,3,53,925
2017-08-31,P298,3,56,925
2017-09-30,P298,3,0,925
2017-10-31,P298,3,6,925
2017-11-30,P298,3,17,925
2017-12-31,P298,3,9,925
2017-01-31,P298,7,15,925
2017-02-28,P298,7,10,925
2017-03-31,P298,7,17,925
2017-04-30,P298,7,18,925
2017-05-31,P298,7,22,925
2017-06-30,P298,7,23,925
2017-07-31,P298,7,26,925
2017-08-31,P298,7,28,925
2017-09-30,P298,7,4,925
2017-10-31,P298,7,6,925
2017-11-30,P298,7,6,925
2017-12-31,P298,7,9,925
2017-01-31,P299,3,87,13250
2017-02-28,P299,3,103,13250
2017-03-31,P299,3,108,13250
2017-04-30,P299,3,135,13250
2017-05-31,P299,3,147,13250
2017-06-30,P299,3,144,13250
2017-07-31,P299,3,156,13250
2017-08-31,P299,3,147,13250
2017-09-30,P299,3,132,13250
2017-10-31,P299,3,119,13250
2017-11-30,P299,3,115,13250
2017-12-31,P299,3,130,13250
2017-01-31,P299,7,97,13250
2017-02-28,P299,7,91,13250
2017-03-31,P299,7,95,13250
2017-04-30,P299,7,78,13250
2017-05-31,P299,7,71,13250
2017-06-30,P299,7,74,13250
2017-07-31,P299,7,79,13250
2017-08-31,P299,7,70,13250
2017-09-30,P299,7,60,13250
2017-10-31,P299,7,55,13250
2017-11-30,P299,7,72,13250
2017-12-31,P299,7,74,13250
2017-01-31,P299,9,364,13250
2017-02-28,P299,9,259,13250
2017-03-31,P299,9,124,13250
2017-04-30,P299,9,118,13250
2017-05-31,P299,9,120,13250
2017-06-30,P299,9,147,13250
2017-07-31,P299,9,131,13250
2017-08-31,P299,9,127,13250
2017-09-30,P299,9,146,13250
2017-10-31,P299,9,156,13250
2017-11-30,P299,9,144,13250
2017-12-31,P299,9,133,13250
2017-01-31,P300,7,51,1829
2017-02-28,P300,7,71,1829
2017-03-31,P300,7,16,1829
2017-04-30,P300,7,27,1829
2017-05-31,P300,7,26,1829
2017-06-30,P300,7,46,1829
2017-07-31,P300,7,41,1829
2017-08-31,P300,7,51,1829
2017-09-30,P300,7,51,1829
2017-10-31,P300,7,49,1829
2017-11-30,P300,7,58,1829
2017-12-31,P300,7,65,1829
2017-01-31,P300,8,148,1829
2017-02-28,P300,8,52,1829
2017-03-31,P300,8,56,1829
2017-04-30,P300,8,87,1829
2017-05-31,P300,8,101,1829
2017-06-30,P300,8,105,1829
2017-07-31,P300,8,106,1829
2017-08-31,P300,8,128,1829
2017-09-30,P300,8,108,1829
2017-10-31,P300,8,140,1829
2017-11-30,P300,8,141,1829
2017-12-31,P300,8,32,1829
2017-01-31,P300,9,340,1829
2017-02-28,P300,9,180,1829
2017-03-31,P300,9,0,1829
2017-04-30,P300,9,37,1829
2017-05-31,P300,9,64,1829
2017-06-30,P300,9,74,1829
2017-07-31,P300,9,41,1829
2017-08-31,P300,9,35,1829
2017-09-30,P300,9,17,1829
2017-10-31,P300,9,151,1829
2017-11-30,P300,9,153,1829
2017-12-31,P300,9,13,1829
2017-01-31,P301,2,0,585
2017-02-28,P301,2,0,585
2017-03-31,P301,2,0,585
2017-04-30,P301,2,0,585
2017-05-31,P301,2,0,585
2017-06-30,P301,2,0,585
2017-07-31,P301,2,0,585
2017-08-31,P301,2,0,585
2017-09-30,P301,2,0,585
2017-10-31,P301,2,0,585
2017-11-30,P301,2,0,585
2017-12-31,P301,2,0,585
2017-01-31,P301,5,153,585
2017-02-28,P301,5,203,585
2017-03-31,P301,5,180,585
2017-04-30,P301,5,154,585
2017-05-31,P301,5,146,585
2017-06-30,P301,5,143,585
2017-07-31,P301,5,163,585
2017-08-31,P301,5,186,585
2017-09-30,P301,5,170,585
2017-10-31,P301,5,157,585
2017-11-30,P301,5,148,585
2017-12-31,P301,5,157,585
2017-01-31,P301,7,99,585
2017-02-28,P301,7,111,585
2017-03-31,P301,7,18,585
2017-04-30,P301,7,27,585
2017-05-31,P301,7,20,585
2017-06-30,P301,7,38,585
2017-07-31,P301,7,41,585
2017-08-31,P301,7,33,585
2017-09-30,P301,7,56,585
2017-10-31,P301,7,65,585
2017-11-30,P301,7,75,585
2017-12-31,P301,7,66,585
2017-01-31,P302,4,35,799
2017-02-28,P302,4,97,799
2017-03-31,P302,4,96,799
2017-04-30,P302,4,85,799
2017-05-31,P302,4,96,799
2017-06-30,P302,4,100,799
2017-07-31,P302,4,108,799
2017-08-31,P302,4,20,799
2017-09-30,P302,4,15,799
2017-10-31,P302,4,99,799
2017-11-30,P302,4,25,799
2017-12-31,P302,4,11,799
2017-01-31,P302,5,65,799
2017-02-28,P302,5,55,799
2017-03-31,P302,5,91,799
2017-04-30,P302,5,99,799
2017-05-31,P302,5,85,799
2017-06-30,P302,5,110,799
2017-07-31,P302,5,134,799
2017-08-31,P302,5,33,799
2017-09-30,P302,5,33,799
2017-10-31,P302,5,34,799
2017-11-30,P302,5,26,799
2017-12-31,P302,5,0,799
2017-01-31,P302,9,81,799
2017-02-28,P302,9,92,799
2017-03-31,P302,9,84,799
2017-04-30,P302,9,87,799
2017-05-31,P302,9,109,799
2017-06-30,P302,9,103,799
2017-07-31,P302,9,111,799
2017-08-31,P302,9,19,799
2017-09-30,P302,9,27,799
2017-10-31,P302,9,25,799
2017-11-30,P302,9,39,799
2017-12-31,P302,9,22,799
2017-01-31,P303,3,61,2399
2017-02-28,P303,3,6,2399
2017-03-31,P303,3,2,2399
2017-04-30,P303,3,9,2399
2017-05-31,P303,3,18,2399
2017-06-30,P303,3,25,2399
2017-07-31,P303,3,10,2399
2017-08-31,P303,3,9,2399
2017-09-30,P303,3,14,2399
2017-10-31,P303,3,22,2399
2017-11-30,P303,3,39,2399
2017-12-31,P303,3,34,2399
2017-01-31,P303,4,122,2399
2017-02-28,P303,4,149,2399
2017-03-31,P303,4,45,2399
2017-04-30,P303,4,33,2399
2017-05-31,P303,4,142,2399
2017-06-30,P303,4,147,2399
2017-07-31,P303,4,135,2399
2017-08-31,P303,4,39,2399
2017-09-30,P303,4,59,2399
2017-10-31,P303,4,82,2399
2017-11-30,P303,4,89,2399
2017-12-31,P303,4,96,2399
2017-01-31,P303,5,22,2399
2017-02-28,P303,5,29,2399
2017-03-31,P303,5,28,2399
2017-04-30,P303,5,30,2399
2017-05-31,P303,5,32,2399
2017-06-30,P303,5,32,2399
2017-07-31,P303,5,9,2399
2017-08-31,P303,5,13,2399
2017-09-30,P303,5,8,2399
2017-10-31,P303,5,34,2399
2017-11-30,P303,5,32,2399
2017-12-31,P303,5,2,2399
2017-01-31,P304,2,13,4150
2017-02-28,P304,2,13,4150
2017-03-31,P304,2,14,4150
2017-04-30,P304,2,21,4150
2017-05-31,P304,2,26,4150
2017-06-30,P304,2,30,4150
2017-07-31,P304,2,27,4150
2017-08-31,P304,2,21,4150
2017-09-30,P304,2,17,4150
2017-10-31,P304,2,10,4150
2017-11-30,P304,2,13,4150
2017-12-31,P304,2,11,4150
2017-01-31,P304,3,39,4150
2017-02-28,P304,3,75,4150
2017-03-31,P304,3,53,4150
2017-04-30,P304,3,47,4150
2017-05-31,P304,3,26,4150
2017-06-30,P304,3,49,4150
2017-07-31,P304,3,62,4150
2017-08-31,P304,3,67,4150
2017-09-30,P304,3,55,4150
2017-10-31,P304,3,20,4150
2017-11-30,P304,3,29,4150
2017-12-31,P304,3,28,4150
2017-01-31,P304,9,339,4150
2017-02-28,P304,9,227,4150
2017-03-31,P304,9,107,4150
2017-04-30,P304,9,125,4150
2017-05-31,P304,9,125,4150
2017-06-30,P304,9,36,4150
2017-07-31,P304,9,43,4150
2017-08-31,P304,9,60,4150
2017-09-30,P304,9,69,4150
2017-10-31,P304,9,71,4150
2017-11-30,P304,9,89,4150
2017-12-31,P304,9,94,4150
2017-01-31,P305,5,27,485
2017-02-28,P305,5,29,485
2017-03-31,P305,5,0,485
2017-04-30,P305,5,0,485
2017-05-31,P305,5,116,485
2017-06-30,P305,5,5,485
2017-07-31,P305,5,8,485
2017-08-31,P305,5,47,485
2017-09-30,P305,5,33,485
2017-10-31,P305,5,31,485
2017-11-30,P305,5,21,485
2017-12-31,P305,5,8,485
2017-01-31,P305,6,10,485
2017-02-28,P305,6,16,485
2017-03-31,P305,6,22,485
2017-04-30,P305,6,24,485
2017-05-31,P305,6,20,485
2017-06-30,P305,6,25,485
2017-07-31,P305,6,19,485
2017-08-31,P305,6,22,485
2017-09-30,P305,6,22,485
2017-10-31,P305,6,19,485
2017-11-30,P305,6,26,485
2017-12-31,P305,6,23,485
2017-01-31,P305,8,67,485
2017-02-28,P305,8,19,485
2017-03-31,P305,8,25,485
2017-04-30,P305,8,24,485
2017-05-31,P305,8,37,485
2017-06-30,P305,8,32,485
2017-07-31,P305,8,39,485
2017-08-31,P305,8,41,485
2017-09-30,P305,8,35,485
2017-10-31,P305,8,29,485
2017-11-30,P305,8,31,485
2017-12-31,P305,8,18,485
2017-01-31,P306,1,204,12578
2017-02-28,P306,1,119,12578
2017-03-31,P306,1,24,12578
2017-04-30,P306,1,22,12578
2017-05-31,P306,1,25,12578
2017-06-30,P306,1,53,12578
2017-07-31,P306,1,70,12578
2017-08-31,P306,1,72,12578
2017-09-30,P306,1,81,12578
2017-10-31,P306,1,98,12578
2017-11-30,P306,1,6,12578
2017-12-31,P306,1,18,12578
2017-01-31,P306,2,0,12578
2017-02-28,P306,2,0,12578
2017-03-31,P306,2,0,12578
2017-04-30,P306,2,0,12578
2017-05-31,P306,2,0,12578
2017-06-30,P306,2,0,12578
2017-07-31,P306,2,0,12578
2017-08-31,P306,2,0,12578
2017-09-30,P306,2,0,12578
2017-10-31,P306,2,0,12578
2017-11-30,P306,2,0,12578
2017-12-31,P306,2,0,12578
2017-01-31,P306,6,35,12578
2017-02-28,P306,6,37,12578
2017-03-31,P306,6,30,12578
2017-04-30,P306,6,42,12578
2017-05-31,P306,6,32,12578
2017-06-30,P306,6,62,12578
2017-07-31,P306,6,61,12578
2017-08-31,P306,6,69,12578
2017-09-30,P306,6,66,12578
2017-10-31,P306,6,54,12578
2017-11-30,P306,6,52,12578
2017-12-31,P306,6,33,12578
2017-01-31,P307,1,106,75410
2017-02-28,P307,1,106,75410
2017-03-31,P307,1,106,75410
2017-04-30,P307,1,106,75410
2017-05-31,P307,1,106,75410
2017-06-30,P307,1,106,75410
2017-07-31,P307,1,106,75410
2017-08-31,P307,1,106,75410
2017-09-30,P307,1,106,75410
2017-10-31,P307,1,106,75410
2017-11-30,P307,1,106,75410
2017-12-31,P307,1,106,75410
2017-01-31,P307,5,84,75410
2017-02-28,P307,5,56,75410
2017-03-31,P307,5,25,75410
2017-04-30,P307,5,31,75410
2017-05-31,P307,5,28,75410
2017-06-30,P307,5,29,75410
2017-07-31,P307,5,17,75410
2017-08-31,P307,5,20,75410
2017-09-30,P307,5,24,75410
2017-10-31,P307,5,17,75410
2017-11-30,P307,5,21,75410
2017-12-31,P307,5,18,75410
2017-01-31,P307,6,12,75410
2017-02-28,P307,6,19,75410
2017-03-31,P307,6,24,75410
2017-04-30,P307,6,31,75410
2017-05-31,P307,6,32,75410
2017-06-30,P307,6,37,75410
2017-07-31,P307,6,37,75410
2017-08-31,P307,6,39,75410
2017-09-30,P307,6,19,75410
2017-10-31,P307,6,19,75410
2017-11-30,P307,6,24,75410
2017-12-31,P307,6,25,75410
2017-01-31,P308,5,0,3250
2017-02-28,P308,5,0,3250
2017-03-31,P308,5,0,3250
2017-04-30,P308,5,0,3250
2017-05-31,P308,5,0,3250
2017-06-30,P308,5,0,3250
2017-07-31,P308,5,0,3250
2017-08-31,P308,5,0,3250
2017-09-30,P308,5,0,3250
2017-10-31,P308,5,0,3250
2017-11-30,P308,5,0,3250
2017-12-31,P308,5,0,3250
2017-01-31,P308,7,169,3250
2017-02-28,P308,7,188,3250
2017-03-31,P308,7,35,3250
2017-04-30,P308,7,61,3250
2017-05-31,P308,7,69,3250
2017-06-30,P308,7,86,3250
2017-07-31,P308,7,83,3250
2017-08-31,P308,7,84,3250
2017-09-30,P308,7,103,3250
2017-10-31,P308,7,123,3250
2017-11-30,P308,7,155,3250
2017-12-31,P308,7,167,3250
2017-01-31,P308,9,62,3250
2017-02-28,P308,9,0,3250
2017-03-31,P308,9,0,3250
2017-04-30,P308,9,0,3250
2017-05-31,P308,9,0,3250
2017-06-30,P308,9,0,3250
2017-07-31,P308,9,0,3250
2017-08-31,P308,9,0,3250
2017-09-30,P308,9,0,3250
2017-10-31,P308,9,0,3250
2017-11-30,P308,9,0,3250
2017-12-31,P308,9,0,3250
2017-01-31,P309,3,49,4210
2017-02-28,P309,3,0,4210
2017-03-31,P309,3,0,4210
2017-04-30,P309,3,0,4210
2017-05-31,P309,3,0,4210
2017-06-30,P309,3,0,4210
2017-07-31,P309,3,0,4210
2017-08-31,P309,3,0,4210
2017-09-30,P309,3,0,4210
2017-10-31,P309,3,0,4210
2017-11-30,P309,3,0,4210
2017-12-31,P309,3,0,4210
2017-01-31,P309,5,0,4210
2017-02-28,P309,5,0,4210
2017-03-31,P309,5,0,4210
2017-04-30,P309,5,0,4210
2017-05-31,P309,5,0,4210
2017-06-30,P309,5,0,4210
2017-07-31,P309,5,0,4210
2017-08-31,P309,5,0,4210
2017-09-30,P309,5,0,4210
2017-10-31,P309,5,0,4210
2017-11-30,P309,5,0,4210
2017-12-31,P309,5,0,4210
2017-01-31,P309,7,33,4210
2017-02-28,P309,7,42,4210
2017-03-31,P309,7,42,4210
2017-04-30,P309,7,34,4210
2017-05-31,P309,7,31,4210
2017-06-30,P309,7,32,4210
2017-07-31,P309,7,32,4210
2017-08-31,P309,7,30,4210
2017-09-30,P309,7,38,4210
2017-10-31,P309,7,61,4210
2017-11-30,P309,7,6,4210
2017-12-31,P309,7,0,4210
2017-01-31,P310,3,80,4254
2017-02-28,P310,3,116,4254
2017-03-31,P310,3,112,4254
2017-04-30,P310,3,124,4254
2017-05-31,P310,3,148,4254
2017-06-30,P310,3,6,4254
2017-07-31,P310,3,152,4254
2017-08-31,P310,3,146,4254
2017-09-30,P310,3,22,4254
2017-10-31,P310,3,32,4254
2017-11-30,P310,3,15,4254
2017-12-31,P310,3,36,4254
2017-01-31,P310,7,159,4254
2017-02-28,P310,7,162,4254
2017-03-31,P310,7,124,4254
2017-04-30,P310,7,121,4254
2017-05-31,P310,7,111,4254
2017-06-30,P310,7,94,4254
2017-07-31,P310,7,106,4254
2017-08-31,P310,7,106,4254
2017-09-30,P310,7,108,4254
2017-10-31,P310,7,100,4254
2017-11-30,P310,7,104,4254
2017-12-31,P310,7,118,4254
2017-01-31,P310,8,122,4254
2017-02-28,P310,8,56,4254
2017-03-31,P310,8,56,4254
2017-04-30,P310,8,2,4254
2017-05-31,P310,8,63,4254
2017-06-30,P310,8,16,4254
2017-07-31,P310,8,18,4254
2017-08-31,P310,8,15,4254
2017-09-30,P310,8,33,4254
2017-10-31,P310,8,28,4254
2017-11-30,P310,8,29,4254
2017-12-31,P310,8,38,4254
2017-01-31,P311,2,64,4154
2017-02-28,P311,2,64,4154
2017-03-31,P311,2,64,4154
2017-04-30,P311,2,64,4154
2017-05-31,P311,2,64,4154
2017-06-30,P311,2,64,4154
2017-07-31,P311,2,64,4154
2017-08-31,P311,2,64,4154
2017-09-30,P311,2,64,4154
2017-10-31,P311,2,64,4154
2017-11-30,P311,2,64,4154
2017-12-31,P311,2,64,4154
2017-01-31,P311,3,39,4154
2017-02-28,P311,3,52,4154
2017-03-31,P311,3,46,4154
2017-04-30,P311,3,46,4154
2017-05-31,P311,3,54,4154
2017-06-30,P311,3,52,4154
2017-07-31,P311,3,46,4154
2017-08-31,P311,3,37,4154
2017-09-30,P311,3,44,4154
2017-10-31,P311,3,46,4154
2017-11-30,P311,3,36,4154
2017-12-31,P311,3,40,4154
2017-01-31,P311,9,75,4154
2017-02-28,P311,9,71,4154
2017-03-31,P311,9,67,4154
2017-04-30,P311,9,59,4154
2017-05-31,P311,9,73,4154
2017-06-30,P311,9,15,4154
2017-07-31,P311,9,25,4154
2017-08-31,P311,9,24,4154
2017-09-30,P311,9,28,4154
2017-10-31,P311,9,28,4154
2017-11-30,P311,9,27,4154
2017-12-31,P311,9,43,4154
2017-01-31,P312,2,69,4250
2017-02-28,P312,2,46,4250
2017-03-31,P312,2,13,4250
2017-04-30,P312,2,21,4250
2017-05-31,P312,2,30,4250
2017-06-30,P312,2,7,4250
2017-07-31,P312,2,13,4250
2017-08-31,P312,2,17,4250
2017-09-30,P312,2,25,4250
2017-10-31,P312,2,17,4250
2017-11-30,P312,2,17,4250
2017-12-31,P312,2,14,4250
2017-01-31,P312,3,88,4250
2017-02-28,P312,3,77,4250
2017-03-31,P312,3,89,4250
2017-04-30,P312,3,69,4250
2017-05-31,P312,3,95,4250
2017-06-30,P312,3,100,4250
2017-07-31,P312,3,107,4250
2017-08-31,P312,3,144,4250
2017-09-30,P312,3,165,4250
2017-10-31,P312,3,26,4250
2017-11-30,P312,3,48,4250
2017-12-31,P312,3,75,4250
2017-01-31,P312,4,9,4250
2017-02-28,P312,4,11,4250
2017-03-31,P312,4,32,4250
2017-04-30,P312,4,29,4250
2017-05-31,P312,4,30,4250
2017-06-30,P312,4,25,4250
2017-07-31,P312,4,27,4250
2017-08-31,P312,4,28,4250
2017-09-30,P312,4,19,4250
2017-10-31,P312,4,23,4250
2017-11-30,P312,4,27,4250
2017-12-31,P312,4,29,4250
2017-01-31,P313,3,33,2300
2017-02-28,P313,3,52,2300
2017-03-31,P313,3,50,2300
2017-04-30,P313,3,43,2300
2017-05-31,P313,3,53,2300
2017-06-30,P313,3,56,2300
2017-07-31,P313,3,37,2300
2017-08-31,P313,3,55,2300
2017-09-30,P313,3,50,2300
2017-10-31,P313,3,62,2300
2017-11-30,P313,3,73,2300
2017-12-31,P313,3,82,2300
2017-01-31,P313,4,131,2300
2017-02-28,P313,4,193,2300
2017-03-31,P313,4,184,2300
2017-04-30,P313,4,49,2300
2017-05-31,P313,4,112,2300
2017-06-30,P313,4,142,2300
2017-07-31,P313,4,138,2300
2017-08-31,P313,4,147,2300
2017-09-30,P313,4,136,2300
2017-10-31,P313,4,159,2300
2017-11-30,P313,4,192,2300
2017-12-31,P313,4,117,2300
2017-01-31,P313,6,58,2300
2017-02-28,P313,6,93,2300
2017-03-31,P313,6,1,2300
2017-04-30,P313,6,7,2300
2017-05-31,P313,6,2,2300
2017-06-30,P313,6,36,2300
2017-07-31,P313,6,57,2300
2017-08-31,P313,6,52,2300
2017-09-30,P313,6,61,2300
2017-10-31,P313,6,50,2300
2017-11-30,P313,6,43,2300
2017-12-31,P313,6,31,2300
2017-01-31,P314,5,28,330
2017-02-28,P314,5,36,330
2017-03-31,P314,5,36,330
2017-04-30,P314,5,15,330
2017-05-31,P314,5,10,330
2017-06-30,P314,5,9,330
2017-07-31,P314,5,20,330
2017-08-31,P314,5,18,330
2017-09-30,P314,5,23,330
2017-10-31,P314,5,34,330
2017-11-30,P314,5,25,330
2017-12-31,P314,5,26,330
2017-01-31,P314,6,0,330
2017-02-28,P314,6,0,330
2017-03-31,P314,6,0,330
2017-04-30,P314,6,0,330
2017-05-31,P314,6,0,330
2017-06-30,P314,6,0,330
2017-07-31,P314,6,0,330
2017-08-31,P314,6,0,330
2017-09-30,P314,6,0,330
2017-10-31,P314,6,0,330
2017-11-30,P314,6,0,330
2017-12-31,P314,6,0,330
2017-01-31,P314,9,6,330
2017-02-28,P314,9,0,330
2017-03-31,P314,9,0,330
2017-04-30,P314,9,0,330
2017-05-31,P314,9,0,330
2017-06-30,P314,9,0,330
2017-07-31,P314,9,0,330
2017-08-31,P314,9,0,330
2017-09-30,P314,9,0,330
2017-10-31,P314,9,0,330
2017-11-30,P314,9,0,330
2017-12-31,P314,9,0,330
2017-01-31,P315,1,51,3800
2017-02-28,P315,1,87,3800
2017-03-31,P315,1,72,3800
2017-04-30,P315,1,88,3800
2017-05-31,P315,1,80,3800
2017-06-30,P315,1,80,3800
2017-07-31,P315,1,65,3800
2017-08-31,P315,1,43,3800
2017-09-30,P315,1,34,3800
2017-10-31,P315,1,52,3800
2017-11-30,P315,1,64,3800
2017-12-31,P315,1,59,3800
2017-01-31,P315,8,52,3800
2017-02-28,P315,8,90,3800
2017-03-31,P315,8,106,3800
2017-04-30,P315,8,115,3800
2017-05-31,P315,8,117,3800
2017-06-30,P315,8,118,3800
2017-07-31,P315,8,116,3800
2017-08-31,P315,8,136,3800
2017-09-30,P315,8,134,3800
2017-10-31,P315,8,126,3800
2017-11-30,P315,8,9,3800
2017-12-31,P315,8,37,3800
2017-01-31,P315,9,142,3800
2017-02-28,P315,9,134,3800
2017-03-31,P315,9,130,3800
2017-04-30,P315,9,150,3800
2017-05-31,P315,9,137,3800
2017-06-30,P315,9,121,3800
2017-07-31,P315,9,121,3800
2017-08-31,P315,9,167,3800
2017-09-30,P315,9,0,3800
2017-10-31,P315,9,188,3800
2017-11-30,P315,9,160,3800
2017-12-31,P315,9,144,3800
2017-01-31,P316,3,34,2550
2017-02-28,P316,3,34,2550
2017-03-31,P316,3,34,2550
2017-04-30,P316,3,34,2550
2017-05-31,P316,3,34,2550
2017-06-30,P316,3,34,2550
2017-07-31,P316,3,34,2550
2017-08-31,P316,3,34,2550
2017-09-30,P316,3,34,2550
2017-10-31,P316,3,34,2550
2017-11-30,P316,3,34,2550
2017-12-31,P316,3,34,2550
2017-01-31,P316,5,0,2550
2017-02-28,P316,5,0,2550
2017-03-31,P316,5,0,2550
2017-04-30,P316,5,0,2550
2017-05-31,P316,5,0,2550
2017-06-30,P316,5,0,2550
2017-07-31,P316,5,0,2550
2017-08-31,P316,5,0,2550
2017-09-30,P316,5,0,2550
2017-10-31,P316,5,0,2550
2017-11-30,P316,5,0,2550
2017-12-31,P316,5,0,2550
2017-01-31,P316,7,121,2550
2017-02-28,P316,7,118,2550
2017-03-31,P316,7,143,2550
2017-04-30,P316,7,98,2550
2017-05-31,P316,7,93,2550
2017-06-30,P316,7,106,2550
2017-07-31,P316,7,115,2550
2017-08-31,P316,7,89,2550
2017-09-30,P316,7,80,2550
2017-10-31,P316,7,104,2550
2017-11-30,P316,7,114,2550
2017-12-31,P316,7,116,2550
2017-01-31,P317,2,47,3400
2017-02-28,P317,2,50,3400
2017-03-31,P317,2,63,3400
2017-04-30,P317,2,75,3400
2017-05-31,P317,2,75,3400
2017-06-30,P317,2,71,3400
2017-07-31,P317,2,74,3400
2017-08-31,P317,2,82,3400
2017-09-30,P317,2,34,3400
2017-10-31,P317,2,28,3400
2017-11-30,P317,2,41,3400
2017-12-31,P317,2,53,3400
2017-01-31,P317,5,178,3400
2017-02-28,P317,5,191,3400
2017-03-31,P317,5,199,3400
2017-04-30,P317,5,41,3400
2017-05-31,P317,5,77,3400
2017-06-30,P317,5,80,3400
2017-07-31,P317,5,99,3400
2017-08-31,P317,5,76,3400
2017-09-30,P317,5,67,3400
2017-10-31,P317,5,216,3400
2017-11-30,P317,5,209,3400
2017-12-31,P317,5,223,3400
2017-01-31,P317,7,52,3400
2017-02-28,P317,7,95,3400
2017-03-31,P317,7,92,3400
2017-04-30,P317,7,91,3400
2017-05-31,P317,7,88,3400
2017-06-30,P317,7,95,3400
2017-07-31,P317,7,86,3400
2017-08-31,P317,7,99,3400
2017-09-30,P317,7,123,3400
2017-10-31,P317,7,114,3400
2017-11-30,P317,7,129,3400
2017-12-31,P317,7,94,3400
2017-01-31,P318,5,78,498
2017-02-28,P318,5,120,498
2017-03-31,P318,5,39,498
2017-04-30,P318,5,35,498
2017-05-31,P318,5,45,498
2017-06-30,P318,5,37,498
2017-07-31,P318,5,45,498
2017-08-31,P318,5,58,498
2017-09-30,P318,5,64,498
2017-10-31,P318,5,73,498
2017-11-30,P318,5,65,498
2017-12-31,P318,5,83,498
2017-01-31,P318,6,56,498
2017-02-28,P318,6,70,498
2017-03-31,P318,6,62,498
2017-04-30,P318,6,63,498
2017-05-31,P318,6,68,498
2017-06-30,P318,6,66,498
2017-07-31,P318,6,72,498
2017-08-31,P318,6,23,498
2017-09-30,P318,6,24,498
2017-10-31,P318,6,31,498
2017-11-30,P318,6,41,498
2017-12-31,P318,6,35,498
2017-01-31,P318,9,349,498
2017-02-28,P318,9,211,498
2017-03-31,P318,9,29,498
2017-04-30,P318,9,56,498
2017-05-31,P318,9,67,498
2017-06-30,P318,9,65,498
2017-07-31,P318,9,84,498
2017-08-31,P318,9,79,498
2017-09-30,P318,9,92,498
2017-10-31,P318,9,91,498
2017-11-30,P318,9,52,498
2017-12-31,P318,9,43,498
2017-01-31,P319,4,119,3100
2017-02-28,P319,4,121,3100
2017-03-31,P319,4,124,3100
2017-04-30,P319,4,128,3100
2017-05-31,P319,4,121,3100
2017-06-30,P319,4,95,3100
2017-07-31,P319,4,120,3100
2017-08-31,P319,4,150,3100
2017-09-30,P319,4,137,3100
2017-10-31,P319,4,160,3100
2017-11-30,P319,4,135,3100
2017-12-31,P319,4,131,3100
2017-01-31,P319,5,12,3100
2017-02-28,P319,5,12,3100
2017-03-31,P319,5,10,3100
2017-04-30,P319,5,15,3100
2017-05-31,P319,5,16,3100
2017-06-30,P319,5,13,3100
2017-07-31,P319,5,18,3100
2017-08-31,P319,5,16,3100
2017-09-30,P319,5,9,3100
2017-10-31,P319,5,17,3100
2017-11-30,P319,5,17,3100
2017-12-31,P319,5,19,3100
2017-01-31,P319,6,0,3100
2017-02-28,P319,6,0,3100
2017-03-31,P319,6,0,3100
2017-04-30,P319,6,0,3100
2017-05-31,P319,6,0,3100
2017-06-30,P319,6,0,3100
2017-07-31,P319,6,0,3100
2017-08-31,P319,6,0,3100
2017-09-30,P319,6,0,3100
2017-10-31,P319,6,0,3100
2017-11-30,P319,6,0,3100
2017-12-31,P319,6,0,3100
2017-01-31,P320,1,95,5000
2017-02-28,P320,1,103,5000
2017-03-31,P320,1,125,5000
2017-04-30,P320,1,0,5000
2017-05-31,P320,1,133,5000
2017-06-30,P320,1,0,5000
2017-07-31,P320,1,153,5000
2017-08-31,P320,1,19,5000
2017-09-30,P320,1,32,5000
2017-10-31,P320,1,36,5000
2017-11-30,P320,1,58,5000
2017-12-31,P320,1,49,5000
2017-01-31,P320,7,20,5000
2017-02-28,P320,7,22,5000
2017-03-31,P320,7,19,5000
2017-04-30,P320,7,12,5000
2017-05-31,P320,7,17,5000
2017-06-30,P320,7,26,5000
2017-07-31,P320,7,34,5000
2017-08-31,P320,7,28,5000
2017-09-30,P320,7,7,5000
2017-10-31,P320,7,32,5000
2017-11-30,P320,7,6,5000
2017-12-31,P320,7,6,5000
2017-01-31,P320,9,140,5000
2017-02-28,P320,9,92,5000
2017-03-31,P320,9,26,5000
2017-04-30,P320,9,47,5000
2017-05-31,P320,9,42,5000
2017-06-30,P320,9,37,5000
2017-07-31,P320,9,40,5000
2017-08-31,P320,9,46,5000
2017-09-30,P320,9,42,5000
2017-10-31,P320,9,47,5000
2017-11-30,P320,9,56,5000
2017-12-31,P320,9,54,5000
2017-01-31,P321,2,22,2101.59
2017-02-28,P321,2,26,2101.59
2017-03-31,P321,2,25,2101.59
2017-04-30,P321,2,27,2101.59
2017-05-31,P321,2,32,2101.59
2017-06-30,P321,2,34,2101.59
2017-07-31,P321,2,26,2101.59
2017-08-31,P321,2,23,2101.59
2017-09-30,P321,2,28,2101.59
2017-10-31,P321,2,20,2101.59
2017-11-30,P321,2,20,2101.59
2017-12-31,P321,2,25,2101.59
2017-01-31,P321,8,112,2101.59
2017-02-28,P321,8,117,2101.59
2017-03-31,P321,8,138,2101.59
2017-04-30,P321,8,161,2101.59
2017-05-31,P321,8,133,2101.59
2017-06-30,P321,8,165,2101.59
2017-07-31,P321,8,186,2101.59
2017-08-31,P321,8,25,2101.59
2017-09-30,P321,8,33,2101.59
2017-10-31,P321,8,24,2101.59
2017-11-30,P321,8,48,2101.59
2017-12-31,P321,8,43,2101.59
2017-01-31,P321,9,17,2101.59
2017-02-28,P321,9,24,2101.59
2017-03-31,P321,9,19,2101.59
2017-04-30,P321,9,26,2101.59
2017-05-31,P321,9,55,2101.59
2017-06-30,P321,9,68,2101.59
2017-07-31,P321,9,83,2101.59
2017-08-31,P321,9,86,2101.59
2017-09-30,P321,9,19,2101.59
2017-10-31,P321,9,31,2101.59
2017-11-30,P321,9,25,2101.59
2017-12-31,P321,9,37,2101.59
2017-01-31,P322,4,45,1780.35
2017-02-28,P322,4,33,1780.35
2017-03-31,P322,4,36,1780.35
2017-04-30,P322,4,43,1780.35
2017-05-31,P322,4,43,1780.35
2017-06-30,P322,4,57,1780.35
2017-07-31,P322,4,70,1780.35
2017-08-31,P322,4,73,1780.35
2017-09-30,P322,4,23,1780.35
2017-10-31,P322,4,27,1780.35
2017-11-30,P322,4,40,1780.35
2017-12-31,P322,4,47,1780.35
2017-01-31,P322,6,0,1780.35
2017-02-28,P322,6,0,1780.35
2017-03-31,P322,6,0,1780.35
2017-04-30,P322,6,0,1780.35
2017-05-31,P322,6,0,1780.35
2017-06-30,P322,6,0,1780.35
2017-07-31,P322,6,0,1780.35
2017-08-31,P322,6,0,1780.35
2017-09-30,P322,6,0,1780.35
2017-10-31,P322,6,0,1780.35
2017-11-30,P322,6,0,1780.35
2017-12-31,P322,6,0,1780.35
2017-01-31,P322,8,153,1780.35
2017-02-28,P322,8,150,1780.35
2017-03-31,P322,8,7,1780.35
2017-04-30,P322,8,6,1780.35
2017-05-31,P322,8,155,1780.35
2017-06-30,P322,8,146,1780.35
2017-07-31,P322,8,157,1780.35
2017-08-31,P322,8,23,1780.35
2017-09-30,P322,8,21,1780.35
2017-10-31,P322,8,158,1780.35
2017-11-30,P322,8,150,1780.35
2017-12-31,P322,8,35,1780.35
2017-01-31,P323,5,105,1793.53
2017-02-28,P323,5,102,1793.53
2017-03-31,P323,5,86,1793.53
2017-04-30,P323,5,83,1793.53
2017-05-31,P323,5,79,1793.53
2017-06-30,P323,5,83,1793.53
2017-07-31,P323,5,74,1793.53
2017-08-31,P323,5,52,1793.53
2017-09-30,P323,5,55,1793.53
2017-10-31,P323,5,41,1793.53
2017-11-30,P323,5,40,1793.53
2017-12-31,P323,5,35,1793.53
2017-01-31,P323,6,140,1793.53
2017-02-28,P323,6,142,1793.53
2017-03-31,P323,6,130,1793.53
2017-04-30,P323,6,113,1793.53
2017-05-31,P323,6,134,1793.53
2017-06-30,P323,6,120,1793.53
2017-07-31,P323,6,127,1793.53
2017-08-31,P323,6,132,1793.53
2017-09-30,P323,6,16,1793.53
2017-10-31,P323,6,133,1793.53
2017-11-30,P323,6,135,1793.53
2017-12-31,P323,6,5,1793.53
2017-01-31,P323,9,90,1793.53
2017-02-28,P323,9,81,1793.53
2017-03-31,P323,9,44,1793.53
2017-04-30,P323,9,53,1793.53
2017-05-31,P323,9,51,1793.53
2017-06-30,P323,9,58,1793.53
2017-07-31,P323,9,69,1793.53
2017-08-31,P323,9,67,1793.53
2017-09-30,P323,9,127,1793.53
2017-10-31,P323,9,129,1793.53
2017-11-30,P323,9,118,1793.53
2017-12-31,P323,9,116,1793.53
2017-01-31,P324,3,0,1940.18
2017-02-28,P324,3,0,1940.18
2017-03-31,P324,3,0,1940.18
2017-04-30,P324,3,0,1940.18
2017-05-31,P324,3,0,1940.18
2017-06-30,P324,3,0,1940.18
2017-07-31,P324,3,0,1940.18
2017-08-31,P324,3,0,1940.18
2017-09-30,P324,3,0,1940.18
2017-10-31,P324,3,0,1940.18
2017-11-30,P324,3,0,1940.18
2017-12-31,P324,3,0,1940.18
2017-01-31,P324,8,401,1940.18
2017-02-28,P324,8,283,1940.18
2017-03-31,P324,8,139,1940.18
2017-04-30,P324,8,141,1940.18
2017-05-31,P324,8,117,1940.18
2017-06-30,P324,8,108,1940.18
2017-07-31,P324,8,104,1940.18
2017-08-31,P324,8,107,1940.18
2017-09-30,P324,8,102,1940.18
2017-10-31,P324,8,112,1940.18
2017-11-30,P324,8,128,1940.18
2017-12-31,P324,8,137,1940.18
2017-01-31,P324,9,306,1940.18
2017-02-28,P324,9,187,1940.18
2017-03-31,P324,9,37,1940.18
2017-04-30,P324,9,67,1940.18
2017-05-31,P324,9,104,1940.18
2017-06-30,P324,9,81,1940.18
2017-07-31,P324,9,73,1940.18
2017-08-31,P324,9,47,1940.18
2017-09-30,P324,9,61,1940.18
2017-10-31,P324,9,53,1940.18
2017-11-30,P324,9,51,1940.18
2017-12-31,P324,9,45,1940.18
2017-01-31,P325,4,63,1888.33
2017-02-28,P325,4,100,1888.33
2017-03-31,P325,4,99,1888.33
2017-04-30,P325,4,113,1888.33
2017-05-31,P325,4,86,1888.33
2017-06-30,P325,4,58,1888.33
2017-07-31,P325,4,57,1888.33
2017-08-31,P325,4,88,1888.33
2017-09-30,P325,4,75,1888.33
2017-10-31,P325,4,71,1888.33
2017-11-30,P325,4,112,1888.33
2017-12-31,P325,4,123,1888.33
2017-01-31,P325,8,148,1888.33
2017-02-28,P325,8,160,1888.33
2017-03-31,P325,8,169,1888.33
2017-04-30,P325,8,153,1888.33
2017-05-31,P325,8,132,1888.33
2017-06-30,P325,8,142,1888.33
2017-07-31,P325,8,154,1888.33
2017-08-31,P325,8,141,1888.33
2017-09-30,P325,8,176,1888.33
2017-10-31,P325,8,191,1888.33
2017-11-30,P325,8,73,1888.33
2017-12-31,P325,8,82,1888.33
2017-01-31,P325,9,187,1888.33
2017-02-28,P325,9,127,1888.33
2017-03-31,P325,9,60,1888.33
2017-04-30,P325,9,72,1888.33
2017-05-31,P325,9,76,1888.33
2017-06-30,P325,9,69,1888.33
2017-07-31,P325,9,78,1888.33
2017-08-31,P325,9,73,1888.33
2017-09-30,P325,9,22,1888.33
2017-10-31,P325,9,34,1888.33
2017-11-30,P325,9,49,1888.33
2017-12-31,P325,9,53,1888.33
2017-01-31,P326,3,54,1781.47
2017-02-28,P326,3,51,1781.47
2017-03-31,P326,3,50,1781.47
2017-04-30,P326,3,57,1781.47
2017-05-31,P326,3,67,1781.47
2017-06-30,P326,3,39,1781.47
2017-07-31,P326,3,41,1781.47
2017-08-31,P326,3,54,1781.47
2017-09-30,P326,3,57,1781.47
2017-10-31,P326,3,49,1781.47
2017-11-30,P326,3,53,1781.47
2017-12-31,P326,3,36,1781.47
2017-01-31,P326,5,88,1781.47
2017-02-28,P326,5,107,1781.47
2017-03-31,P326,5,124,1781.47
2017-04-30,P326,5,5,1781.47
2017-05-31,P326,5,20,1781.47
2017-06-30,P326,5,20,1781.47
2017-07-31,P326,5,31,1781.47
2017-08-31,P326,5,32,1781.47
2017-09-30,P326,5,47,1781.47
2017-10-31,P326,5,62,1781.47
2017-11-30,P326,5,56,1781.47
2017-12-31,P326,5,79,1781.47
2017-01-31,P326,7,125,1781.47
2017-02-28,P326,7,152,1781.47
2017-03-31,P326,7,137,1781.47
2017-04-30,P326,7,126,1781.47
2017-05-31,P326,7,117,1781.47
2017-06-30,P326,7,145,1781.47
2017-07-31,P326,7,124,1781.47
2017-08-31,P326,7,144,1781.47
2017-09-30,P326,7,51,1781.47
2017-10-31,P326,7,66,1781.47
2017-11-30,P326,7,59,1781.47
2017-12-31,P326,7,66,1781.47
2017-01-31,P327,2,56,1723.83
2017-02-28,P327,2,74,1723.83
2017-03-31,P327,2,73,1723.83
2017-04-30,P327,2,91,1723.83
2017-05-31,P327,2,122,1723.83
2017-06-30,P327,2,140,1723.83
2017-07-31,P327,2,135,1723.83
2017-08-31,P327,2,127,1723.83
2017-09-30,P327,2,19,1723.83
2017-10-31,P327,2,162,1723.83
2017-11-30,P327,2,137,1723.83
2017-12-31,P327,2,0,1723.83
2017-01-31,P327,7,27,1723.83
2017-02-28,P327,7,42,1723.83
2017-03-31,P327,7,44,1723.83
2017-04-30,P327,7,84,1723.83
2017-05-31,P327,7,111,1723.83
2017-06-30,P327,7,4,1723.83
2017-07-31,P327,7,24,1723.83
2017-08-31,P327,7,30,1723.83
2017-09-30,P327,7,39,1723.83
2017-10-31,P327,7,48,1723.83
2017-11-30,P327,7,43,1723.83
2017-12-31,P327,7,56,1723.83
2017-01-31,P327,9,24,1723.83
2017-02-28,P327,9,29,1723.83
2017-03-31,P327,9,0,1723.83
2017-04-30,P327,9,1,1723.83
2017-05-31,P327,9,28,1723.83
2017-06-30,P327,9,29,1723.83
2017-07-31,P327,9,2,1723.83
2017-08-31,P327,9,15,1723.83
2017-09-30,P327,9,17,1723.83
2017-10-31,P327,9,15,1723.83
2017-11-30,P327,9,20,1723.83
2017-12-31,P327,9,1,1723.83
2017-01-31,P328,1,22,1504.08
2017-02-28,P328,1,22,1504.08
2017-03-31,P328,1,0,1504.08
2017-04-30,P328,1,24,1504.08
2017-05-31,P328,1,15,1504.08
2017-06-30,P328,1,51,1504.08
2017-07-31,P328,1,72,1504.08
2017-08-31,P328,1,80,1504.08
2017-09-30,P328,1,87,1504.08
2017-10-31,P328,1,108,1504.08
2017-11-30,P328,1,116,1504.08
2017-12-31,P328,1,141,1504.08
2017-01-31,P328,4,55,1504.08
2017-02-28,P328,4,38,1504.08
2017-03-31,P328,4,33,1504.08
2017-04-30,P328,4,38,1504.08
2017-05-31,P328,4,37,1504.08
2017-06-30,P328,4,42,1504.08
2017-07-31,P328,4,34,1504.08
2017-08-31,P328,4,49,1504.08
2017-09-30,P328,4,52,1504.08
2017-10-31,P328,4,46,1504.08
2017-11-30,P328,4,55,1504.08
2017-12-31,P328,4,3,1504.08
2017-01-31,P328,5,323,1504.08
2017-02-28,P328,5,174,1504.08
2017-03-31,P328,5,27,1504.08
2017-04-30,P328,5,5,1504.08
2017-05-31,P328,5,20,1504.08
2017-06-30,P328,5,37,1504.08
2017-07-31,P328,5,64,1504.08
2017-08-31,P328,5,69,1504.08
2017-09-30,P328,5,73,1504.08
2017-10-31,P328,5,79,1504.08
2017-11-30,P328,5,106,1504.08
2017-12-31,P328,5,136,1504.08
2017-01-31,P329,3,34,1499.26
2017-02-28,P329,3,52,1499.26
2017-03-31,P329,3,77,1499.26
2017-04-30,P329,3,94,1499.26
2017-05-31,P329,3,95,1499.26
2017-06-30,P329,3,88,1499.26
2017-07-31,P329,3,70,1499.26
2017-08-31,P329,3,83,1499.26
2017-09-30,P329,3,79,1499.26
2017-10-31,P329,3,69,1499.26
2017-11-30,P329,3,99,1499.26
2017-12-31,P329,3,110,1499.26
2017-01-31,P329,4,331,1499.26
2017-02-28,P329,4,219,1499.26
2017-03-31,P329,4,74,1499.26
2017-04-30,P329,4,61,1499.26
2017-05-31,P329,4,49,1499.26
2017-06-30,P329,4,66,1499.26
2017-07-31,P329,4,49,1499.26
2017-08-31,P329,4,48,1499.26
2017-09-30,P329,4,62,1499.26
2017-10-31,P329,4,37,1499.26
2017-11-30,P329,4,42,1499.26
2017-12-31,P329,4,29,1499.26
2017-01-31,P329,8,25,1499.26
2017-02-28,P329,8,25,1499.26
2017-03-31,P329,8,25,1499.26
2017-04-30,P329,8,25,1499.26
2017-05-31,P329,8,25,1499.26
2017-06-30,P329,8,25,1499.26
2017-07-31,P329,8,25,1499.26
2017-08-31,P329,8,25,1499.26
2017-09-30,P329,8,25,1499.26
2017-10-31,P329,8,25,1499.26
2017-11-30,P329,8,25,1499.26
2017-12-31,P329,8,25,1499.26
2017-01-31,P330,2,101,1540.35
2017-02-28,P330,2,99,1540.35
2017-03-31,P330,2,92,1540.35
2017-04-30,P330,2,10,1540.35
2017-05-31,P330,2,42,1540.35
2017-06-30,P330,2,53,1540.35
2017-07-31,P330,2,60,1540.35
2017-08-31,P330,2,70,1540.35
2017-09-30,P330,2,80,1540.35
2017-10-31,P330,2,65,1540.35
2017-11-30,P330,2,77,1540.35
2017-12-31,P330,2,87,1540.35
2017-01-31,P330,3,123,1540.35
2017-02-28,P330,3,147,1540.35
2017-03-31,P330,3,133,1540.35
2017-04-30,P330,3,130,1540.35
2017-05-31,P330,3,122,1540.35
2017-06-30,P330,3,125,1540.35
2017-07-31,P330,3,122,1540.35
2017-08-31,P330,3,145,1540.35
2017-09-30,P330,3,168,1540.35
2017-10-31,P330,3,156,1540.35
2017-11-30,P330,3,181,1540.35
2017-12-31,P330,3,158,1540.35
2017-01-31,P330,8,8,1540.35
2017-02-28,P330,8,0,1540.35
2017-03-31,P330,8,0,1540.35
2017-04-30,P330,8,0,1540.35
2017-05-31,P330,8,0,1540.35
2017-06-30,P330,8,0,1540.35
2017-07-31,P330,8,0,1540.35
2017-08-31,P330,8,0,1540.35
2017-09-30,P330,8,0,1540.35
2017-10-31,P330,8,0,1540.35
2017-11-30,P330,8,0,1540.35
2017-12-31,P330,8,0,1540.35
2017-01-31,P331,6,0,1671.95
2017-02-28,P331,6,0,1671.95
2017-03-31,P331,6,0,1671.95
2017-04-30,P331,6,0,1671.95
2017-05-31,P331,6,0,1671.95
2017-06-30,P331,6,0,1671.95
2017-07-31,P331,6,0,1671.95
2017-08-31,P331,6,0,1671.95
2017-09-30,P331,6,0,1671.95
2017-10-31,P331,6,0,1671.95
2017-11-30,P331,6,0,1671.95
2017-12-31,P331,6,0,1671.95
2017-01-31,P331,7,99,1671.95
2017-02-28,P331,7,126,1671.95
2017-03-31,P331,7,144,1671.95
2017-04-30,P331,7,32,1671.95
2017-05-31,P331,7,49,1671.95
2017-06-30,P331,7,57,1671.95
2017-07-31,P331,7,87,1671.95
2017-08-31,P331,7,74,1671.95
2017-09-30,P331,7,102,1671.95
2017-10-31,P331,7,134,1671.95
2017-11-30,P331,7,134,1671.95
2017-12-31,P331,7,132,1671.95
2017-01-31,P331,8,23,1671.95
2017-02-28,P331,8,34,1671.95
2017-03-31,P331,8,28,1671.95
2017-04-30,P331,8,35,1671.95
2017-05-31,P331,8,34,1671.95
2017-06-30,P331,8,47,1671.95
2017-07-31,P331,8,44,1671.95
2017-08-31,P331,8,40,1671.95
2017-09-30,P331,8,33,1671.95
2017-10-31,P331,8,41,1671.95
2017-11-30,P331,8,41,1671.95
2017-12-31,P331,8,42,1671.95
2017-01-31,P332,1,362,1706.95
2017-02-28,P332,1,254,1706.95
2017-03-31,P332,1,121,1706.95
2017-04-30,P332,1,128,1706.95
2017-05-31,P332,1,148,1706.95
2017-06-30,P332,1,133,1706.95
2017-07-31,P332,1,108,1706.95
2017-08-31,P332,1,108,1706.95
2017-09-30,P332,1,114,1706.95
2017-10-31,P332,1,116,1706.95
2017-11-30,P332,1,136,1706.95
2017-12-31,P332,1,124,1706.95
2017-01-31,P332,4,126,1706.95
2017-02-28,P332,4,142,1706.95
2017-03-31,P332,4,125,1706.95
2017-04-30,P332,4,141,1706.95
2017-05-31,P332,4,140,1706.95
2017-06-30,P332,4,145,1706.95
2017-07-31,P332,4,135,1706.95
2017-08-31,P332,4,164,1706.95
2017-09-30,P332,4,36,1706.95
2017-10-31,P332,4,56,1706.95
2017-11-30,P332,4,64,1706.95
2017-12-31,P332,4,37,1706.95
2017-01-31,P332,5,366,1706.95
2017-02-28,P332,5,209,1706.95
2017-03-31,P332,5,73,1706.95
2017-04-30,P332,5,93,1706.95
2017-05-31,P332,5,113,1706.95
2017-06-30,P332,5,111,1706.95
2017-07-31,P332,5,110,1706.95
2017-08-31,P332,5,100,1706.95
2017-09-30,P332,5,95,1706.95
2017-10-31,P332,5,126,1706.95
2017-11-30,P332,5,154,1706.95
2017-12-31,P332,5,154,1706.95
2017-01-31,P333,5,43,1323.12
2017-02-28,P333,5,65,1323.12
2017-03-31,P333,5,53,1323.12
2017-04-30,P333,5,78,1323.12
2017-05-31,P333,5,74,1323.12
2017-06-30,P333,5,65,1323.12
2017-07-31,P333,5,60,1323.12
2017-08-31,P333,5,57,1323.12
2017-09-30,P333,5,61,1323.12
2017-10-31,P333,5,59,1323.12
2017-11-30,P333,5,66,1323.12
2017-12-31,P333,5,93,1323.12
2017-01-31,P333,8,38,1323.12
2017-02-28,P333,8,47,1323.12
2017-03-31,P333,8,55,1323.12
2017-04-30,P333,8,53,1323.12
2017-05-31,P333,8,43,1323.12
2017-06-30,P333,8,52,1323.12
2017-07-31,P333,8,44,1323.12
2017-08-31,P333,8,43,1323.12
2017-09-30,P333,8,35,1323.12
2017-10-31,P333,8,34,1323.12
2017-11-30,P333,8,29,1323.12
2017-12-31,P333,8,21,1323.12
2017-01-31,P333,9,38,1323.12
2017-02-28,P333,9,38,1323.12
2017-03-31,P333,9,8,1323.12
2017-04-30,P333,9,14,1323.12
2017-05-31,P333,9,9,1323.12
2017-06-30,P333,9,13,1323.12
2017-07-31,P333,9,18,1323.12
2017-08-31,P333,9,14,1323.12
2017-09-30,P333,9,15,1323.12
2017-10-31,P333,9,16,1323.12
2017-11-30,P333,9,34,1323.12
2017-12-31,P333,9,35,1323.12
2017-01-31,P334,3,179,1369.83
2017-02-28,P334,3,123,1369.83
2017-03-31,P334,3,62,1369.83
2017-04-30,P334,3,66,1369.83
2017-05-31,P334,3,78,1369.83
2017-06-30,P334,3,69,1369.83
2017-07-31,P334,3,77,1369.83
2017-08-31,P334,3,24,1369.83
2017-09-30,P334,3,30,1369.83
2017-10-31,P334,3,38,1369.83
2017-11-30,P334,3,28,1369.83
2017-12-31,P334,3,29,1369.83
2017-01-31,P334,4,103,1369.83
2017-02-28,P334,4,134,1369.83
2017-03-31,P334,4,136,1369.83
2017-04-30,P334,4,130,1369.83
2017-05-31,P334,4,99,1369.83
2017-06-30,P334,4,130,1369.83
2017-07-31,P334,4,126,1369.83
2017-08-31,P334,4,142,1369.83
2017-09-30,P334,4,0,1369.83
2017-10-31,P334,4,157,1369.83
2017-11-30,P334,4,19,1369.83
2017-12-31,P334,4,37,1369.83
2017-01-31,P334,8,100,1369.83
2017-02-28,P334,8,71,1369.83
2017-03-31,P334,8,46,1369.83
2017-04-30,P334,8,22,1369.83
2017-05-31,P334,8,19,1369.83
2017-06-30,P334,8,12,1369.83
2017-07-31,P334,8,41,1369.83
2017-08-31,P334,8,12,1369.83
2017-09-30,P334,8,11,1369.83
2017-10-31,P334,8,12,1369.83
2017-11-30,P334,8,21,1369.83
2017-12-31,P334,8,26,1369.83
2017-01-31,P335,4,34,1496.43
2017-02-28,P335,4,42,1496.43
2017-03-31,P335,4,12,1496.43
2017-04-30,P335,4,14,1496.43
2017-05-31,P335,4,23,1496.43
2017-06-30,P335,4,25,1496.43
2017-07-31,P335,4,16,1496.43
2017-08-31,P335,4,13,1496.43
2017-09-30,P335,4,13,1496.43
2017-10-31,P335,4,14,1496.43
2017-11-30,P335,4,24,1496.43
2017-12-31,P335,4,17,1496.43
2017-01-31,P335,8,45,1496.43
2017-02-28,P335,8,61,1496.43
2017-03-31,P335,8,69,1496.43
2017-04-30,P335,8,12,1496.43
2017-05-31,P335,8,15,1496.43
2017-06-30,P335,8,33,1496.43
2017-07-31,P335,8,30,1496.43
2017-08-31,P335,8,23,1496.43
2017-09-30,P335,8,27,1496.43
2017-10-31,P335,8,30,1496.43
2017-11-30,P335,8,38,1496.43
2017-12-31,P335,8,41,1496.43
2017-01-31,P335,9,85,1496.43
2017-02-28,P335,9,78,1496.43
2017-03-31,P335,9,91,1496.43
2017-04-30,P335,9,103,1496.43
2017-05-31,P335,9,117,1496.43
2017-06-30,P335,9,147,1496.43
2017-07-31,P335,9,184,1496.43
2017-08-31,P335,9,144,1496.43
2017-09-30,P335,9,132,1496.43
2017-10-31,P335,9,131,1496.43
2017-11-30,P335,9,160,1496.43
2017-12-31,P335,9,167,1496.43
2017-01-31,P336,4,89,1535.62
2017-02-28,P336,4,108,1535.62
2017-03-31,P336,4,103,1535.62
2017-04-30,P336,4,117,1535.62
2017-05-31,P336,4,115,1535.62
2017-06-30,P336,4,113,1535.62
2017-07-31,P336,4,101,1535.62
2017-08-31,P336,4,117,1535.62
2017-09-30,P336,4,163,1535.62
2017-10-31,P336,4,160,1535.62
2017-11-30,P336,4,157,1535.62
2017-12-31,P336,4,7,1535.62
2017-01-31,P336,5,181,1535.62
2017-02-28,P336,5,181,1535.62
2017-03-31,P336,5,18,1535.62
2017-04-30,P336,5,37,1535.62
2017-05-31,P336,5,49,1535.62
2017-06-30,P336,5,69,1535.62
2017-07-31,P336,5,68,1535.62
2017-08-31,P336,5,60,1535.62
2017-09-30,P336,5,41,1535.62
2017-10-31,P336,5,36,1535.62
2017-11-30,P336,5,38,1535.62
2017-12-31,P336,5,27,1535.62
2017-01-31,P336,7,0,1535.62
2017-02-28,P336,7,0,1535.62
2017-03-31,P336,7,0,1535.62
2017-04-30,P336,7,0,1535.62
2017-05-31,P336,7,0,1535.62
2017-06-30,P336,7,0,1535.62
2017-07-31,P336,7,0,1535.62
2017-08-31,P336,7,0,1535.62
2017-09-30,P336,7,0,1535.62
2017-10-31,P336,7,0,1535.62
2017-11-30,P336,7,0,1535.62
2017-12-31,P336,7,0,1535.62
2017-01-31,P337,3,151,1519.85
2017-02-28,P337,3,150,1519.85
2017-03-31,P337,3,0,1519.85
2017-04-30,P337,3,0,1519.85
2017-05-31,P337,3,141,1519.85
2017-06-30,P337,3,3,1519.85
2017-07-31,P337,3,158,1519.85
2017-08-31,P337,3,134,1519.85
2017-09-30,P337,3,120,1519.85
2017-10-31,P337,3,99,1519.85
2017-11-30,P337,3,118,1519.85
2017-12-31,P337,3,119,1519.85
2017-01-31,P337,4,183,1519.85
2017-02-28,P337,4,103,1519.85
2017-03-31,P337,4,0,1519.85
2017-04-30,P337,4,12,1519.85
2017-05-31,P337,4,7,1519.85
2017-06-30,P337,4,9,1519.85
2017-07-31,P337,4,12,1519.85
2017-08-31,P337,4,5,1519.85
2017-09-30,P337,4,19,1519.85
2017-10-31,P337,4,29,1519.85
2017-11-30,P337,4,16,1519.85
2017-12-31,P337,4,0,1519.85
2017-01-31,P337,9,159,1519.85
2017-02-28,P337,9,32,1519.85
2017-03-31,P337,9,19,1519.85
2017-04-30,P337,9,57,1519.85
2017-05-31,P337,9,62,1519.85
2017-06-30,P337,9,63,1519.85
2017-07-31,P337,9,56,1519.85
2017-08-31,P337,9,51,1519.85
2017-09-30,P337,9,72,1519.85
2017-10-31,P337,9,84,1519.85
2017-11-30,P337,9,119,1519.85
2017-12-31,P337,9,139,1519.85
2017-01-31,P338,3,129,1225.59
2017-02-28,P338,3,158,1225.59
2017-03-31,P338,3,155,1225.59
2017-04-30,P338,3,156,1225.59
2017-05-31,P338,3,135,1225.59
2017-06-30,P338,3,119,1225.59
2017-07-31,P338,3,139,1225.59
2017-08-31,P338,3,147,1225.59
2017-09-30,P338,3,173,1225.59
2017-10-31,P338,3,187,1225.59
2017-11-30,P338,3,52,1225.59
2017-12-31,P338,3,50,1225.59
2017-01-31,P338,6,23,1225.59
2017-02-28,P338,6,23,1225.59
2017-03-31,P338,6,31,1225.59
2017-04-30,P338,6,2,1225.59
2017-05-31,P338,6,7,1225.59
2017-06-30,P338,6,6,1225.59
2017-07-31,P338,6,8,1225.59
2017-08-31,P338,6,10,1225.59
2017-09-30,P338,6,28,1225.59
2017-10-31,P338,6,30,1225.59
2017-11-30,P338,6,31,1225.59
2017-12-31,P338,6,0,1225.59
2017-01-31,P338,8,112,1225.59
2017-02-28,P338,8,109,1225.59
2017-03-31,P338,8,104,1225.59
2017-04-30,P338,8,103,1225.59
2017-05-31,P338,8,71,1225.59
2017-06-30,P338,8,112,1225.59
2017-07-31,P338,8,113,1225.59
2017-08-31,P338,8,107,1225.59
2017-09-30,P338,8,111,1225.59
2017-10-31,P338,8,116,1225.59
2017-11-30,P338,8,119,1225.59
2017-12-31,P338,8,144,1225.59
2017-01-31,P339,3,131,1479.56
2017-02-28,P339,3,83,1479.56
2017-03-31,P339,3,33,1479.56
2017-04-30,P339,3,32,1479.56
2017-05-31,P339,3,46,1479.56
2017-06-30,P339,3,43,1479.56
2017-07-31,P339,3,51,1479.56
2017-08-31,P339,3,38,1479.56
2017-09-30,P339,3,38,1479.56
2017-10-31,P339,3,51,1479.56
2017-11-30,P339,3,57,1479.56
2017-12-31,P339,3,0,1479.56
2017-01-31,P339,6,298,1479.56
2017-02-28,P339,6,154,1479.56
2017-03-31,P339,6,138,1479.56
2017-04-30,P339,6,132,1479.56
2017-05-31,P339,6,150,1479.56
2017-06-30,P339,6,135,1479.56
2017-07-31,P339,6,124,1479.56
2017-08-31,P339,6,136,1479.56
2017-09-30,P339,6,139,1479.56
2017-10-31,P339,6,119,1479.56
2017-11-30,P339,6,150,1479.56
2017-12-31,P339,6,0,1479.56
2017-01-31,P339,9,106,1479.56
2017-02-28,P339,9,120,1479.56
2017-03-31,P339,9,132,1479.56
2017-04-30,P339,9,181,1479.56
2017-05-31,P339,9,184,1479.56
2017-06-30,P339,9,210,1479.56
2017-07-31,P339,9,228,1479.56
2017-08-31,P339,9,59,1479.56
2017-09-30,P339,9,90,1479.56
2017-10-31,P339,9,83,1479.56
2017-11-30,P339,9,63,1479.56
2017-12-31,P339,9,99,1479.56
2017-01-31,P340,3,0,1453.94
2017-02-28,P340,3,0,1453.94
2017-03-31,P340,3,0,1453.94
2017-04-30,P340,3,0,1453.94
2017-05-31,P340,3,0,1453.94
2017-06-30,P340,3,0,1453.94
2017-07-31,P340,3,0,1453.94
2017-08-31,P340,3,0,1453.94
2017-09-30,P340,3,0,1453.94
2017-10-31,P340,3,0,1453.94
2017-11-30,P340,3,0,1453.94
2017-12-31,P340,3,0,1453.94
2017-01-31,P340,8,86,1453.94
2017-02-28,P340,8,100,1453.94
2017-03-31,P340,8,90,1453.94
2017-04-30,P340,8,103,1453.94
2017-05-31,P340,8,90,1453.94
2017-06-30,P340,8,84,1453.94
2017-07-31,P340,8,89,1453.94
2017-08-31,P340,8,100,1453.94
2017-09-30,P340,8,99,1453.94
2017-10-31,P340,8,119,1453.94
2017-11-30,P340,8,47,1453.94
2017-12-31,P340,8,43,1453.94
2017-01-31,P340,9,173,1453.94
2017-02-28,P340,9,180,1453.94
2017-03-31,P340,9,162,1453.94
2017-04-30,P340,9,33,1453.94
2017-05-31,P340,9,49,1453.94
2017-06-30,P340,9,88,1453.94
2017-07-31,P340,9,94,1453.94
2017-08-31,P340,9,107,1453.94
2017-09-30,P340,9,89,1453.94
2017-10-31,P340,9,94,1453.94
2017-11-30,P340,9,125,1453.94
2017-12-31,P340,9,155,1453.94
2017-01-31,P341,3,44,7123.66
2017-02-28,P341,3,52,7123.66
2017-03-31,P341,3,56,7123.66
2017-04-30,P341,3,56,7123.66
2017-05-31,P341,3,57,7123.66
2017-06-30,P341,3,13,7123.66
2017-07-31,P341,3,68,7123.66
2017-08-31,P341,3,10,7123.66
2017-09-30,P341,3,12,7123.66
2017-10-31,P341,3,65,7123.66
2017-11-30,P341,3,7,7123.66
2017-12-31,P341,3,0,7123.66
2017-01-31,P341,7,73,7123.66
2017-02-28,P341,7,55,7123.66
2017-03-31,P341,7,84,7123.66
2017-04-30,P341,7,84,7123.66
2017-05-31,P341,7,73,7123.66
2017-06-30,P341,7,107,7123.66
2017-07-31,P341,7,88,7123.66
2017-08-31,P341,7,102,7123.66
2017-09-30,P341,7,95,7123.66
2017-10-31,P341,7,120,7123.66
2017-11-30,P341,7,145,7123.66
2017-12-31,P341,7,8,7123.66
2017-01-31,P341,8,29,7123.66
2017-02-28,P341,8,29,7123.66
2017-03-31,P341,8,29,7123.66
2017-04-30,P341,8,29,7123.66
2017-05-31,P341,8,29,7123.66
2017-06-30,P341,8,29,7123.66
2017-07-31,P341,8,29,7123.66
2017-08-31,P341,8,29,7123.66
2017-09-30,P341,8,29,7123.66
2017-10-31,P341,8,29,7123.66
2017-11-30,P341,8,29,7123.66
2017-12-31,P341,8,29,7123.66
2017-01-31,P342,5,51,7123.66
2017-02-28,P342,5,75,7123.66
2017-03-31,P342,5,55,7123.66
2017-04-30,P342,5,64,7123.66
2017-05-31,P342,5,82,7123.66
2017-06-30,P342,5,50,7123.66
2017-07-31,P342,5,39,7123.66
2017-08-31,P342,5,49,7123.66
2017-09-30,P342,5,87,7123.66
2017-10-31,P342,5,80,7123.66
2017-11-30,P342,5,67,7123.66
2017-12-31,P342,5,68,7123.66
2017-01-31,P342,8,19,7123.66
2017-02-28,P342,8,28,7123.66
2017-03-31,P342,8,30,7123.66
2017-04-30,P342,8,31,7123.66
2017-05-31,P342,8,4,7123.66
2017-06-30,P342,8,5,7123.66
2017-07-31,P342,8,4,7123.66
2017-08-31,P342,8,6,7123.66
2017-09-30,P342,8,5,7123.66
2017-10-31,P342,8,11,7123.66
2017-11-30,P342,8,15,7123.66
2017-12-31,P342,8,5,7123.66
2017-01-31,P342,9,224,7123.66
2017-02-28,P342,9,70,7123.66
2017-03-31,P342,9,93,7123.66
2017-04-30,P342,9,100,7123.66
2017-05-31,P342,9,128,7123.66
2017-06-30,P342,9,150,7123.66
2017-07-31,P342,9,165,7123.66
2017-08-31,P342,9,141,7123.66
2017-09-30,P342,9,148,7123.66
2017-10-31,P342,9,138,7123.66
2017-11-30,P342,9,149,7123.66
2017-12-31,P342,9,162,7123.66
2017-01-31,P343,1,0,7123.66
2017-02-28,P343,1,0,7123.66
2017-03-31,P343,1,0,7123.66
2017-04-30,P343,1,0,7123.66
2017-05-31,P343,1,0,7123.66
2017-06-30,P343,1,0,7123.66
2017-07-31,P343,1,0,7123.66
2017-08-31,P343,1,0,7123.66
2017-09-30,P343,1,0,7123.66
2017-10-31,P343,1,0,7123.66
2017-11-30,P343,1,0,7123.66
2017-12-31,P343,1,0,7123.66
2017-01-31,P343,2,127,7123.66
2017-02-28,P343,2,162,7123.66
2017-03-31,P343,2,47,7123.66
2017-04-30,P343,2,45,7123.66
2017-05-31,P343,2,48,7123.66
2017-06-30,P343,2,68,7123.66
2017-07-31,P343,2,91,7123.66
2017-08-31,P343,2,106,7123.66
2017-09-30,P343,2,112,7123.66
2017-10-31,P343,2,132,7123.66
2017-11-30,P343,2,115,7123.66
2017-12-31,P343,2,128,7123.66
2017-01-31,P343,8,19,7123.66
2017-02-28,P343,8,28,7123.66
2017-03-31,P343,8,28,7123.66
2017-04-30,P343,8,0,7123.66
2017-05-31,P343,8,30,7123.66
2017-06-30,P343,8,0,7123.66
2017-07-31,P343,8,30,7123.66
2017-08-31,P343,8,0,7123.66
2017-09-30,P343,8,17,7123.66
2017-10-31,P343,8,14,7123.66
2017-11-30,P343,8,18,7123.66
2017-12-31,P343,8,15,7123.66
2017-01-31,P344,2,0,7123.66
2017-02-28,P344,2,0,7123.66
2017-03-31,P344,2,0,7123.66
2017-04-30,P344,2,0,7123.66
2017-05-31,P344,2,0,7123.66
2017-06-30,P344,2,0,7123.66
2017-07-31,P344,2,0,7123.66
2017-08-31,P344,2,0,7123.66
2017-09-30,P344,2,0,7123.66
2017-10-31,P344,2,0,7123.66
2017-11-30,P344,2,0,7123.66
2017-12-31,P344,2,0,7123.66
2017-01-31,P344,5,201,7123.66
2017-02-28,P344,5,202,7123.66
2017-03-31,P344,5,46,7123.66
2017-04-30,P344,5,65,7123.66
2017-05-31,P344,5,62,7123.66
2017-06-30,P344,5,71,7123.66
2017-07-31,P344,5,206,7123.66
2017-08-31,P344,5,75,7123.66
2017-09-30,P344,5,94,7123.66
2017-10-31,P344,5,160,7123.66
2017-11-30,P344,5,148,7123.66
2017-12-31,P344,5,134,7123.66
2017-01-31,P344,7,196,7123.66
2017-02-28,P344,7,68,7123.66
2017-03-31,P344,7,90,7123.66
2017-04-30,P344,7,119,7123.66
2017-05-31,P344,7,147,7123.66
2017-06-30,P344,7,155,7123.66
2017-07-31,P344,7,130,7123.66
2017-08-31,P344,7,150,7123.66
2017-09-30,P344,7,176,7123.66
2017-10-31,P344,7,169,7123.66
2017-11-30,P344,7,136,7123.66
2017-12-31,P344,7,127,7123.66
2017-01-31,P345,4,109,7123.66
2017-02-28,P345,4,140,7123.66
2017-03-31,P345,4,137,7123.66
2017-04-30,P345,4,115,7123.66
2017-05-31,P345,4,135,7123.66
2017-06-30,P345,4,163,7123.66
2017-07-31,P345,4,162,7123.66
2017-08-31,P345,4,153,7123.66
2017-09-30,P345,4,161,7123.66
2017-10-31,P345,4,174,7123.66
2017-11-30,P345,4,49,7123.66
2017-12-31,P345,4,26,7123.66
2017-01-31,P345,6,191,7123.66
2017-02-28,P345,6,188,7123.66
2017-03-31,P345,6,5,7123.66
2017-04-30,P345,6,10,7123.66
2017-05-31,P345,6,40,7123.66
2017-06-30,P345,6,65,7123.66
2017-07-31,P345,6,100,7123.66
2017-08-31,P345,6,133,7123.66
2017-09-30,P345,6,161,7123.66
2017-10-31,P345,6,153,7123.66
2017-11-30,P345,6,167,7123.66
2017-12-31,P345,6,0,7123.66
2017-01-31,P345,7,201,7123.66
2017-02-28,P345,7,239,7123.66
2017-03-31,P345,7,39,7123.66
2017-04-30,P345,7,74,7123.66
2017-05-31,P345,7,238,7123.66
2017-06-30,P345,7,79,7123.66
2017-07-31,P345,7,83,7123.66
2017-08-31,P345,7,78,7123.66
2017-09-30,P345,7,99,7123.66
2017-10-31,P345,7,108,7123.66
2017-11-30,P345,7,75,7123.66
2017-12-31,P345,7,73,7123.66
2017-01-31,P346,3,231,7123.66
2017-02-28,P346,3,71,7123.66
2017-03-31,P346,3,65,7123.66
2017-04-30,P346,3,55,7123.66
2017-05-31,P346,3,214,7123.66
2017-06-30,P346,3,208,7123.66
2017-07-31,P346,3,234,7123.66
2017-08-31,P346,3,222,7123.66
2017-09-30,P346,3,59,7123.66
2017-10-31,P346,3,59,7123.66
2017-11-30,P346,3,100,7123.66
2017-12-31,P346,3,104,7123.66
2017-01-31,P346,6,37,7123.66
2017-02-28,P346,6,8,7123.66
2017-03-31,P346,6,5,7123.66
2017-04-30,P346,6,1,7123.66
2017-05-31,P346,6,6,7123.66
2017-06-30,P346,6,17,7123.66
2017-07-31,P346,6,15,7123.66
2017-08-31,P346,6,16,7123.66
2017-09-30,P346,6,26,7123.66
2017-10-31,P346,6,34,7123.66
2017-11-30,P346,6,34,7123.66
2017-12-31,P346,6,0,7123.66
2017-01-31,P346,9,150,7123.66
2017-02-28,P346,9,182,7123.66
2017-03-31,P346,9,164,7123.66
2017-04-30,P346,9,27,7123.66
2017-05-31,P346,9,43,7123.66
2017-06-30,P346,9,75,7123.66
2017-07-31,P346,9,81,7123.66
2017-08-31,P346,9,61,7123.66
2017-09-30,P346,9,49,7123.66
2017-10-31,P346,9,64,7123.66
2017-11-30,P346,9,48,7123.66
2017-12-31,P346,9,60,7123.66
2017-01-31,P347,1,20,7123.66
2017-02-28,P347,1,36,7123.66
2017-03-31,P347,1,24,7123.66
2017-04-30,P347,1,24,7123.66
2017-05-31,P347,1,22,7123.66
2017-06-30,P347,1,25,7123.66
2017-07-31,P347,1,25,7123.66
2017-08-31,P347,1,33,7123.66
2017-09-30,P347,1,28,7123.66
2017-10-31,P347,1,35,7123.66
2017-11-30,P347,1,45,7123.66
2017-12-31,P347,1,56,7123.66
2017-01-31,P347,2,16,7123.66
2017-02-28,P347,2,20,7123.66
2017-03-31,P347,2,25,7123.66
2017-04-30,P347,2,32,7123.66
2017-05-31,P347,2,38,7123.66
2017-06-30,P347,2,9,7123.66
2017-07-31,P347,2,16,7123.66
2017-08-31,P347,2,17,7123.66
2017-09-30,P347,2,20,7123.66
2017-10-31,P347,2,30,7123.66
2017-11-30,P347,2,25,7123.66
2017-12-31,P347,2,26,7123.66
2017-01-31,P347,7,283,7123.66
2017-02-28,P347,7,165,7123.66
2017-03-31,P347,7,44,7123.66
2017-04-30,P347,7,18,7123.66
2017-05-31,P347,7,40,7123.66
2017-06-30,P347,7,61,7123.66
2017-07-31,P347,7,68,7123.66
2017-08-31,P347,7,79,7123.66
2017-09-30,P347,7,78,7123.66
2017-10-31,P347,7,62,7123.66
2017-11-30,P347,7,56,7123.66
2017-12-31,P347,7,60,7123.66
2017-01-31,P348,1,7,7123.66
2017-02-28,P348,1,7,7123.66
2017-03-31,P348,1,7,7123.66
2017-04-30,P348,1,7,7123.66
2017-05-31,P348,1,7,7123.66
2017-06-30,P348,1,7,7123.66
2017-07-31,P348,1,7,7123.66
2017-08-31,P348,1,7,7123.66
2017-09-30,P348,1,7,7123.66
2017-10-31,P348,1,7,7123.66
2017-11-30,P348,1,7,7123.66
2017-12-31,P348,1,7,7123.66
2017-01-31,P348,4,29,7123.66
2017-02-28,P348,4,27,7123.66
2017-03-31,P348,4,26,7123.66
2017-04-30,P348,4,32,7123.66
2017-05-31,P348,4,35,7123.66
2017-06-30,P348,4,5,7123.66
2017-07-31,P348,4,35,7123.66
2017-08-31,P348,4,3,7123.66
2017-09-30,P348,4,4,7123.66
2017-10-31,P348,4,14,7123.66
2017-11-30,P348,4,20,7123.66
2017-12-31,P348,4,20,7123.66
2017-01-31,P348,5,340,7123.66
2017-02-28,P348,5,243,7123.66
2017-03-31,P348,5,98,7123.66
2017-04-30,P348,5,94,7123.66
2017-05-31,P348,5,103,7123.66
2017-06-30,P348,5,104,7123.66
2017-07-31,P348,5,102,7123.66
2017-08-31,P348,5,115,7123.66
2017-09-30,P348,5,97,7123.66
2017-10-31,P348,5,91,7123.66
2017-11-30,P348,5,103,7123.66
2017-12-31,P348,5,113,7123.66
2017-01-31,P349,2,40,7123.66
2017-02-28,P349,2,49,7123.66
2017-03-31,P349,2,63,7123.66
2017-04-30,P349,2,9,7123.66
2017-05-31,P349,2,67,7123.66
2017-06-30,P349,2,69,7123.66
2017-07-31,P349,2,70,7123.66
2017-08-31,P349,2,16,7123.66
2017-09-30,P349,2,17,7123.66
2017-10-31,P349,2,68,7123.66
2017-11-30,P349,2,11,7123.66
2017-12-31,P349,2,33,7123.66
2017-01-31,P349,3,29,7123.66
2017-02-28,P349,3,2,7123.66
2017-03-31,P349,3,6,7123.66
2017-04-30,P349,3,9,7123.66
2017-05-31,P349,3,16,7123.66
2017-06-30,P349,3,23,7123.66
2017-07-31,P349,3,19,7123.66
2017-08-31,P349,3,17,7123.66
2017-09-30,P349,3,28,7123.66
2017-10-31,P349,3,27,7123.66
2017-11-30,P349,3,29,7123.66
2017-12-31,P349,3,23,7123.66
2017-01-31,P349,7,353,7123.66
2017-02-28,P349,7,226,7123.66
2017-03-31,P349,7,99,7123.66
2017-04-30,P349,7,112,7123.66
2017-05-31,P349,7,132,7123.66
2017-06-30,P349,7,137,7123.66
2017-07-31,P349,7,129,7123.66
2017-08-31,P349,7,135,7123.66
2017-09-30,P349,7,143,7123.66
2017-10-31,P349,7,59,7123.66
2017-11-30,P349,7,65,7123.66
2017-12-31,P349,7,58,7123.66
2017-01-31,P350,1,425,7123.66
2017-02-28,P350,1,311,7123.66
2017-03-31,P350,1,126,7123.66
2017-04-30,P350,1,123,7123.66
2017-05-31,P350,1,142,7123.66
2017-06-30,P350,1,158,7123.66
2017-07-31,P350,1,157,7123.66
2017-08-31,P350,1,172,7123.66
2017-09-30,P350,1,166,7123.66
2017-10-31,P350,1,140,7123.66
2017-11-30,P350,1,136,7123.66
2017-12-31,P350,1,140,7123.66
2017-01-31,P350,6,0,7123.66
2017-02-28,P350,6,0,7123.66
2017-03-31,P350,6,0,7123.66
2017-04-30,P350,6,0,7123.66
2017-05-31,P350,6,0,7123.66
2017-06-30,P350,6,0,7123.66
2017-07-31,P350,6,0,7123.66
2017-08-31,P350,6,0,7123.66
2017-09-30,P350,6,0,7123.66
2017-10-31,P350,6,0,7123.66
2017-11-30,P350,6,0,7123.66
2017-12-31,P350,6,0,7123.66
2017-01-31,P350,9,103,7123.66
2017-02-28,P350,9,133,7123.66
2017-03-31,P350,9,118,7123.66
2017-04-30,P350,9,121,7123.66
2017-05-31,P350,9,128,7123.66
2017-06-30,P350,9,120,7123.66
2017-07-31,P350,9,74,7123.66
2017-08-31,P350,9,70,7123.66
2017-09-30,P350,9,62,7123.66
2017-10-31,P350,9,70,7123.66
2017-11-30,P350,9,72,7123.66
2017-12-31,P350,9,61,7123.66
2017-01-31,P351,1,34,7123.66
2017-02-28,P351,1,29,7123.66
2017-03-31,P351,1,0,7123.66
2017-04-30,P351,1,0,7123.66
2017-05-31,P351,1,2,7123.66
2017-06-30,P351,1,26,7123.66
2017-07-31,P351,1,22,7123.66
2017-08-31,P351,1,43,7123.66
2017-09-30,P351,1,43,7123.66
2017-10-31,P351,1,40,7123.66
2017-11-30,P351,1,39,7123.66
2017-12-31,P351,1,0,7123.66
2017-01-31,P351,4,50,7123.66
2017-02-28,P351,4,61,7123.66
2017-03-31,P351,4,74,7123.66
2017-04-30,P351,4,87,7123.66
2017-05-31,P351,4,89,7123.66
2017-06-30,P351,4,83,7123.66
2017-07-31,P351,4,74,7123.66
2017-08-31,P351,4,84,7123.66
2017-09-30,P351,4,97,7123.66
2017-10-31,P351,4,98,7123.66
2017-11-30,P351,4,100,7123.66
2017-12-31,P351,4,87,7123.66
2017-01-31,P351,7,120,7123.66
2017-02-28,P351,7,68,7123.66
2017-03-31,P351,7,65,7123.66
2017-04-30,P351,7,64,7123.66
2017-05-31,P351,7,87,7123.66
2017-06-30,P351,7,86,7123.66
2017-07-31,P351,7,98,7123.66
2017-08-31,P351,7,95,7123.66
2017-09-30,P351,7,108,7123.66
2017-10-31,P351,7,119,7123.66
2017-11-30,P351,7,38,7123.66
2017-12-31,P351,7,40,7123.66
2017-01-31,P352,2,127,7123.66
2017-02-28,P352,2,77,7123.66
2017-03-31,P352,2,15,7123.66
2017-04-30,P352,2,16,7123.66
2017-05-31,P352,2,18,7123.66
2017-06-30,P352,2,25,7123.66
2017-07-31,P352,2,37,7123.66
2017-08-31,P352,2,41,7123.66
2017-09-30,P352,2,50,7123.66
2017-10-31,P352,2,47,7123.66
2017-11-30,P352,2,54,7123.66
2017-12-31,P352,2,0,7123.66
2017-01-31,P352,3,88,7123.66
2017-02-28,P352,3,152,7123.66
2017-03-31,P352,3,141,7123.66
2017-04-30,P352,3,180,7123.66
2017-05-31,P352,3,199,7123.66
2017-06-30,P352,3,44,7123.66
2017-07-31,P352,3,215,7123.66
2017-08-31,P352,3,20,7123.66
2017-09-30,P352,3,61,7123.66
2017-10-31,P352,3,88,7123.66
2017-11-30,P352,3,77,7123.66
2017-12-31,P352,3,69,7123.66
2017-01-31,P352,8,79,7123.66
2017-02-28,P352,8,48,7123.66
2017-03-31,P352,8,15,7123.66
2017-04-30,P352,8,22,7123.66
2017-05-31,P352,8,20,7123.66
2017-06-30,P352,8,28,7123.66
2017-07-31,P352,8,31,7123.66
2017-08-31,P352,8,30,7123.66
2017-09-30,P352,8,35,7123.66
2017-10-31,P352,8,39,7123.66
2017-11-30,P352,8,12,7123.66
2017-12-31,P352,8,9,7123.66
2017-01-31,P353,1,26,7123.66
2017-02-28,P353,1,43,7123.66
2017-03-31,P353,1,30,7123.66
2017-04-30,P353,1,48,7123.66
2017-05-31,P353,1,67,7123.66
2017-06-30,P353,1,67,7123.66
2017-07-31,P353,1,56,7123.66
2017-08-31,P353,1,66,7123.66
2017-09-30,P353,1,62,7123.66
2017-10-31,P353,1,52,7123.66
2017-11-30,P353,1,52,7123.66
2017-12-31,P353,1,43,7123.66
2017-01-31,P353,4,82,7123.66
2017-02-28,P353,4,85,7123.66
2017-03-31,P353,4,96,7123.66
2017-04-30,P353,4,108,7123.66
2017-05-31,P353,4,96,7123.66
2017-06-30,P353,4,93,7123.66
2017-07-31,P353,4,105,7123.66
2017-08-31,P353,4,81,7123.66
2017-09-30,P353,4,108,7123.66
2017-10-31,P353,4,87,7123.66
2017-11-30,P353,4,130,7123.66
2017-12-31,P353,4,112,7123.66
2017-01-31,P353,9,42,7123.66
2017-02-28,P353,9,64,7123.66
2017-03-31,P353,9,36,7123.66
2017-04-30,P353,9,45,7123.66
2017-05-31,P353,9,54,7123.66
2017-06-30,P353,9,59,7123.66
2017-07-31,P353,9,56,7123.66
2017-08-31,P353,9,75,7123.66
2017-09-30,P353,9,50,7123.66
2017-10-31,P353,9,53,7123.66
2017-11-30,P353,9,49,7123.66
2017-12-31,P353,9,33,7123.66
2017-01-31,P354,1,0,7123.66
2017-02-28,P354,1,0,7123.66
2017-03-31,P354,1,0,7123.66
2017-04-30,P354,1,0,7123.66
2017-05-31,P354,1,0,7123.66
2017-06-30,P354,1,0,7123.66
2017-07-31,P354,1,0,7123.66
2017-08-31,P354,1,0,7123.66
2017-09-30,P354,1,0,7123.66
2017-10-31,P354,1,0,7123.66
2017-11-30,P354,1,0,7123.66
2017-12-31,P354,1,0,7123.66
2017-01-31,P354,3,23,7123.66
2017-02-28,P354,3,24,7123.66
2017-03-31,P354,3,23,7123.66
2017-04-30,P354,3,16,7123.66
2017-05-31,P354,3,34,7123.66
2017-06-30,P354,3,43,7123.66
2017-07-31,P354,3,54,7123.66
2017-08-31,P354,3,57,7123.66
2017-09-30,P354,3,58,7123.66
2017-10-31,P354,3,53,7123.66
2017-11-30,P354,3,58,7123.66
2017-12-31,P354,3,46,7123.66
2017-01-31,P354,8,0,7123.66
2017-02-28,P354,8,0,7123.66
2017-03-31,P354,8,0,7123.66
2017-04-30,P354,8,0,7123.66
2017-05-31,P354,8,0,7123.66
2017-06-30,P354,8,0,7123.66
2017-07-31,P354,8,0,7123.66
2017-08-31,P354,8,0,7123.66
2017-09-30,P354,8,0,7123.66
2017-10-31,P354,8,0,7123.66
2017-11-30,P354,8,0,7123.66
2017-12-31,P354,8,0,7123.66
2017-01-31,P355,2,166,7123.66
2017-02-28,P355,2,190,7123.66
2017-03-31,P355,2,185,7123.66
2017-04-30,P355,2,62,7123.66
2017-05-31,P355,2,69,7123.66
2017-06-30,P355,2,84,7123.66
2017-07-31,P355,2,91,7123.66
2017-08-31,P355,2,89,7123.66
2017-09-30,P355,2,122,7123.66
2017-10-31,P355,2,159,7123.66
2017-11-30,P355,2,182,7123.66
2017-12-31,P355,2,49,7123.66
2017-01-31,P355,7,0,7123.66
2017-02-28,P355,7,0,7123.66
2017-03-31,P355,7,0,7123.66
2017-04-30,P355,7,0,7123.66
2017-05-31,P355,7,0,7123.66
2017-06-30,P355,7,0,7123.66
2017-07-31,P355,7,0,7123.66
2017-08-31,P355,7,0,7123.66
2017-09-30,P355,7,0,7123.66
2017-10-31,P355,7,0,7123.66
2017-11-30,P355,7,0,7123.66
2017-12-31,P355,7,0,7123.66
2017-01-31,P355,8,21,7123.66
2017-02-28,P355,8,66,7123.66
2017-03-31,P355,8,65,7123.66
2017-04-30,P355,8,69,7123.66
2017-05-31,P355,8,104,7123.66
2017-06-30,P355,8,110,7123.66
2017-07-31,P355,8,92,7123.66
2017-08-31,P355,8,86,7123.66
2017-09-30,P355,8,80,7123.66
2017-10-31,P355,8,67,7123.66
2017-11-30,P355,8,101,7123.66
2017-12-31,P355,8,94,7123.66
2017-01-31,P356,2,0,7123.66
2017-02-28,P356,2,0,7123.66
2017-03-31,P356,2,0,7123.66
2017-04-30,P356,2,0,7123.66
2017-05-31,P356,2,0,7123.66
2017-06-30,P356,2,0,7123.66
2017-07-31,P356,2,0,7123.66
2017-08-31,P356,2,0,7123.66
2017-09-30,P356,2,0,7123.66
2017-10-31,P356,2,0,7123.66
2017-11-30,P356,2,0,7123.66
2017-12-31,P356,2,0,7123.66
2017-01-31,P356,6,112,7123.66
2017-02-28,P356,6,122,7123.66
2017-03-31,P356,6,140,7123.66
2017-04-30,P356,6,144,7123.66
2017-05-31,P356,6,152,7123.66
2017-06-30,P356,6,169,7123.66
2017-07-31,P356,6,155,7123.66
2017-08-31,P356,6,185,7123.66
2017-09-30,P356,6,156,7123.66
2017-10-31,P356,6,161,7123.66
2017-11-30,P356,6,168,7123.66
2017-12-31,P356,6,0,7123.66
2017-01-31,P356,7,72,7123.66
2017-02-28,P356,7,83,7123.66
2017-03-31,P356,7,87,7123.66
2017-04-30,P356,7,100,7123.66
2017-05-31,P356,7,105,7123.66
2017-06-30,P356,7,131,7123.66
2017-07-31,P356,7,124,7123.66
2017-08-31,P356,7,118,7123.66
2017-09-30,P356,7,149,7123.66
2017-10-31,P356,7,132,7123.66
2017-11-30,P356,7,121,7123.66
2017-12-31,P356,7,112,7123.66
2017-01-31,P357,3,22,7123.66
2017-02-28,P357,3,17,7123.66
2017-03-31,P357,3,23,7123.66
2017-04-30,P357,3,4,7123.66
2017-05-31,P357,3,4,7123.66
2017-06-30,P357,3,1,7123.66
2017-07-31,P357,3,29,7123.66
2017-08-31,P357,3,27,7123.66
2017-09-30,P357,3,2,7123.66
2017-10-31,P357,3,1,7123.66
2017-11-30,P357,3,10,7123.66
2017-12-31,P357,3,14,7123.66
2017-01-31,P357,7,217,7123.66
2017-02-28,P357,7,217,7123.66
2017-03-31,P357,7,217,7123.66
2017-04-30,P357,7,217,7123.66
2017-05-31,P357,7,217,7123.66
2017-06-30,P357,7,217,7123.66
2017-07-31,P357,7,217,7123.66
2017-08-31,P357,7,217,7123.66
2017-09-30,P357,7,217,7123.66
2017-10-31,P357,7,217,7123.66
2017-11-30,P357,7,217,7123.66
2017-12-31,P357,7,217,7123.66
2017-01-31,P357,9,19,7123.66
2017-02-28,P357,9,27,7123.66
2017-03-31,P357,9,24,7123.66
2017-04-30,P357,9,17,7123.66
2017-05-31,P357,9,8,7123.66
2017-06-30,P357,9,22,7123.66
2017-07-31,P357,9,39,7123.66
2017-08-31,P357,9,35,7123.66
2017-09-30,P357,9,40,7123.66
2017-10-31,P357,9,35,7123.66
2017-11-30,P357,9,38,7123.66
2017-12-31,P357,9,46,7123.66
2017-01-31,P358,1,64,7123.66
2017-02-28,P358,1,64,7123.66
2017-03-31,P358,1,64,7123.66
2017-04-30,P358,1,64,7123.66
2017-05-31,P358,1,64,7123.66
2017-06-30,P358,1,64,7123.66
2017-07-31,P358,1,64,7123.66
2017-08-31,P358,1,64,7123.66
2017-09-30,P358,1,64,7123.66
2017-10-31,P358,1,64,7123.66
2017-11-30,P358,1,64,7123.66
2017-12-31,P358,1,64,7123.66
2017-01-31,P358,4,174,7123.66
2017-02-28,P358,4,179,7123.66
2017-03-31,P358,4,0,7123.66
2017-04-30,P358,4,18,7123.66
2017-05-31,P358,4,45,7123.66
2017-06-30,P358,4,0,7123.66
2017-07-31,P358,4,184,7123.66
2017-08-31,P358,4,164,7123.66
2017-09-30,P358,4,140,7123.66
2017-10-31,P358,4,173,7123.66
2017-11-30,P358,4,0,7123.66
2017-12-31,P358,4,21,7123.66
2017-01-31,P358,8,151,7123.66
2017-02-28,P358,8,92,7123.66
2017-03-31,P358,8,24,7123.66
2017-04-30,P358,8,26,7123.66
2017-05-31,P358,8,40,7123.66
2017-06-30,P358,8,50,7123.66
2017-07-31,P358,8,35,7123.66
2017-08-31,P358,8,37,7123.66
2017-09-30,P358,8,28,7123.66
2017-10-31,P358,8,44,7123.66
2017-11-30,P358,8,54,7123.66
2017-12-31,P358,8,58,7123.66
2017-01-31,P359,2,30,7123.66
2017-02-28,P359,2,30,7123.66
2017-03-31,P359,2,5,7123.66
2017-04-30,P359,2,16,7123.66
2017-05-31,P359,2,19,7123.66
2017-06-30,P359,2,18,7123.66
2017-07-31,P359,2,18,7123.66
2017-08-31,P359,2,22,7123.66
2017-09-30,P359,2,29,7123.66
2017-10-31,P359,2,31,7123.66
2017-11-30,P359,2,13,7123.66
2017-12-31,P359,2,19,7123.66
2017-01-31,P359,4,0,7123.66
2017-02-28,P359,4,0,7123.66
2017-03-31,P359,4,0,7123.66
2017-04-30,P359,4,0,7123.66
2017-05-31,P359,4,0,7123.66
2017-06-30,P359,4,0,7123.66
2017-07-31,P359,4,0,7123.66
2017-08-31,P359,4,0,7123.66
2017-09-30,P359,4,0,7123.66
2017-10-31,P359,4,0,7123.66
2017-11-30,P359,4,0,7123.66
2017-12-31,P359,4,0,7123.66
2017-01-31,P359,5,142,7123.66
2017-02-28,P359,5,201,7123.66
2017-03-31,P359,5,36,7123.66
2017-04-30,P359,5,39,7123.66
2017-05-31,P359,5,72,7123.66
2017-06-30,P359,5,99,7123.66
2017-07-31,P359,5,108,7123.66
2017-08-31,P359,5,143,7123.66
2017-09-30,P359,5,114,7123.66
2017-10-31,P359,5,105,7123.66
2017-11-30,P359,5,82,7123.66
2017-12-31,P359,5,64,7123.66
2017-01-31,P360,2,117,7123.66
2017-02-28,P360,2,159,7123.66
2017-03-31,P360,2,170,7123.66
2017-04-30,P360,2,17,7123.66
2017-05-31,P360,2,45,7123.66
2017-06-30,P360,2,46,7123.66
2017-07-31,P360,2,54,7123.66
2017-08-31,P360,2,39,7123.66
2017-09-30,P360,2,33,7123.66
2017-10-31,P360,2,45,7123.66
2017-11-30,P360,2,60,7123.66
2017-12-31,P360,2,30,7123.66
2017-01-31,P360,6,21,7123.66
2017-02-28,P360,6,21,7123.66
2017-03-31,P360,6,32,7123.66
2017-04-30,P360,6,44,7123.66
2017-05-31,P360,6,62,7123.66
2017-06-30,P360,6,81,7123.66
2017-07-31,P360,6,91,7123.66
2017-08-31,P360,6,82,7123.66
2017-09-30,P360,6,67,7123.66
2017-10-31,P360,6,66,7123.66
2017-11-30,P360,6,63,7123.66
2017-12-31,P360,6,51,7123.66
2017-01-31,P360,9,0,7123.66
2017-02-28,P360,9,0,7123.66
2017-03-31,P360,9,0,7123.66
2017-04-30,P360,9,0,7123.66
2017-05-31,P360,9,0,7123.66
2017-06-30,P360,9,0,7123.66
2017-07-31,P360,9,0,7123.66
2017-08-31,P360,9,0,7123.66
2017-09-30,P360,9,0,7123.66
2017-10-31,P360,9,0,7123.66
2017-11-30,P360,9,0,7123.66
2017-12-31,P360,9,0,7123.66
2017-01-31,P361,6,457,255.86
2017-02-28,P361,6,309,255.86
2017-03-31,P361,6,102,255.86
2017-04-30,P361,6,63,255.86
2017-05-31,P361,6,47,255.86
2017-06-30,P361,6,43,255.86
2017-07-31,P361,6,210,255.86
2017-08-31,P361,6,20,255.86
2017-09-30,P361,6,19,255.86
2017-10-31,P361,6,38,255.86
2017-11-30,P361,6,48,255.86
2017-12-31,P361,6,12,255.86
2017-01-31,P361,7,52,255.86
2017-02-28,P361,7,11,255.86
2017-03-31,P361,7,19,255.86
2017-04-30,P361,7,26,255.86
2017-05-31,P361,7,26,255.86
2017-06-30,P361,7,31,255.86
2017-07-31,P361,7,22,255.86
2017-08-31,P361,7,26,255.86
2017-09-30,P361,7,28,255.86
2017-10-31,P361,7,33,255.86
2017-11-30,P361,7,38,255.86
2017-12-31,P361,7,40,255.86
2017-01-31,P361,9,42,255.86
2017-02-28,P361,9,12,255.86
2017-03-31,P361,9,19,255.86
2017-04-30,P361,9,19,255.86
2017-05-31,P361,9,13,255.86
2017-06-30,P361,9,15,255.86
2017-07-31,P361,9,17,255.86
2017-08-31,P361,9,17,255.86
2017-09-30,P361,9,9,255.86
2017-10-31,P361,9,40,255.86
2017-11-30,P361,9,37,255.86
2017-12-31,P361,9,39,255.86
2017-01-31,P362,1,65,252.57
2017-02-28,P362,1,85,252.57
2017-03-31,P362,1,75,252.57
2017-04-30,P362,1,65,252.57
2017-05-31,P362,1,66,252.57
2017-06-30,P362,1,56,252.57
2017-07-31,P362,1,65,252.57
2017-08-31,P362,1,73,252.57
2017-09-30,P362,1,77,252.57
2017-10-31,P362,1,77,252.57
2017-11-30,P362,1,70,252.57
2017-12-31,P362,1,65,252.57
2017-01-31,P362,5,298,252.57
2017-02-28,P362,5,142,252.57
2017-03-31,P362,5,18,252.57
2017-04-30,P362,5,14,252.57
2017-05-31,P362,5,143,252.57
2017-06-30,P362,5,0,252.57
2017-07-31,P362,5,39,252.57
2017-08-31,P362,5,47,252.57
2017-09-30,P362,5,50,252.57
2017-10-31,P362,5,69,252.57
2017-11-30,P362,5,74,252.57
2017-12-31,P362,5,62,252.57
2017-01-31,P362,6,90,252.57
2017-02-28,P362,6,112,252.57
2017-03-31,P362,6,23,252.57
2017-04-30,P362,6,26,252.57
2017-05-31,P362,6,32,252.57
2017-06-30,P362,6,46,252.57
2017-07-31,P362,6,45,252.57
2017-08-31,P362,6,32,252.57
2017-09-30,P362,6,57,252.57
2017-10-31,P362,6,50,252.57
2017-11-30,P362,6,76,252.57
2017-12-31,P362,6,77,252.57
2017-01-31,P363,3,48,274.56
2017-02-28,P363,3,48,274.56
2017-03-31,P363,3,48,274.56
2017-04-30,P363,3,48,274.56
2017-05-31,P363,3,48,274.56
2017-06-30,P363,3,48,274.56
2017-07-31,P363,3,48,274.56
2017-08-31,P363,3,48,274.56
2017-09-30,P363,3,48,274.56
2017-10-31,P363,3,48,274.56
2017-11-30,P363,3,48,274.56
2017-12-31,P363,3,48,274.56
2017-01-31,P363,4,18,274.56
2017-02-28,P363,4,0,274.56
2017-03-31,P363,4,0,274.56
2017-04-30,P363,4,0,274.56
2017-05-31,P363,4,0,274.56
2017-06-30,P363,4,0,274.56
2017-07-31,P363,4,0,274.56
2017-08-31,P363,4,0,274.56
2017-09-30,P363,4,0,274.56
2017-10-31,P363,4,0,274.56
2017-11-30,P363,4,0,274.56
2017-12-31,P363,4,0,274.56
2017-01-31,P363,6,85,274.56
2017-02-28,P363,6,121,274.56
2017-03-31,P363,6,0,274.56
2017-04-30,P363,6,41,274.56
2017-05-31,P363,6,40,274.56
2017-06-30,P363,6,55,274.56
2017-07-31,P363,6,40,274.56
2017-08-31,P363,6,28,274.56
2017-09-30,P363,6,47,274.56
2017-10-31,P363,6,61,274.56
2017-11-30,P363,6,48,274.56
2017-12-31,P363,6,28,274.56
2017-01-31,P364,1,24,217.83
2017-02-28,P364,1,24,217.83
2017-03-31,P364,1,24,217.83
2017-04-30,P364,1,24,217.83
2017-05-31,P364,1,24,217.83
2017-06-30,P364,1,24,217.83
2017-07-31,P364,1,24,217.83
2017-08-31,P364,1,24,217.83
2017-09-30,P364,1,24,217.83
2017-10-31,P364,1,24,217.83
2017-11-30,P364,1,24,217.83
2017-12-31,P364,1,24,217.83
2017-01-31,P364,7,167,217.83
2017-02-28,P364,7,204,217.83
2017-03-31,P364,7,6,217.83
2017-04-30,P364,7,38,217.83
2017-05-31,P364,7,57,217.83
2017-06-30,P364,7,66,217.83
2017-07-31,P364,7,80,217.83
2017-08-31,P364,7,92,217.83
2017-09-30,P364,7,84,217.83
2017-10-31,P364,7,69,217.83
2017-11-30,P364,7,119,217.83
2017-12-31,P364,7,122,217.83
2017-01-31,P364,9,30,217.83
2017-02-28,P364,9,41,217.83
2017-03-31,P364,9,33,217.83
2017-04-30,P364,9,36,217.83
2017-05-31,P364,9,32,217.83
2017-06-30,P364,9,27,217.83
2017-07-31,P364,9,23,217.83
2017-08-31,P364,9,23,217.83
2017-09-30,P364,9,19,217.83
2017-10-31,P364,9,28,217.83
2017-11-30,P364,9,22,217.83
2017-12-31,P364,9,17,217.83
2017-01-31,P365,4,150,225.47
2017-02-28,P365,4,111,225.47
2017-03-31,P365,4,117,225.47
2017-04-30,P365,4,125,225.47
2017-05-31,P365,4,67,225.47
2017-06-30,P365,4,30,225.47
2017-07-31,P365,4,61,225.47
2017-08-31,P365,4,117,225.47
2017-09-30,P365,4,156,225.47
2017-10-31,P365,4,137,225.47
2017-11-30,P365,4,165,225.47
2017-12-31,P365,4,139,225.47
2017-01-31,P365,7,0,225.47
2017-02-28,P365,7,0,225.47
2017-03-31,P365,7,0,225.47
2017-04-30,P365,7,0,225.47
2017-05-31,P365,7,0,225.47
2017-06-30,P365,7,0,225.47
2017-07-31,P365,7,0,225.47
2017-08-31,P365,7,0,225.47
2017-09-30,P365,7,0,225.47
2017-10-31,P365,7,0,225.47
2017-11-30,P365,7,0,225.47
2017-12-31,P365,7,0,225.47
2017-01-31,P365,9,79,225.47
2017-02-28,P365,9,55,225.47
2017-03-31,P365,9,30,225.47
2017-04-30,P365,9,20,225.47
2017-05-31,P365,9,27,225.47
2017-06-30,P365,9,23,225.47
2017-07-31,P365,9,27,225.47
2017-08-31,P365,9,6,225.47
2017-09-30,P365,9,18,225.47
2017-10-31,P365,9,16,225.47
2017-11-30,P365,9,33,225.47
2017-12-31,P365,9,29,225.47
2017-01-31,P366,2,0,245.4
2017-02-28,P366,2,0,245.4
2017-03-31,P366,2,0,245.4
2017-04-30,P366,2,0,245.4
2017-05-31,P366,2,0,245.4
2017-06-30,P366,2,0,245.4
2017-07-31,P366,2,0,245.4
2017-08-31,P366,2,0,245.4
2017-09-30,P366,2,0,245.4
2017-10-31,P366,2,0,245.4
2017-11-30,P366,2,0,245.4
2017-12-31,P366,2,0,245.4
2017-01-31,P366,3,243,245.4
2017-02-28,P366,3,136,245.4
2017-03-31,P366,3,34,245.4
2017-04-30,P366,3,34,245.4
2017-05-31,P366,3,38,245.4
2017-06-30,P366,3,47,245.4
2017-07-31,P366,3,56,245.4
2017-08-31,P366,3,43,245.4
2017-09-30,P366,3,68,245.4
2017-10-31,P366,3,70,245.4
2017-11-30,P366,3,96,245.4
2017-12-31,P366,3,103,245.4
2017-01-31,P366,7,0,245.4
2017-02-28,P366,7,0,245.4
2017-03-31,P366,7,0,245.4
2017-04-30,P366,7,0,245.4
2017-05-31,P366,7,0,245.4
2017-06-30,P366,7,0,245.4
2017-07-31,P366,7,0,245.4
2017-08-31,P366,7,0,245.4
2017-09-30,P366,7,0,245.4
2017-10-31,P366,7,0,245.4
2017-11-30,P366,7,0,245.4
2017-12-31,P366,7,0,245.4
2017-01-31,P367,2,91,231.58
2017-02-28,P367,2,108,231.58
2017-03-31,P367,2,106,231.58
2017-04-30,P367,2,109,231.58
2017-05-31,P367,2,115,231.58
2017-06-30,P367,2,91,231.58
2017-07-31,P367,2,86,231.58
2017-08-31,P367,2,113,231.58
2017-09-30,P367,2,37,231.58
2017-10-31,P367,2,31,231.58
2017-11-30,P367,2,57,231.58
2017-12-31,P367,2,75,231.58
2017-01-31,P367,3,38,231.58
2017-02-28,P367,3,41,231.58
2017-03-31,P367,3,42,231.58
2017-04-30,P367,3,33,231.58
2017-05-31,P367,3,50,231.58
2017-06-30,P367,3,46,231.58
2017-07-31,P367,3,39,231.58
2017-08-31,P367,3,44,231.58
2017-09-30,P367,3,29,231.58
2017-10-31,P367,3,30,231.58
2017-11-30,P367,3,39,231.58
2017-12-31,P367,3,47,231.58
2017-01-31,P367,4,42,231.58
2017-02-28,P367,4,77,231.58
2017-03-31,P367,4,121,231.58
2017-04-30,P367,4,158,231.58
2017-05-31,P367,4,168,231.58
2017-06-30,P367,4,162,231.58
2017-07-31,P367,4,164,231.58
2017-08-31,P367,4,182,231.58
2017-09-30,P367,4,70,231.58
2017-10-31,P367,4,98,231.58
2017-11-30,P367,4,96,231.58
2017-12-31,P367,4,80,231.58
2017-01-31,P368,3,60,262.4
2017-02-28,P368,3,69,262.4
2017-03-31,P368,3,74,262.4
2017-04-30,P368,3,66,262.4
2017-05-31,P368,3,63,262.4
2017-06-30,P368,3,71,262.4
2017-07-31,P368,3,80,262.4
2017-08-31,P368,3,35,262.4
2017-09-30,P368,3,31,262.4
2017-10-31,P368,3,35,262.4
2017-11-30,P368,3,38,262.4
2017-12-31,P368,3,46,262.4
2017-01-31,P368,6,60,262.4
2017-02-28,P368,6,59,262.4
2017-03-31,P368,6,54,262.4
2017-04-30,P368,6,71,262.4
2017-05-31,P368,6,76,262.4
2017-06-30,P368,6,29,262.4
2017-07-31,P368,6,41,262.4
2017-08-31,P368,6,62,262.4
2017-09-30,P368,6,69,262.4
2017-10-31,P368,6,59,262.4
2017-11-30,P368,6,73,262.4
2017-12-31,P368,6,6,262.4
2017-01-31,P368,7,93,262.4
2017-02-28,P368,7,113,262.4
2017-03-31,P368,7,24,262.4
2017-04-30,P368,7,28,262.4
2017-05-31,P368,7,36,262.4
2017-06-30,P368,7,42,262.4
2017-07-31,P368,7,63,262.4
2017-08-31,P368,7,60,262.4
2017-09-30,P368,7,89,262.4
2017-10-31,P368,7,95,262.4
2017-11-30,P368,7,87,262.4
2017-12-31,P368,7,94,262.4
2017-01-31,P369,2,16,266.15
2017-02-28,P369,2,23,266.15
2017-03-31,P369,2,22,266.15
2017-04-30,P369,2,33,266.15
2017-05-31,P369,2,30,266.15
2017-06-30,P369,2,47,266.15
2017-07-31,P369,2,44,266.15
2017-08-31,P369,2,54,266.15
2017-09-30,P369,2,4,266.15
2017-10-31,P369,2,12,266.15
2017-11-30,P369,2,1,266.15
2017-12-31,P369,2,12,266.15
2017-01-31,P369,3,178,266.15
2017-02-28,P369,3,48,266.15
2017-03-31,P369,3,33,266.15
2017-04-30,P369,3,72,266.15
2017-05-31,P369,3,40,266.15
2017-06-30,P369,3,29,266.15
2017-07-31,P369,3,178,266.15
2017-08-31,P369,3,46,266.15
2017-09-30,P369,3,53,266.15
2017-10-31,P369,3,62,266.15
2017-11-30,P369,3,80,266.15
2017-12-31,P369,3,98,266.15
2017-01-31,P369,9,88,266.15
2017-02-28,P369,9,123,266.15
2017-03-31,P369,9,103,266.15
2017-04-30,P369,9,0,266.15
2017-05-31,P369,9,110,266.15
2017-06-30,P369,9,0,266.15
2017-07-31,P369,9,35,266.15
2017-08-31,P369,9,1,266.15
2017-09-30,P369,9,9,266.15
2017-10-31,P369,9,113,266.15
2017-11-30,P369,9,1,266.15
2017-12-31,P369,9,30,266.15
2017-01-31,P370,1,93,252.31
2017-02-28,P370,1,93,252.31
2017-03-31,P370,1,93,252.31
2017-04-30,P370,1,93,252.31
2017-05-31,P370,1,93,252.31
2017-06-30,P370,1,93,252.31
2017-07-31,P370,1,93,252.31
2017-08-31,P370,1,93,252.31
2017-09-30,P370,1,93,252.31
2017-10-31,P370,1,93,252.31
2017-11-30,P370,1,93,252.31
2017-12-31,P370,1,93,252.31
2017-01-31,P370,3,91,252.31
2017-02-28,P370,3,131,252.31
2017-03-31,P370,3,125,252.31
2017-04-30,P370,3,118,252.31
2017-05-31,P370,3,103,252.31
2017-06-30,P370,3,111,252.31
2017-07-31,P370,3,124,252.31
2017-08-31,P370,3,132,252.31
2017-09-30,P370,3,126,252.31
2017-10-31,P370,3,121,252.31
2017-11-30,P370,3,0,252.31
2017-12-31,P370,3,12,252.31
2017-01-31,P370,7,166,252.31
2017-02-28,P370,7,174,252.31
2017-03-31,P370,7,198,252.31
2017-04-30,P370,7,187,252.31
2017-05-31,P370,7,176,252.31
2017-06-30,P370,7,185,252.31
2017-07-31,P370,7,224,252.31
2017-08-31,P370,7,196,252.31
2017-09-30,P370,7,189,252.31
2017-10-31,P370,7,177,252.31
2017-11-30,P370,7,173,252.31
2017-12-31,P370,7,200,252.31
2017-01-31,P371,3,11,239.95
2017-02-28,P371,3,0,239.95
2017-03-31,P371,3,0,239.95
2017-04-30,P371,3,0,239.95
2017-05-31,P371,3,0,239.95
2017-06-30,P371,3,0,239.95
2017-07-31,P371,3,0,239.95
2017-08-31,P371,3,0,239.95
2017-09-30,P371,3,0,239.95
2017-10-31,P371,3,0,239.95
2017-11-30,P371,3,0,239.95
2017-12-31,P371,3,0,239.95
2017-01-31,P371,6,192,239.95
2017-02-28,P371,6,52,239.95
2017-03-31,P371,6,27,239.95
2017-04-30,P371,6,8,239.95
2017-05-31,P371,6,24,239.95
2017-06-30,P371,6,74,239.95
2017-07-31,P371,6,76,239.95
2017-08-31,P371,6,67,239.95
2017-09-30,P371,6,97,239.95
2017-10-31,P371,6,94,239.95
2017-11-30,P371,6,87,239.95
2017-12-31,P371,6,71,239.95
2017-01-31,P371,9,144,239.95
2017-02-28,P371,9,172,239.95
2017-03-31,P371,9,147,239.95
2017-04-30,P371,9,141,239.95
2017-05-31,P371,9,123,239.95
2017-06-30,P371,9,169,239.95
2017-07-31,P371,9,43,239.95
2017-08-31,P371,9,71,239.95
2017-09-30,P371,9,85,239.95
2017-10-31,P371,9,103,239.95
2017-11-30,P371,9,107,239.95
2017-12-31,P371,9,102,239.95
2017-01-31,P372,1,30,219.69
2017-02-28,P372,1,28,219.69
2017-03-31,P372,1,27,219.69
2017-04-30,P372,1,26,219.69
2017-05-31,P372,1,22,219.69
2017-06-30,P372,1,24,219.69
2017-07-31,P372,1,30,219.69
2017-08-31,P372,1,27,219.69
2017-09-30,P372,1,27,219.69
2017-10-31,P372,1,23,219.69
2017-11-30,P372,1,28,219.69
2017-12-31,P372,1,2,219.69
2017-01-31,P372,3,14,219.69
2017-02-28,P372,3,19,219.69
2017-03-31,P372,3,16,219.69
2017-04-30,P372,3,16,219.69
2017-05-31,P372,3,6,219.69
2017-06-30,P372,3,13,219.69
2017-07-31,P372,3,6,219.69
2017-08-31,P372,3,30,219.69
2017-09-30,P372,3,3,219.69
2017-10-31,P372,3,5,219.69
2017-11-30,P372,3,8,219.69
2017-12-31,P372,3,5,219.69
2017-01-31,P372,4,14,219.69
2017-02-28,P372,4,53,219.69
2017-03-31,P372,4,61,219.69
2017-04-30,P372,4,103,219.69
2017-05-31,P372,4,96,219.69
2017-06-30,P372,4,82,219.69
2017-07-31,P372,4,109,219.69
2017-08-31,P372,4,147,219.69
2017-09-30,P372,4,18,219.69
2017-10-31,P372,4,41,219.69
2017-11-30,P372,4,32,219.69
2017-12-31,P372,4,0,219.69
2017-01-31,P373,1,418,258.1
2017-02-28,P373,1,256,258.1
2017-03-31,P373,1,141,258.1
2017-04-30,P373,1,140,258.1
2017-05-31,P373,1,130,258.1
2017-06-30,P373,1,132,258.1
2017-07-31,P373,1,109,258.1
2017-08-31,P373,1,110,258.1
2017-09-30,P373,1,130,258.1
2017-10-31,P373,1,161,258.1
2017-11-30,P373,1,178,258.1
2017-12-31,P373,1,63,258.1
2017-01-31,P373,3,41,258.1
2017-02-28,P373,3,16,258.1
2017-03-31,P373,3,18,258.1
2017-04-30,P373,3,22,258.1
2017-05-31,P373,3,22,258.1
2017-06-30,P373,3,22,258.1
2017-07-31,P373,3,18,258.1
2017-08-31,P373,3,18,258.1
2017-09-30,P373,3,13,258.1
2017-10-31,P373,3,39,258.1
2017-11-30,P373,3,38,258.1
2017-12-31,P373,3,16,258.1
2017-01-31,P373,8,56,258.1
2017-02-28,P373,8,87,258.1
2017-03-31,P373,8,63,258.1
2017-04-30,P373,8,48,258.1
2017-05-31,P373,8,81,258.1
2017-06-30,P373,8,117,258.1
2017-07-31,P373,8,97,258.1
2017-08-31,P373,8,95,258.1
2017-09-30,P373,8,110,258.1
2017-10-31,P373,8,132,258.1
2017-11-30,P373,8,168,258.1
2017-12-31,P373,8,17,258.1
2017-01-31,P374,3,92,234.26
2017-02-28,P374,3,133,234.26
2017-03-31,P374,3,151,234.26
2017-04-30,P374,3,0,234.26
2017-05-31,P374,3,161,234.26
2017-06-30,P374,3,150,234.26
2017-07-31,P374,3,184,234.26
2017-08-31,P374,3,21,234.26
2017-09-30,P374,3,4,234.26
2017-10-31,P374,3,21,234.26
2017-11-30,P374,3,45,234.26
2017-12-31,P374,3,16,234.26
2017-01-31,P374,4,17,234.26
2017-02-28,P374,4,15,234.26
2017-03-31,P374,4,22,234.26
2017-04-30,P374,4,36,234.26
2017-05-31,P374,4,33,234.26
2017-06-30,P374,4,20,234.26
2017-07-31,P374,4,16,234.26
2017-08-31,P374,4,21,234.26
2017-09-30,P374,4,46,234.26
2017-10-31,P374,4,48,234.26
2017-11-30,P374,4,53,234.26
2017-12-31,P374,4,61,234.26
2017-01-31,P374,5,208,234.26
2017-02-28,P374,5,204,234.26
2017-03-31,P374,5,181,234.26
2017-04-30,P374,5,155,234.26
2017-05-31,P374,5,213,234.26
2017-06-30,P374,5,19,234.26
2017-07-31,P374,5,50,234.26
2017-08-31,P374,5,88,234.26
2017-09-30,P374,5,124,234.26
2017-10-31,P374,5,111,234.26
2017-11-30,P374,5,133,234.26
2017-12-31,P374,5,117,234.26
2017-01-31,P375,1,39,240.62
2017-02-28,P375,1,12,240.62
2017-03-31,P375,1,16,240.62
2017-04-30,P375,1,17,240.62
2017-05-31,P375,1,19,240.62
2017-06-30,P375,1,23,240.62
2017-07-31,P375,1,15,240.62
2017-08-31,P375,1,18,240.62
2017-09-30,P375,1,25,240.62
2017-10-31,P375,1,35,240.62
2017-11-30,P375,1,36,240.62
2017-12-31,P375,1,11,240.62
2017-01-31,P375,6,62,240.62
2017-02-28,P375,6,8,240.62
2017-03-31,P375,6,9,240.62
2017-04-30,P375,6,50,240.62
2017-05-31,P375,6,60,240.62
2017-06-30,P375,6,53,240.62
2017-07-31,P375,6,43,240.62
2017-08-31,P375,6,35,240.62
2017-09-30,P375,6,33,240.62
2017-10-31,P375,6,39,240.62
2017-11-30,P375,6,47,240.62
2017-12-31,P375,6,1,240.62
2017-01-31,P375,8,115,240.62
2017-02-28,P375,8,118,240.62
2017-03-31,P375,8,31,240.62
2017-04-30,P375,8,40,240.62
2017-05-31,P375,8,50,240.62
2017-06-30,P375,8,74,240.62
2017-07-31,P375,8,93,240.62
2017-08-31,P375,8,85,240.62
2017-09-30,P375,8,87,240.62
2017-10-31,P375,8,95,240.62
2017-11-30,P375,8,111,240.62
2017-12-31,P375,8,105,240.62
2017-01-31,P376,2,0,212.69
2017-02-28,P376,2,0,212.69
2017-03-31,P376,2,0,212.69
2017-04-30,P376,2,0,212.69
2017-05-31,P376,2,0,212.69
2017-06-30,P376,2,0,212.69
2017-07-31,P376,2,0,212.69
2017-08-31,P376,2,0,212.69
2017-09-30,P376,2,0,212.69
2017-10-31,P376,2,0,212.69
2017-11-30,P376,2,0,212.69
2017-12-31,P376,2,0,212.69
2017-01-31,P376,4,83,212.69
2017-02-28,P376,4,59,212.69
2017-03-31,P376,4,28,212.69
2017-04-30,P376,4,0,212.69
2017-05-31,P376,4,34,212.69
2017-06-30,P376,4,11,212.69
2017-07-31,P376,4,13,212.69
2017-08-31,P376,4,14,212.69
2017-09-30,P376,4,10,212.69
2017-10-31,P376,4,18,212.69
2017-11-30,P376,4,25,212.69
2017-12-31,P376,4,23,212.69
2017-01-31,P376,7,154,212.69
2017-02-28,P376,7,195,212.69
2017-03-31,P376,7,231,212.69
2017-04-30,P376,7,63,212.69
2017-05-31,P376,7,82,212.69
2017-06-30,P376,7,94,212.69
2017-07-31,P376,7,243,212.69
2017-08-31,P376,7,64,212.69
2017-09-30,P376,7,75,212.69
2017-10-31,P376,7,246,212.69
2017-11-30,P376,7,71,212.69
2017-12-31,P376,7,67,212.69
2017-01-31,P377,1,21,214.36
2017-02-28,P377,1,23,214.36
2017-03-31,P377,1,24,214.36
2017-04-30,P377,1,35,214.36
2017-05-31,P377,1,40,214.36
2017-06-30,P377,1,11,214.36
2017-07-31,P377,1,40,214.36
2017-08-31,P377,1,16,214.36
2017-09-30,P377,1,20,214.36
2017-10-31,P377,1,21,214.36
2017-11-30,P377,1,23,214.36
2017-12-31,P377,1,23,214.36
2017-01-31,P377,3,101,214.36
2017-02-28,P377,3,30,214.36
2017-03-31,P377,3,18,214.36
2017-04-30,P377,3,19,214.36
2017-05-31,P377,3,96,214.36
2017-06-30,P377,3,91,214.36
2017-07-31,P377,3,83,214.36
2017-08-31,P377,3,79,214.36
2017-09-30,P377,3,81,214.36
2017-10-31,P377,3,67,214.36
2017-11-30,P377,3,98,214.36
2017-12-31,P377,3,19,214.36
2017-01-31,P377,9,69,214.36
2017-02-28,P377,9,69,214.36
2017-03-31,P377,9,69,214.36
2017-04-30,P377,9,69,214.36
2017-05-31,P377,9,69,214.36
2017-06-30,P377,9,69,214.36
2017-07-31,P377,9,69,214.36
2017-08-31,P377,9,69,214.36
2017-09-30,P377,9,69,214.36
2017-10-31,P377,9,69,214.36
2017-11-30,P377,9,69,214.36
2017-12-31,P377,9,69,214.36
2017-01-31,P378,2,64,223.92
2017-02-28,P378,2,77,223.92
2017-03-31,P378,2,73,223.92
2017-04-30,P378,2,67,223.92
2017-05-31,P378,2,72,223.92
2017-06-30,P378,2,64,223.92
2017-07-31,P378,2,80,223.92
2017-08-31,P378,2,25,223.92
2017-09-30,P378,2,15,223.92
2017-10-31,P378,2,25,223.92
2017-11-30,P378,2,14,223.92
2017-12-31,P378,2,33,223.92
2017-01-31,P378,4,8,223.92
2017-02-28,P378,4,15,223.92
2017-03-31,P378,4,16,223.92
2017-04-30,P378,4,13,223.92
2017-05-31,P378,4,16,223.92
2017-06-30,P378,4,18,223.92
2017-07-31,P378,4,31,223.92
2017-08-31,P378,4,27,223.92
2017-09-30,P378,4,0,223.92
2017-10-31,P378,4,29,223.92
2017-11-30,P378,4,0,223.92
2017-12-31,P378,4,4,223.92
2017-01-31,P378,6,228,223.92
2017-02-28,P378,6,87,223.92
2017-03-31,P378,6,90,223.92
2017-04-30,P378,6,153,223.92
2017-05-31,P378,6,135,223.92
2017-06-30,P378,6,122,223.92
2017-07-31,P378,6,154,223.92
2017-08-31,P378,6,138,223.92
2017-09-30,P378,6,149,223.92
2017-10-31,P378,6,155,223.92
2017-11-30,P378,6,130,223.92
2017-12-31,P378,6,128,223.92
2017-01-31,P379,5,0,207.08
2017-02-28,P379,5,0,207.08
2017-03-31,P379,5,0,207.08
2017-04-30,P379,5,0,207.08
2017-05-31,P379,5,0,207.08
2017-06-30,P379,5,0,207.08
2017-07-31,P379,5,0,207.08
2017-08-31,P379,5,0,207.08
2017-09-30,P379,5,0,207.08
2017-10-31,P379,5,0,207.08
2017-11-30,P379,5,0,207.08
2017-12-31,P379,5,0,207.08
2017-01-31,P379,6,148,207.08
2017-02-28,P379,6,91,207.08
2017-03-31,P379,6,25,207.08
2017-04-30,P379,6,28,207.08
2017-05-31,P379,6,24,207.08
2017-06-30,P379,6,30,207.08
2017-07-31,P379,6,35,207.08
2017-08-31,P379,6,30,207.08
2017-09-30,P379,6,34,207.08
2017-10-31,P379,6,37,207.08
2017-11-30,P379,6,45,207.08
2017-12-31,P379,6,37,207.08
2017-01-31,P379,9,110,207.08
2017-02-28,P379,9,107,207.08
2017-03-31,P379,9,117,207.08
2017-04-30,P379,9,147,207.08
2017-05-31,P379,9,145,207.08
2017-06-30,P379,9,161,207.08
2017-07-31,P379,9,137,207.08
2017-08-31,P379,9,118,207.08
2017-09-30,P379,9,120,207.08
2017-10-31,P379,9,126,207.08
2017-11-30,P379,9,143,207.08
2017-12-31,P379,9,154,207.08
2017-01-31,P380,4,41,227.48
2017-02-28,P380,4,45,227.48
2017-03-31,P380,4,53,227.48
2017-04-30,P380,4,55,227.48
2017-05-31,P380,4,44,227.48
2017-06-30,P380,4,57,227.48
2017-07-31,P380,4,119,227.48
2017-08-31,P380,4,112,227.48
2017-09-30,P380,4,94,227.48
2017-10-31,P380,4,61,227.48
2017-11-30,P380,4,64,227.48
2017-12-31,P380,4,78,227.48
2017-01-31,P380,6,263,227.48
2017-02-28,P380,6,158,227.48
2017-03-31,P380,6,46,227.48
2017-04-30,P380,6,55,227.48
2017-05-31,P380,6,52,227.48
2017-06-30,P380,6,59,227.48
2017-07-31,P380,6,71,227.48
2017-08-31,P380,6,92,227.48
2017-09-30,P380,6,103,227.48
2017-10-31,P380,6,127,227.48
2017-11-30,P380,6,17,227.48
2017-12-31,P380,6,38,227.48
2017-01-31,P380,7,65,227.48
2017-02-28,P380,7,37,227.48
2017-03-31,P380,7,6,227.48
2017-04-30,P380,7,11,227.48
2017-05-31,P380,7,10,227.48
2017-06-30,P380,7,20,227.48
2017-07-31,P380,7,24,227.48
2017-08-31,P380,7,18,227.48
2017-09-30,P380,7,20,227.48
2017-10-31,P380,7,23,227.48
2017-11-30,P380,7,27,227.48
2017-12-31,P380,7,23,227.48
2017-01-31,P381,3,129,2313.07
2017-02-28,P381,3,134,2313.07
2017-03-31,P381,3,129,2313.07
2017-04-30,P381,3,172,2313.07
2017-05-31,P381,3,183,2313.07
2017-06-30,P381,3,192,2313.07
2017-07-31,P381,3,194,2313.07
2017-08-31,P381,3,16,2313.07
2017-09-30,P381,3,16,2313.07
2017-10-31,P381,3,31,2313.07
2017-11-30,P381,3,61,2313.07
2017-12-31,P381,3,47,2313.07
2017-01-31,P381,4,109,2313.07
2017-02-28,P381,4,163,2313.07
2017-03-31,P381,4,59,2313.07
2017-04-30,P381,4,89,2313.07
2017-05-31,P381,4,117,2313.07
2017-06-30,P381,4,107,2313.07
2017-07-31,P381,4,117,2313.07
2017-08-31,P381,4,126,2313.07
2017-09-30,P381,4,128,2313.07
2017-10-31,P381,4,130,2313.07
2017-11-30,P381,4,153,2313.07
2017-12-31,P381,4,11,2313.07
2017-01-31,P381,7,123,2313.07
2017-02-28,P381,7,114,2313.07
2017-03-31,P381,7,98,2313.07
2017-04-30,P381,7,97,2313.07
2017-05-31,P381,7,121,2313.07
2017-06-30,P381,7,113,2313.07
2017-07-31,P381,7,95,2313.07
2017-08-31,P381,7,95,2313.07
2017-09-30,P381,7,104,2313.07
2017-10-31,P381,7,87,2313.07
2017-11-30,P381,7,78,2313.07
2017-12-31,P381,7,103,2313.07
2017-01-31,P382,5,46,2128.67
2017-02-28,P382,5,45,2128.67
2017-03-31,P382,5,42,2128.67
2017-04-30,P382,5,34,2128.67
2017-05-31,P382,5,29,2128.67
2017-06-30,P382,5,35,2128.67
2017-07-31,P382,5,78,2128.67
2017-08-31,P382,5,20,2128.67
2017-09-30,P382,5,35,2128.67
2017-10-31,P382,5,36,2128.67
2017-11-30,P382,5,21,2128.67
2017-12-31,P382,5,24,2128.67
2017-01-31,P382,6,26,2128.67
2017-02-28,P382,6,32,2128.67
2017-03-31,P382,6,34,2128.67
2017-04-30,P382,6,19,2128.67
2017-05-31,P382,6,110,2128.67
2017-06-30,P382,6,18,2128.67
2017-07-31,P382,6,108,2128.67
2017-08-31,P382,6,100,2128.67
2017-09-30,P382,6,11,2128.67
2017-10-31,P382,6,103,2128.67
2017-11-30,P382,6,23,2128.67
2017-12-31,P382,6,28,2128.67
2017-01-31,P382,8,0,2128.67
2017-02-28,P382,8,0,2128.67
2017-03-31,P382,8,0,2128.67
2017-04-30,P382,8,0,2128.67
2017-05-31,P382,8,0,2128.67
2017-06-30,P382,8,0,2128.67
2017-07-31,P382,8,0,2128.67
2017-08-31,P382,8,0,2128.67
2017-09-30,P382,8,0,2128.67
2017-10-31,P382,8,0,2128.67
2017-11-30,P382,8,0,2128.67
2017-12-31,P382,8,0,2128.67
2017-01-31,P383,4,31,1740.31
2017-02-28,P383,4,38,1740.31
2017-03-31,P383,4,34,1740.31
2017-04-30,P383,4,35,1740.31
2017-05-31,P383,4,35,1740.31
2017-06-30,P383,4,35,1740.31
2017-07-31,P383,4,34,1740.31
2017-08-31,P383,4,30,1740.31
2017-09-30,P383,4,31,1740.31
2017-10-31,P383,4,37,1740.31
2017-11-30,P383,4,14,1740.31
2017-12-31,P383,4,9,1740.31
2017-01-31,P383,6,167,1740.31
2017-02-28,P383,6,196,1740.31
2017-03-31,P383,6,44,1740.31
2017-04-30,P383,6,28,1740.31
2017-05-31,P383,6,193,1740.31
2017-06-30,P383,6,0,1740.31
2017-07-31,P383,6,203,1740.31
2017-08-31,P383,6,173,1740.31
2017-09-30,P383,6,190,1740.31
2017-10-31,P383,6,195,1740.31
2017-11-30,P383,6,179,1740.31
2017-12-31,P383,6,174,1740.31
2017-01-31,P383,9,129,1740.31
2017-02-28,P383,9,78,1740.31
2017-03-31,P383,9,12,1740.31
2017-04-30,P383,9,5,1740.31
2017-05-31,P383,9,62,1740.31
2017-06-30,P383,9,56,1740.31
2017-07-31,P383,9,66,1740.31
2017-08-31,P383,9,1,1740.31
2017-09-30,P383,9,11,1740.31
2017-10-31,P383,9,20,1740.31
2017-11-30,P383,9,23,1740.31
2017-12-31,P383,9,24,1740.31
2017-01-31,P384,2,60,1602.21
2017-02-28,P384,2,62,1602.21
2017-03-31,P384,2,2,1602.21
2017-04-30,P384,2,13,1602.21
2017-05-31,P384,2,17,1602.21
2017-06-30,P384,2,11,1602.21
2017-07-31,P384,2,29,1602.21
2017-08-31,P384,2,32,1602.21
2017-09-30,P384,2,34,1602.21
2017-10-31,P384,2,39,1602.21
2017-11-30,P384,2,50,1602.21
2017-12-31,P384,2,51,1602.21
2017-01-31,P384,5,0,1602.21
2017-02-28,P384,5,0,1602.21
2017-03-31,P384,5,0,1602.21
2017-04-30,P384,5,0,1602.21
2017-05-31,P384,5,0,1602.21
2017-06-30,P384,5,0,1602.21
2017-07-31,P384,5,0,1602.21
2017-08-31,P384,5,0,1602.21
2017-09-30,P384,5,0,1602.21
2017-10-31,P384,5,0,1602.21
2017-11-30,P384,5,0,1602.21
2017-12-31,P384,5,0,1602.21
2017-01-31,P384,9,283,1602.21
2017-02-28,P384,9,159,1602.21
2017-03-31,P384,9,36,1602.21
2017-04-30,P384,9,41,1602.21
2017-05-31,P384,9,57,1602.21
2017-06-30,P384,9,53,1602.21
2017-07-31,P384,9,69,1602.21
2017-08-31,P384,9,81,1602.21
2017-09-30,P384,9,95,1602.21
2017-10-31,P384,9,99,1602.21
2017-11-30,P384,9,86,1602.21
2017-12-31,P384,9,105,1602.21
2017-01-31,P385,1,91,1715.91
2017-02-28,P385,1,91,1715.91
2017-03-31,P385,1,91,1715.91
2017-04-30,P385,1,91,1715.91
2017-05-31,P385,1,91,1715.91
2017-06-30,P385,1,91,1715.91
2017-07-31,P385,1,91,1715.91
2017-08-31,P385,1,91,1715.91
2017-09-30,P385,1,91,1715.91
2017-10-31,P385,1,91,1715.91
2017-11-30,P385,1,91,1715.91
2017-12-31,P385,1,91,1715.91
2017-01-31,P385,8,21,1715.91
2017-02-28,P385,8,39,1715.91
2017-03-31,P385,8,42,1715.91
2017-04-30,P385,8,35,1715.91
2017-05-31,P385,8,42,1715.91
2017-06-30,P385,8,47,1715.91
2017-07-31,P385,8,51,1715.91
2017-08-31,P385,8,48,1715.91
2017-09-30,P385,8,41,1715.91
2017-10-31,P385,8,52,1715.91
2017-11-30,P385,8,59,1715.91
2017-12-31,P385,8,49,1715.91
2017-01-31,P385,9,82,1715.91
2017-02-28,P385,9,53,1715.91
2017-03-31,P385,9,23,1715.91
2017-04-30,P385,9,25,1715.91
2017-05-31,P385,9,20,1715.91
2017-06-30,P385,9,31,1715.91
2017-07-31,P385,9,40,1715.91
2017-08-31,P385,9,38,1715.91
2017-09-30,P385,9,15,1715.91
2017-10-31,P385,9,11,1715.91
2017-11-30,P385,9,8,1715.91
2017-12-31,P385,9,18,1715.91
2017-01-31,P386,1,36,1328.03
2017-02-28,P386,1,42,1328.03
2017-03-31,P386,1,35,1328.03
2017-04-30,P386,1,10,1328.03
2017-05-31,P386,1,11,1328.03
2017-06-30,P386,1,11,1328.03
2017-07-31,P386,1,42,1328.03
2017-08-31,P386,1,11,1328.03
2017-09-30,P386,1,10,1328.03
2017-10-31,P386,1,40,1328.03
2017-11-30,P386,1,38,1328.03
2017-12-31,P386,1,8,1328.03
2017-01-31,P386,6,120,1328.03
2017-02-28,P386,6,68,1328.03
2017-03-31,P386,6,12,1328.03
2017-04-30,P386,6,31,1328.03
2017-05-31,P386,6,51,1328.03
2017-06-30,P386,6,1,1328.03
2017-07-31,P386,6,60,1328.03
2017-08-31,P386,6,2,1328.03
2017-09-30,P386,6,20,1328.03
2017-10-31,P386,6,17,1328.03
2017-11-30,P386,6,30,1328.03
2017-12-31,P386,6,37,1328.03
2017-01-31,P386,9,342,1328.03
2017-02-28,P386,9,201,1328.03
2017-03-31,P386,9,19,1328.03
2017-04-30,P386,9,13,1328.03
2017-05-31,P386,9,147,1328.03
2017-06-30,P386,9,0,1328.03
2017-07-31,P386,9,22,1328.03
2017-08-31,P386,9,11,1328.03
2017-09-30,P386,9,12,1328.03
2017-10-31,P386,9,145,1328.03
2017-11-30,P386,9,0,1328.03
2017-12-31,P386,9,0,1328.03
2017-01-31,P387,2,109,1268.42
2017-02-28,P387,2,131,1268.42
2017-03-31,P387,2,143,1268.42
2017-04-30,P387,2,0,1268.42
2017-05-31,P387,2,18,1268.42
2017-06-30,P387,2,37,1268.42
2017-07-31,P387,2,52,1268.42
2017-08-31,P387,2,67,1268.42
2017-09-30,P387,2,116,1268.42
2017-10-31,P387,2,135,1268.42
2017-11-30,P387,2,116,1268.42
2017-12-31,P387,2,98,1268.42
2017-01-31,P387,6,99,1268.42
2017-02-28,P387,6,144,1268.42
2017-03-31,P387,6,145,1268.42
2017-04-30,P387,6,135,1268.42
2017-05-31,P387,6,158,1268.42
2017-06-30,P387,6,12,1268.42
2017-07-31,P387,6,25,1268.42
2017-08-31,P387,6,61,1268.42
2017-09-30,P387,6,79,1268.42
2017-10-31,P387,6,103,1268.42
2017-11-30,P387,6,109,1268.42
2017-12-31,P387,6,91,1268.42
2017-01-31,P387,9,54,1268.42
2017-02-28,P387,9,52,1268.42
2017-03-31,P387,9,59,1268.42
2017-04-30,P387,9,56,1268.42
2017-05-31,P387,9,47,1268.42
2017-06-30,P387,9,47,1268.42
2017-07-31,P387,9,50,1268.42
2017-08-31,P387,9,57,1268.42
2017-09-30,P387,9,9,1268.42
2017-10-31,P387,9,67,1268.42
2017-11-30,P387,9,61,1268.42
2017-12-31,P387,9,4,1268.42
2017-01-31,P388,5,138,1237.04
2017-02-28,P388,5,157,1237.04
2017-03-31,P388,5,141,1237.04
2017-04-30,P388,5,34,1237.04
2017-05-31,P388,5,157,1237.04
2017-06-30,P388,5,55,1237.04
2017-07-31,P388,5,67,1237.04
2017-08-31,P388,5,74,1237.04
2017-09-30,P388,5,76,1237.04
2017-10-31,P388,5,84,1237.04
2017-11-30,P388,5,84,1237.04
2017-12-31,P388,5,76,1237.04
2017-01-31,P388,7,429,1237.04
2017-02-28,P388,7,259,1237.04
2017-03-31,P388,7,65,1237.04
2017-04-30,P388,7,76,1237.04
2017-05-31,P388,7,75,1237.04
2017-06-30,P388,7,103,1237.04
2017-07-31,P388,7,106,1237.04
2017-08-31,P388,7,167,1237.04
2017-09-30,P388,7,162,1237.04
2017-10-31,P388,7,195,1237.04
2017-11-30,P388,7,25,1237.04
2017-12-31,P388,7,47,1237.04
2017-01-31,P388,8,40,1237.04
2017-02-28,P388,8,40,1237.04
2017-03-31,P388,8,40,1237.04
2017-04-30,P388,8,40,1237.04
2017-05-31,P388,8,40,1237.04
2017-06-30,P388,8,40,1237.04
2017-07-31,P388,8,40,1237.04
2017-08-31,P388,8,40,1237.04
2017-09-30,P388,8,40,1237.04
2017-10-31,P388,8,40,1237.04
2017-11-30,P388,8,40,1237.04
2017-12-31,P388,8,40,1237.04
2017-01-31,P389,1,52,1343.84
2017-02-28,P389,1,39,1343.84
2017-03-31,P389,1,40,1343.84
2017-04-30,P389,1,30,1343.84
2017-05-31,P389,1,24,1343.84
2017-06-30,P389,1,33,1343.84
2017-07-31,P389,1,39,1343.84
2017-08-31,P389,1,40,1343.84
2017-09-30,P389,1,41,1343.84
2017-10-31,P389,1,39,1343.84
2017-11-30,P389,1,57,1343.84
2017-12-31,P389,1,58,1343.84
2017-01-31,P389,5,36,1343.84
2017-02-28,P389,5,0,1343.84
2017-03-31,P389,5,0,1343.84
2017-04-30,P389,5,0,1343.84
2017-05-31,P389,5,0,1343.84
2017-06-30,P389,5,0,1343.84
2017-07-31,P389,5,0,1343.84
2017-08-31,P389,5,0,1343.84
2017-09-30,P389,5,0,1343.84
2017-10-31,P389,5,0,1343.84
2017-11-30,P389,5,0,1343.84
2017-12-31,P389,5,0,1343.84
2017-01-31,P389,6,391,1343.84
2017-02-28,P389,6,255,1343.84
2017-03-31,P389,6,111,1343.84
2017-04-30,P389,6,142,1343.84
2017-05-31,P389,6,169,1343.84
2017-06-30,P389,6,163,1343.84
2017-07-31,P389,6,143,1343.84
2017-08-31,P389,6,114,1343.84
2017-09-30,P389,6,119,1343.84
2017-10-31,P389,6,143,1343.84
2017-11-30,P389,6,150,1343.84
2017-12-31,P389,6,140,1343.84
2017-01-31,P390,1,104,1129.39
2017-02-28,P390,1,107,1129.39
2017-03-31,P390,1,29,1129.39
2017-04-30,P390,1,39,1129.39
2017-05-31,P390,1,48,1129.39
2017-06-30,P390,1,50,1129.39
2017-07-31,P390,1,46,1129.39
2017-08-31,P390,1,46,1129.39
2017-09-30,P390,1,51,1129.39
2017-10-31,P390,1,68,1129.39
2017-11-30,P390,1,86,1129.39
2017-12-31,P390,1,11,1129.39
2017-01-31,P390,3,69,1129.39
2017-02-28,P390,3,19,1129.39
2017-03-31,P390,3,12,1129.39
2017-04-30,P390,3,18,1129.39
2017-05-31,P390,3,20,1129.39
2017-06-30,P390,3,16,1129.39
2017-07-31,P390,3,14,1129.39
2017-08-31,P390,3,25,1129.39
2017-09-30,P390,3,45,1129.39
2017-10-31,P390,3,55,1129.39
2017-11-30,P390,3,50,1129.39
2017-12-31,P390,3,61,1129.39
2017-01-31,P390,5,258,1129.39
2017-02-28,P390,5,151,1129.39
2017-03-31,P390,5,48,1129.39
2017-04-30,P390,5,56,1129.39
2017-05-31,P390,5,47,1129.39
2017-06-30,P390,5,38,1129.39
2017-07-31,P390,5,118,1129.39
2017-08-31,P390,5,104,1129.39
2017-09-30,P390,5,102,1129.39
2017-10-31,P390,5,110,1129.39
2017-11-30,P390,5,105,1129.39
2017-12-31,P390,5,96,1129.39
2017-01-31,P391,6,28,936.42
2017-02-28,P391,6,28,936.42
2017-03-31,P391,6,4,936.42
2017-04-30,P391,6,7,936.42
2017-05-31,P391,6,12,936.42
2017-06-30,P391,6,14,936.42
2017-07-31,P391,6,18,936.42
2017-08-31,P391,6,26,936.42
2017-09-30,P391,6,36,936.42
2017-10-31,P391,6,34,936.42
2017-11-30,P391,6,33,936.42
2017-12-31,P391,6,28,936.42
2017-01-31,P391,7,184,936.42
2017-02-28,P391,7,24,936.42
2017-03-31,P391,7,53,936.42
2017-04-30,P391,7,76,936.42
2017-05-31,P391,7,80,936.42
2017-06-30,P391,7,92,936.42
2017-07-31,P391,7,109,936.42
2017-08-31,P391,7,86,936.42
2017-09-30,P391,7,123,936.42
2017-10-31,P391,7,115,936.42
2017-11-30,P391,7,130,936.42
2017-12-31,P391,7,137,936.42
2017-01-31,P391,9,90,936.42
2017-02-28,P391,9,56,936.42
2017-03-31,P391,9,22,936.42
2017-04-30,P391,9,25,936.42
2017-05-31,P391,9,22,936.42
2017-06-30,P391,9,19,936.42
2017-07-31,P391,9,16,936.42
2017-08-31,P391,9,26,936.42
2017-09-30,P391,9,24,936.42
2017-10-31,P391,9,27,936.42
2017-11-30,P391,9,31,936.42
2017-12-31,P391,9,35,936.42
2017-01-31,P392,3,322,706.99
2017-02-28,P392,3,211,706.99
2017-03-31,P392,3,107,706.99
2017-04-30,P392,3,24,706.99
2017-05-31,P392,3,44,706.99
2017-06-30,P392,3,38,706.99
2017-07-31,P392,3,151,706.99
2017-08-31,P392,3,133,706.99
2017-09-30,P392,3,120,706.99
2017-10-31,P392,3,130,706.99
2017-11-30,P392,3,143,706.99
2017-12-31,P392,3,30,706.99
2017-01-31,P392,4,29,706.99
2017-02-28,P392,4,38,706.99
2017-03-31,P392,4,45,706.99
2017-04-30,P392,4,69,706.99
2017-05-31,P392,4,92,706.99
2017-06-30,P392,4,115,706.99
2017-07-31,P392,4,123,706.99
2017-08-31,P392,4,87,706.99
2017-09-30,P392,4,95,706.99
2017-10-31,P392,4,89,706.99
2017-11-30,P392,4,105,706.99
2017-12-31,P392,4,103,706.99
2017-01-31,P392,8,52,706.99
2017-02-28,P392,8,62,706.99
2017-03-31,P392,8,54,706.99
2017-04-30,P392,8,52,706.99
2017-05-31,P392,8,51,706.99
2017-06-30,P392,8,53,706.99
2017-07-31,P392,8,51,706.99
2017-08-31,P392,8,65,706.99
2017-09-30,P392,8,53,706.99
2017-10-31,P392,8,63,706.99
2017-11-30,P392,8,58,706.99
2017-12-31,P392,8,56,706.99
2017-01-31,P393,1,174,760.59
2017-02-28,P393,1,201,760.59
2017-03-31,P393,1,55,760.59
2017-04-30,P393,1,41,760.59
2017-05-31,P393,1,43,760.59
2017-06-30,P393,1,74,760.59
2017-07-31,P393,1,88,760.59
2017-08-31,P393,1,34,760.59
2017-09-30,P393,1,50,760.59
2017-10-31,P393,1,222,760.59
2017-11-30,P393,1,89,760.59
2017-12-31,P393,1,81,760.59
2017-01-31,P393,5,66,760.59
2017-02-28,P393,5,62,760.59
2017-03-31,P393,5,59,760.59
2017-04-30,P393,5,74,760.59
2017-05-31,P393,5,55,760.59
2017-06-30,P393,5,54,760.59
2017-07-31,P393,5,67,760.59
2017-08-31,P393,5,47,760.59
2017-09-30,P393,5,39,760.59
2017-10-31,P393,5,35,760.59
2017-11-30,P393,5,74,760.59
2017-12-31,P393,5,58,760.59
2017-01-31,P393,6,26,760.59
2017-02-28,P393,6,34,760.59
2017-03-31,P393,6,33,760.59
2017-04-30,P393,6,47,760.59
2017-05-31,P393,6,44,760.59
2017-06-30,P393,6,53,760.59
2017-07-31,P393,6,60,760.59
2017-08-31,P393,6,61,760.59
2017-09-30,P393,6,60,760.59
2017-10-31,P393,6,67,760.59
2017-11-30,P393,6,65,760.59
2017-12-31,P393,6,74,760.59
2017-01-31,P394,2,160,799.05
2017-02-28,P394,2,56,799.05
2017-03-31,P394,2,85,799.05
2017-04-30,P394,2,73,799.05
2017-05-31,P394,2,45,799.05
2017-06-30,P394,2,63,799.05
2017-07-31,P394,2,162,799.05
2017-08-31,P394,2,44,799.05
2017-09-30,P394,2,45,799.05
2017-10-31,P394,2,53,799.05
2017-11-30,P394,2,82,799.05
2017-12-31,P394,2,110,799.05
2017-01-31,P394,6,48,799.05
2017-02-28,P394,6,57,799.05
2017-03-31,P394,6,59,799.05
2017-04-30,P394,6,58,799.05
2017-05-31,P394,6,65,799.05
2017-06-30,P394,6,71,799.05
2017-07-31,P394,6,67,799.05
2017-08-31,P394,6,56,799.05
2017-09-30,P394,6,59,799.05
2017-10-31,P394,6,64,799.05
2017-11-30,P394,6,24,799.05
2017-12-31,P394,6,32,799.05
2017-01-31,P394,7,130,799.05
2017-02-28,P394,7,46,799.05
2017-03-31,P394,7,39,799.05
2017-04-30,P394,7,46,799.05
2017-05-31,P394,7,18,799.05
2017-06-30,P394,7,31,799.05
2017-07-31,P394,7,140,799.05
2017-08-31,P394,7,124,799.05
2017-09-30,P394,7,4,799.05
2017-10-31,P394,7,128,799.05
2017-11-30,P394,7,124,799.05
2017-12-31,P394,7,8,799.05
2017-01-31,P395,1,0,781.91
2017-02-28,P395,1,0,781.91
2017-03-31,P395,1,0,781.91
2017-04-30,P395,1,0,781.91
2017-05-31,P395,1,0,781.91
2017-06-30,P395,1,0,781.91
2017-07-31,P395,1,0,781.91
2017-08-31,P395,1,0,781.91
2017-09-30,P395,1,0,781.91
2017-10-31,P395,1,0,781.91
2017-11-30,P395,1,0,781.91
2017-12-31,P395,1,0,781.91
2017-01-31,P395,2,67,781.91
2017-02-28,P395,2,17,781.91
2017-03-31,P395,2,32,781.91
2017-04-30,P395,2,33,781.91
2017-05-31,P395,2,40,781.91
2017-06-30,P395,2,52,781.91
2017-07-31,P395,2,59,781.91
2017-08-31,P395,2,50,781.91
2017-09-30,P395,2,56,781.91
2017-10-31,P395,2,55,781.91
2017-11-30,P395,2,57,781.91
2017-12-31,P395,2,53,781.91
2017-01-31,P395,4,37,781.91
2017-02-28,P395,4,37,781.91
2017-03-31,P395,4,41,781.91
2017-04-30,P395,4,52,781.91
2017-05-31,P395,4,61,781.91
2017-06-30,P395,4,52,781.91
2017-07-31,P395,4,61,781.91
2017-08-31,P395,4,51,781.91
2017-09-30,P395,4,65,781.91
2017-10-31,P395,4,51,781.91
2017-11-30,P395,4,58,781.91
2017-12-31,P395,4,51,781.91
2017-01-31,P396,1,71,688.35
2017-02-28,P396,1,89,688.35
2017-03-31,P396,1,7,688.35
2017-04-30,P396,1,27,688.35
2017-05-31,P396,1,16,688.35
2017-06-30,P396,1,28,688.35
2017-07-31,P396,1,42,688.35
2017-08-31,P396,1,46,688.35
2017-09-30,P396,1,58,688.35
2017-10-31,P396,1,69,688.35
2017-11-30,P396,1,56,688.35
2017-12-31,P396,1,50,688.35
2017-01-31,P396,2,0,688.35
2017-02-28,P396,2,0,688.35
2017-03-31,P396,2,0,688.35
2017-04-30,P396,2,0,688.35
2017-05-31,P396,2,0,688.35
2017-06-30,P396,2,0,688.35
2017-07-31,P396,2,0,688.35
2017-08-31,P396,2,0,688.35
2017-09-30,P396,2,0,688.35
2017-10-31,P396,2,0,688.35
2017-11-30,P396,2,0,688.35
2017-12-31,P396,2,0,688.35
2017-01-31,P396,4,68,688.35
2017-02-28,P396,4,71,688.35
2017-03-31,P396,4,59,688.35
2017-04-30,P396,4,10,688.35
2017-05-31,P396,4,66,688.35
2017-06-30,P396,4,58,688.35
2017-07-31,P396,4,55,688.35
2017-08-31,P396,4,5,688.35
2017-09-30,P396,4,17,688.35
2017-10-31,P396,4,13,688.35
2017-11-30,P396,4,18,688.35
2017-12-31,P396,4,3,688.35
2017-01-31,P397,4,37,696.14
2017-02-28,P397,4,9,696.14
2017-03-31,P397,4,10,696.14
2017-04-30,P397,4,8,696.14
2017-05-31,P397,4,36,696.14
2017-06-30,P397,4,35,696.14
2017-07-31,P397,4,39,696.14
2017-08-31,P397,4,13,696.14
2017-09-30,P397,4,17,696.14
2017-10-31,P397,4,21,696.14
2017-11-30,P397,4,17,696.14
2017-12-31,P397,4,21,696.14
2017-01-31,P397,5,63,696.14
2017-02-28,P397,5,64,696.14
2017-03-31,P397,5,55,696.14
2017-04-30,P397,5,53,696.14
2017-05-31,P397,5,65,696.14
2017-06-30,P397,5,8,696.14
2017-07-31,P397,5,19,696.14
2017-08-31,P397,5,20,696.14
2017-09-30,P397,5,28,696.14
2017-10-31,P397,5,44,696.14
2017-11-30,P397,5,62,696.14
2017-12-31,P397,5,6,696.14
2017-01-31,P397,6,24,696.14
2017-02-28,P397,6,33,696.14
2017-03-31,P397,6,33,696.14
2017-04-30,P397,6,33,696.14
2017-05-31,P397,6,38,696.14
2017-06-30,P397,6,10,696.14
2017-07-31,P397,6,40,696.14
2017-08-31,P397,6,35,696.14
2017-09-30,P397,6,33,696.14
2017-10-31,P397,6,39,696.14
2017-11-30,P397,6,7,696.14
2017-12-31,P397,6,17,696.14
2017-01-31,P398,4,78,742.94
2017-02-28,P398,4,72,742.94
2017-03-31,P398,4,75,742.94
2017-04-30,P398,4,76,742.94
2017-05-31,P398,4,64,742.94
2017-06-30,P398,4,42,742.94
2017-07-31,P398,4,17,742.94
2017-08-31,P398,4,16,742.94
2017-09-30,P398,4,8,742.94
2017-10-31,P398,4,89,742.94
2017-11-30,P398,4,87,742.94
2017-12-31,P398,4,0,742.94
2017-01-31,P398,5,155,742.94
2017-02-28,P398,5,145,742.94
2017-03-31,P398,5,145,742.94
2017-04-30,P398,5,169,742.94
2017-05-31,P398,5,171,742.94
2017-06-30,P398,5,184,742.94
2017-07-31,P398,5,199,742.94
2017-08-31,P398,5,191,742.94
2017-09-30,P398,5,180,742.94
2017-10-31,P398,5,183,742.94
2017-11-30,P398,5,186,742.94
2017-12-31,P398,5,23,742.94
2017-01-31,P398,8,92,742.94
2017-02-28,P398,8,64,742.94
2017-03-31,P398,8,41,742.94
2017-04-30,P398,8,14,742.94
2017-05-31,P398,8,21,742.94
2017-06-30,P398,8,21,742.94
2017-07-31,P398,8,22,742.94
2017-08-31,P398,8,18,742.94
2017-09-30,P398,8,23,742.94
2017-10-31,P398,8,33,742.94
2017-11-30,P398,8,39,742.94
2017-12-31,P398,8,37,742.94
2017-01-31,P399,2,0,702.35
2017-02-28,P399,2,0,702.35
2017-03-31,P399,2,0,702.35
2017-04-30,P399,2,0,702.35
2017-05-31,P399,2,0,702.35
2017-06-30,P399,2,0,702.35
2017-07-31,P399,2,0,702.35
2017-08-31,P399,2,0,702.35
2017-09-30,P399,2,0,702.35
2017-10-31,P399,2,0,702.35
2017-11-30,P399,2,0,702.35
2017-12-31,P399,2,0,702.35
2017-01-31,P399,4,14,702.35
2017-02-28,P399,4,14,702.35
2017-03-31,P399,4,18,702.35
2017-04-30,P399,4,30,702.35
2017-05-31,P399,4,29,702.35
2017-06-30,P399,4,36,702.35
2017-07-31,P399,4,29,702.35
2017-08-31,P399,4,26,702.35
2017-09-30,P399,4,34,702.35
2017-10-31,P399,4,38,702.35
2017-11-30,P399,4,16,702.35
2017-12-31,P399,4,20,702.35
2017-01-31,P399,6,95,702.35
2017-02-28,P399,6,110,702.35
2017-03-31,P399,6,107,702.35
2017-04-30,P399,6,87,702.35
2017-05-31,P399,6,70,702.35
2017-06-30,P399,6,44,702.35
2017-07-31,P399,6,44,702.35
2017-08-31,P399,6,79,702.35
2017-09-30,P399,6,75,702.35
2017-10-31,P399,6,83,702.35
2017-11-30,P399,6,89,702.35
2017-12-31,P399,6,87,702.35
2017-01-31,P400,4,18,753.18
2017-02-28,P400,4,0,753.18
2017-03-31,P400,4,0,753.18
2017-04-30,P400,4,0,753.18
2017-05-31,P400,4,0,753.18
2017-06-30,P400,4,0,753.18
2017-07-31,P400,4,0,753.18
2017-08-31,P400,4,0,753.18
2017-09-30,P400,4,0,753.18
2017-10-31,P400,4,0,753.18
2017-11-30,P400,4,0,753.18
2017-12-31,P400,4,0,753.18
2017-01-31,P400,5,0,753.18
2017-02-28,P400,5,0,753.18
2017-03-31,P400,5,0,753.18
2017-04-30,P400,5,0,753.18
2017-05-31,P400,5,0,753.18
2017-06-30,P400,5,0,753.18
2017-07-31,P400,5,0,753.18
2017-08-31,P400,5,0,753.18
2017-09-30,P400,5,0,753.18
2017-10-31,P400,5,0,753.18
2017-11-30,P400,5,0,753.18
2017-12-31,P400,5,0,753.18
2017-01-31,P400,9,21,753.18
2017-02-28,P400,9,27,753.18
2017-03-31,P400,9,29,753.18
2017-04-30,P400,9,13,753.18
2017-05-31,P400,9,12,753.18
2017-06-30,P400,9,26,753.18
2017-07-31,P400,9,32,753.18
2017-08-31,P400,9,0,753.18
2017-09-30,P400,9,2,753.18
2017-10-31,P400,9,32,753.18
2017-11-30,P400,9,28,753.18
2017-12-31,P400,9,7,753.18
